id,party_id,name,codename,faction,danger,data,is_global,created_by,created_at,updated_at,foto_url
01db422a-8414-4ac3-a1ce-582110f9e503,,Steven Lang,Steven Lang,vilao,medio,"{""tags"":[{""texto"":""Coronel do Exército""},{""texto"":""Fanático""},{""texto"":""Líder do Projeto Fênix""},{""texto"":""Mente Transferida para Corpo Sentinel""},{""texto"":""Determinação Inabalável""},{""texto"":""Obsessão com Jean Grey""},{""texto"":""Dificuldade de Confiar nos Outros""},{""texto"":""Reflexos Aguçados""},{""texto"":""Tática e Estratégia""},{""texto"":""Treinamento de Combate""},{""texto"":""Culpa e Arrependimento""},{""texto"":""Limitações Humanas""},{""texto"":""Instinto de Sobrevivência""},{""texto"":""Resiliência Física e Mental""},{""texto"":""Perícia em Campo""},{""texto"":""Fama que Atrapalha""},{""texto"":""Responsabilidade que Pesa""},{""texto"":""Conhecido no Submundo Mutante""},{""texto"":""Mutante Experiente""}],""stats"":{""aura"":5,""corpo"":5,""mente"":6,""força"":5,""vontade"":7,""destreza"":5,""espírito"":5,""influência"":6,""inteligência"":7},""temas"":[{""nome"":""Cientista Anti-Mutante"",""poder"":[{""texto"":""Coronel do Exército""}],""fraqueza"":[{""texto"":""Fanático""}]},{""nome"":""2"",""poder"":[{""texto"":""Líder do Projeto Fênix""},{""texto"":""Mente Transferida para Corpo Sentinel""},{""texto"":""Determinação Inabalável""}],""fraqueza"":[{""texto"":""Obsessão com Jean Grey""},{""texto"":""Dificuldade de Confiar nos Outros""}]},{""nome"":""3"",""poder"":[{""texto"":""Reflexos Aguçados""},{""texto"":""Tática e Estratégia""},{""texto"":""Treinamento de Combate""}],""fraqueza"":[{""texto"":""Culpa e Arrependimento""},{""texto"":""Limitações Humanas""}]},{""nome"":""4"",""poder"":[{""texto"":""Instinto de Sobrevivência""},{""texto"":""Resiliência Física e Mental""},{""texto"":""Perícia em Campo""}],""fraqueza"":[{""texto"":""Fama que Atrapalha""},{""texto"":""Responsabilidade que Pesa""}]}],""descricao"":""Atributos no teto humano. A transferência de mente para corpo Sentinel (grau 4) torna-o ameaça física inesperada. A obsessão com Jean Grey (-2) é vulnerabilidade tátic — pode ser manipulado através dela. Coronel americano que liderou o Projeto Fênix para capturar Jean.\n---"",""iniciativa"":0}",true,,2026-04-09 01:20:42.164471+00,2026-07-13 16:50:57.438563+00,https://static.wikia.nocookie.net/marveldatabase/images/4/4c/Steven_Lang_%28Earth-89121%29_from_What_If...%3F_Vol_1_7_0001.jpg/revision/latest/scale-to-width-down/600?cb=20180706021602
023dc132-8767-46e9-ac03-ede951c8e656,,Estrela Polar,Jean‑Paul Beaubier,x-men,alto,"{""tags"":[{""grau"":5,""texto"":""Velocidade Supersónica""},{""grau"":4,""texto"":""Voo e Reflexos Sobre‑Humanos""},{""grau"":3,""texto"":""Gêmeo de Aurora""},{""grau"":3,""texto"":""Ex‑membro da Alfa Flight""},{""grau"":2,""texto"":""Orgulho Francês‑Canadense""}],""stats"":{""aura"":8,""corpo"":6,""mente"":7,""força"":5,""vontade"":8,""destreza"":10,""espírito"":8,""influência"":7,""inteligência"":7},""temas"":[{""nome"":""Velocista Supersónico"",""poder"":[{""grau"":5,""texto"":""Velocidade Supersónica""},{""grau"":4,""texto"":""Voo e Reflexos Sobre‑Humanos""}],""fraqueza"":[]},{""nome"":""Herança da Alfa Flight"",""poder"":[{""grau"":3,""texto"":""Gêmeo de Aurora""},{""grau"":3,""texto"":""Ex‑membro da Alfa Flight""}],""fraqueza"":[{""grau"":2,""texto"":""Orgulho Francês‑Canadense""}]}],""descricao"":""Jean‑Paul Beaubier, o Estrela Polar, é um dos mutantes mais rápidos do mundo – capaz de alcançar velocidades supersónicas em fracções de segundo. Antigo membro da Alfa Flight, trouxe a sua disciplina e orgulho para os X‑Men, onde co‑orienta o Esquadrão Alfa ao lado de Karma. A sua personalidade directa e por vezes arrogante esconde uma lealdade inabalável aos seus alunos."",""iniciativa"":30}",true,,2026-07-12 18:05:40.319941+00,2026-07-12 18:05:40.319941+00,
0278b1ab-844a-4a8e-bbe4-d0c3c4213e47,,Kestrel,John Wraith,vilao,medio,"{""tags"":[{""texto"":""Teletransporte de Curta Distância""},{""texto"":""Treinamento de Combate de Elite""},{""texto"":""Código de Honra Próprio""},{""texto"":""Tática e Estratégia""},{""texto"":""Treinamento de Combate""},{""texto"":""Culpa e Arrependimento""},{""texto"":""Limitações Humanas""},{""texto"":""Instinto de Sobrevivência""},{""texto"":""Resiliência Física e Mental""},{""texto"":""Perícia em Campo""},{""texto"":""Fama que Atrapalha""},{""texto"":""Responsabilidade que Pesa""},{""texto"":""Conhecido no Submundo Mutante""},{""texto"":""Mutante Experiente""},{""texto"":""Habilidade de Luta""}],""stats"":{""aura"":6,""corpo"":6,""mente"":6,""força"":5,""vontade"":7,""destreza"":8,""espírito"":6,""influência"":6,""inteligência"":6},""temas"":[{""nome"":""Voo"",""poder"":[{""texto"":""Teletransporte de Curta Distância""}],""fraqueza"":[]},{""nome"":""Agente Governamental"",""poder"":[{""texto"":""Treinamento de Combate de Elite""}],""fraqueza"":[]},{""nome"":""3"",""poder"":[{""texto"":""Código de Honra Próprio""},{""texto"":""Tática e Estratégia""},{""texto"":""Treinamento de Combate""}],""fraqueza"":[{""texto"":""Culpa e Arrependimento""},{""texto"":""Limitações Humanas""}]},{""nome"":""4"",""poder"":[{""texto"":""Instinto de Sobrevivência""},{""texto"":""Resiliência Física e Mental""},{""texto"":""Perícia em Campo""}],""fraqueza"":[{""texto"":""Fama que Atrapalha""},{""texto"":""Responsabilidade que Pesa""}]}],""descricao"":""DEX 8 e STR/BOD no pico humano — combatente de elite. O teletransporte grau 3 é de curta distância — tático, não estratégico. O treinamento grau 4 reflete décadas no Programa Arma X. O código de honra (grau 2) distingue Kestrel de simples mercenário. Africano-americano que trabalhou com Wolverine.\n---"",""iniciativa"":0}",true,,2026-04-09 01:20:42.164471+00,2026-07-13 16:50:57.438563+00,https://static.wikia.nocookie.net/marveldatabase/images/c/c5/Sybil_Tan_%28Zombie%29_%28Earth-78149%29_from_Marvel_Strike_Force_001.jpg/revision/latest/scale-to-width-down/600?cb=20251116221349
0370274b-1955-460f-8a34-1bc2947d9b4a,,Mister Sinister,Nathaniel Essex,vilao,extremo,"{""tags"":[{""texto"":""Gênio de Genética Mutante""},{""texto"":""Imortalidade e Regeneração""},{""texto"":""Clonagem e Manipulação Genética""},{""texto"":""Poderes Psiônicos e Telepatia Limitada""},{""texto"":""Obsessão com Linhagem Summers/Grey""},{""texto"":""Cópias Degeneram Geneticamente""},{""texto"":""Obsessão Científica Cega à Ética""},{""texto"":""Obsessão pela Linhagem Summers""},{""texto"":""Narcisismo e Dramalhão""},{""texto"":""Instinto de Sobrevivência""},{""texto"":""Resiliência Física e Mental""},{""texto"":""Perícia em Campo""},{""texto"":""Fama que Atrapalha""},{""texto"":""Responsabilidade que Pesa""},{""texto"":""Habilidade de Luta""},{""texto"":""Determinação Inabalável""},{""texto"":""Reflexos Aguçados""},{""texto"":""Passado que Assombra""},{""texto"":""Conflitos Internos""},{""texto"":""Manipulador Genético""},{""texto"":""Clonagem""},{""texto"":""Marotos""},{""texto"":""Obsessão Summers""},{""texto"":""Conhecido no Submundo Mutante""},{""texto"":""Mutante de Niveau Ômega ou Equivalente""},{""texto"":""Décadas de Experiência de Combate""},{""texto"":""Mestre Tático""},{""texto"":""Vontade Indomável""},{""texto"":""Rede de Contatos e Aliados""},{""texto"":""Ameaça Nível Global""}],""stats"":{""aura"":9,""corpo"":8,""mente"":11,""força"":8,""vontade"":12,""destreza"":6,""espírito"":10,""influência"":8,""inteligência"":15},""temas"":[{""nome"":""Geneticista Vitoriano"",""poder"":[{""texto"":""Gênio de Genética Mutante""},{""texto"":""Imortalidade e Regeneração""}],""fraqueza"":[]},{""nome"":""Clonagem Sem Limites"",""poder"":[{""texto"":""Clonagem e Manipulação Genética""},{""texto"":""Poderes Psiônicos e Telepatia Limitada""},{""texto"":""Obsessão com Linhagem Summers/Grey""}],""fraqueza"":[{""texto"":""Cópias Degeneram Geneticamente""}]},{""nome"":""Obsessão Summers-Grey"",""poder"":[{""texto"":""Obsessão Científica Cega à Ética""}],""fraqueza"":[{""texto"":""Obsessão pela Linhagem Summers""},{""texto"":""Narcisismo e Dramalhão""}]},{""nome"":""4"",""poder"":[{""texto"":""Instinto de Sobrevivência""},{""texto"":""Resiliência Física e Mental""},{""texto"":""Perícia em Campo""}],""fraqueza"":[{""texto"":""Fama que Atrapalha""},{""texto"":""Responsabilidade que Pesa""}]},{""nome"":""5"",""poder"":[{""texto"":""Habilidade de Luta""},{""texto"":""Determinação Inabalável""},{""texto"":""Reflexos Aguçados""}],""fraqueza"":[{""texto"":""Passado que Assombra""},{""texto"":""Conflitos Internos""}]}],""descricao"":""INT 15 — maior geneticista do planeta por margem enorme. VON 12 no limite humano. STR 8 e BOD 8 sobrehumanos por modificação de Apocalipse. O grau 6 em genética representa conhecimento que transcende séculos. A obsessão científica (-3) é o calcanhar de Aquiles: pode ser manipulado colocando descobertas científicas à frente de prudência.\n---"",""iniciativa"":0}",true,,2026-04-09 01:20:42.164471+00,2026-07-13 16:50:57.438563+00,https://static.wikia.nocookie.net/marveldatabase/images/9/91/Nathaniel_Essex_%28Original%29_%28Earth-616%29_from_Immortal_X-Men_Vol_1_8_001.jpg/revision/latest/scale-to-width-down/600?cb=20240124210148
03fa6148-f445-41fa-a3fc-92f058f39c41,,Dazzler,Alison Blaire,x-men,medio,"{""tags"":[{""texto"":""Transdução de Som em Luz""},{""texto"":""Laser de Luz Concentrado""},{""texto"":""Força Sonora como Disco de Ataque""},{""texto"":""Precisa de Fonte Sonora""},{""texto"":""Cantora e Performer""},{""texto"":""Reflexos Aguçados""},{""texto"":""Tática e Estratégia""},{""texto"":""Treinamento de Combate""},{""texto"":""Precisa de Fonte Sonora para o poder máximo""},{""texto"":""Limitações Humanas""},{""texto"":""Instinto de Sobrevivência""},{""texto"":""Resiliência Física e Mental""},{""texto"":""Perícia em Campo""},{""texto"":""Fama que Atrapalha""},{""texto"":""Responsabilidade que Pesa""},{""texto"":""Força Sonora como Disco""},{""texto"":""Membro dos X-Men""},{""texto"":""Mutante Experiente""}],""stats"":{""aura"":10,""corpo"":5,""mente"":7,""força"":4,""vontade"":7,""destreza"":7,""espírito"":8,""influência"":9,""inteligência"":6},""temas"":[{""nome"":""Luz e Som"",""poder"":[{""texto"":""Transdução de Som em Luz""},{""texto"":""Laser de Luz Concentrado""},{""texto"":""Força Sonora como Disco de Ataque""}],""fraqueza"":[{""texto"":""Precisa de Fonte Sonora""}]},{""nome"":""Estrela do Pop"",""poder"":[{""texto"":""Cantora e Performer""}],""fraqueza"":[]},{""nome"":""3"",""poder"":[{""texto"":""Reflexos Aguçados""},{""texto"":""Tática e Estratégia""},{""texto"":""Treinamento de Combate""}],""fraqueza"":[{""texto"":""Precisa de Fonte Sonora para o poder máximo""},{""texto"":""Limitações Humanas""}]},{""nome"":""4"",""poder"":[{""texto"":""Instinto de Sobrevivência""},{""texto"":""Resiliência Física e Mental""},{""texto"":""Perícia em Campo""}],""fraqueza"":[{""texto"":""Fama que Atrapalha""},{""texto"":""Responsabilidade que Pesa""}]}],""descricao"":""AUR 10 e INF 9 — carisma de estrela pop que se converte em arma. A transdução grau 4 aumenta com o volume ambiente — em show lotado ela é devastadoramente mais poderosa. A dependência de som (-2) é limitação tática real. Ex-disco queen que tentou manter vida normal. Usa patins no combate.\n---"",""iniciativa"":0}",true,,2026-04-09 01:20:42.164471+00,2026-07-13 16:50:57.438563+00,https://static.wikia.nocookie.net/marveldatabase/images/e/e0/Alison_Blaire_%28Earth-65%29_from_Spider-Gwen_Smash_Vol_1_2_Cover.jpg/revision/latest/scale-to-width-down/600?cb=20231213172532
051f5a75-5fbd-426e-842e-ef17976dd2eb,,Mira (Pinpoint),Pinpoint,x-men,medio,"{""tags"":[{""grau"":5,""texto"":""Localiza Assinaturas Energéticas""},{""grau"":4,""texto"":""Identifica Pontos Fracos""},{""grau"":3,""texto"":""Nunca se Perde (literalmente)""},{""grau"":3,""texto"":""Percepção Tática Aguçada""},{""grau"":4,""texto"":""Raciocínio Analítico e Frio""},{""grau"":3,""texto"":""Memória Espacial Perfeita""},{""grau"":3,""texto"":""Estrategista de Reconhecimento""},{""grau"":2,""texto"":""Indispensável em Missões""},{""grau"":2,""texto"":""Aluna do Instituto Xavier""},{""grau"":3,""texto"":""Arrogância pela Precisão""},{""grau"":2,""texto"":""Impaciência com os Menos Exatos""},{""grau"":2,""texto"":""Frágil em Combate Corpo a Corpo""},{""grau"":2,""texto"":""Inexperiente sob Fogo""}],""stats"":{""aura"":6,""corpo"":4,""mente"":8,""força"":3,""vontade"":7,""destreza"":8,""espírito"":6,""influência"":5,""inteligência"":9},""temas"":[{""nome"":""Precisão Absoluta"",""poder"":[{""grau"":5,""texto"":""Localiza Assinaturas Energéticas""},{""grau"":4,""texto"":""Identifica Pontos Fracos""},{""grau"":3,""texto"":""Nunca se Perde (literalmente)""},{""grau"":3,""texto"":""Percepção Tática Aguçada""}],""fraqueza"":[]},{""nome"":""Mente Metódica"",""poder"":[{""grau"":4,""texto"":""Raciocínio Analítico e Frio""},{""grau"":3,""texto"":""Memória Espacial Perfeita""},{""grau"":3,""texto"":""Estrategista de Reconhecimento""}],""fraqueza"":[]},{""nome"":""Valor de Batedora"",""poder"":[{""grau"":2,""texto"":""Indispensável em Missões""},{""grau"":2,""texto"":""Aluna do Instituto Xavier""}],""fraqueza"":[]},{""nome"":""Excesso de Confiança"",""poder"":[],""fraqueza"":[{""grau"":3,""texto"":""Arrogância pela Precisão""},{""grau"":2,""texto"":""Impaciência com os Menos Exatos""},{""grau"":2,""texto"":""Frágil em Combate Corpo a Corpo""},{""grau"":2,""texto"":""Inexperiente sob Fogo""}]}],""descricao"":""Mira possui um sentido de localização que vai além do geográfico – detecta assinaturas energéticas, pontos de tensão e vulnerabilidades em estruturas e pessoas. Extremamente focada, nunca erra um alvo. A sua precisão beira a arrogância, mas é inegavelmente valiosa em qualquer missão de reconhecimento."",""iniciativa"":24}",true,,2026-07-12 18:05:40.319941+00,2026-07-12 19:52:11.358358+00,
0726a7ac-7fd0-4d98-81a9-8e521442fa55,,Jubileu,Jubilation Lee,x-men,medio,"{""tags"":[{""texto"":""Plasmóides Pirocinéticos""},{""texto"":""Potencial Ômega Latente""},{""texto"":""Fama que Atrapalha""},{""texto"":""Protegida de Wolverine""},{""texto"":""Vampira (após M-Day)""},{""texto"":""Potencial Ômega Bloqueado""},{""texto"":""Instinto de Sobrevivência""},{""texto"":""Resiliência Física e Mental""},{""texto"":""Perícia em Campo""},{""texto"":""Potencial Ômega bloqueado por autoestima""},{""texto"":""Responsabilidade que Pesa""},{""texto"":""Vampira pós M-Day""},{""texto"":""Membro dos X-Men""},{""texto"":""Mutante Experiente""},{""texto"":""Treinamento de Combate""}],""stats"":{""aura"":8,""corpo"":4,""mente"":7,""força"":3,""vontade"":7,""destreza"":7,""espírito"":7,""influência"":7,""inteligência"":6},""temas"":[{""nome"":""Plasmóides"",""poder"":[{""texto"":""Plasmóides Pirocinéticos""},{""texto"":""Potencial Ômega Latente""}],""fraqueza"":[{""texto"":""Fama que Atrapalha""}]},{""nome"":""Filha de Wolverine"",""poder"":[{""texto"":""Protegida de Wolverine""}],""fraqueza"":[]},{""nome"":""Geração Perdida"",""poder"":[{""texto"":""Vampira (após M-Day)""}],""fraqueza"":[{""texto"":""Potencial Ômega Bloqueado""}]},{""nome"":""4"",""poder"":[{""texto"":""Instinto de Sobrevivência""},{""texto"":""Resiliência Física e Mental""},{""texto"":""Perícia em Campo""}],""fraqueza"":[{""texto"":""Potencial Ômega bloqueado por autoestima""},{""texto"":""Responsabilidade que Pesa""}]}],""descricao"":""Os fogos de artifício de plasma (grau 3) são o que ela usa normalmente — mas o potencial Ômega latente (grau 5) raramente aparece. A tag negativa -2 explica o gap. BOD 4 — fisicamente frágil sem os poderes. Após M-Day tornou-se vampira com poderes distintos. Mãe adotiva de Shogo.\n---"",""iniciativa"":0}",true,,2026-04-09 01:20:42.164471+00,2026-07-13 16:50:57.438563+00,https://static.wikia.nocookie.net/marveldatabase/images/1/1d/Jubilation_Lee_%28Earth-161%29_from_X-Men_Forever_Annual_Vol_1_1_001.jpg/revision/latest/scale-to-width-down/600?cb=20100427025728
0755d9a7-45d2-4133-9ea7-3b8cc3323ca2,,Dríade,Dryad,x-men,medio,"{""tags"":[{""grau"":5,""texto"":""Comunhão e Manipulação da Flora""},{""grau"":4,""texto"":""Fala com as Plantas""},{""grau"":3,""texto"":""Cresce Vegetação Instantânea""},{""grau"":3,""texto"":""Enredamento por Raízes e Cipós""},{""grau"":3,""texto"":""Serenidade de Floresta Antiga""},{""grau"":3,""texto"":""Ligação Espiritual com a Natureza""},{""grau"":2,""texto"":""Cuidado com os Vulneráveis""},{""grau"":2,""texto"":""Aluna do Instituto Xavier""},{""grau"":3,""texto"":""Teimosa e Imóvel quando Provocada""},{""grau"":2,""texto"":""Torna-se Espinhosa sob Estresse""},{""grau"":2,""texto"":""Depende de Ambiente com Vida""},{""grau"":2,""texto"":""Novata em Combate""}],""stats"":{""aura"":8,""corpo"":6,""mente"":7,""força"":5,""vontade"":8,""destreza"":6,""espírito"":9,""influência"":7,""inteligência"":7},""temas"":[{""nome"":""Voz da Floresta"",""poder"":[{""grau"":5,""texto"":""Comunhão e Manipulação da Flora""},{""grau"":4,""texto"":""Fala com as Plantas""},{""grau"":3,""texto"":""Cresce Vegetação Instantânea""},{""grau"":3,""texto"":""Enredamento por Raízes e Cipós""}],""fraqueza"":[]},{""nome"":""Raiz Profunda"",""poder"":[{""grau"":3,""texto"":""Serenidade de Floresta Antiga""},{""grau"":3,""texto"":""Ligação Espiritual com a Natureza""}],""fraqueza"":[]},{""nome"":""Guardiã Verde"",""poder"":[{""grau"":2,""texto"":""Cuidado com os Vulneráveis""},{""grau"":2,""texto"":""Aluna do Instituto Xavier""}],""fraqueza"":[]},{""nome"":""Teimosia de Carvalho"",""poder"":[],""fraqueza"":[{""grau"":3,""texto"":""Teimosa e Imóvel quando Provocada""},{""grau"":2,""texto"":""Torna-se Espinhosa sob Estresse""},{""grau"":2,""texto"":""Depende de Ambiente com Vida""},{""grau"":2,""texto"":""Novata em Combate""}]}],""descricao"":""Dríade é uma alma ligada à natureza – pode comunicar com plantas e fazê‑las crescer ou mover‑se ao seu comando. A sua serenidade é a de uma floresta antiga, mas, quando provocada, torna‑se espinhosa e imóvel como um carvalho. A sua teimosia é a sua força e a sua fraqueza."",""iniciativa"":20}",true,,2026-07-12 18:05:40.319941+00,2026-07-12 19:52:11.358358+00,
07718ca2-6fcb-4053-8c29-d95f456ee732,,Xenônio,Xenon,x-men,medio,"{""tags"":[{""grau"":4,""texto"":""Emissão de Gases e Energias Espectrais""},{""grau"":4,""texto"":""Cria Ilusões Gasosas""},{""grau"":3,""texto"":""Brilho Luminoso Desorientador""},{""grau"":3,""texto"":""Forma Gasosa Evasiva""},{""grau"":3,""texto"":""Carisma Volátil e Cintilante""},{""grau"":2,""texto"":""Criatividade Imprevisível""},{""grau"":2,""texto"":""Surge e Some sem Aviso""},{""grau"":2,""texto"":""Aluno do Instituto Xavier""},{""grau"":3,""texto"":""Humor Volátil (brilha e apaga)""},{""grau"":3,""texto"":""Dificuldade de se Fixar Física e Mentalmente""},{""grau"":2,""texto"":""Pouca Constância em Treino""},{""grau"":2,""texto"":""Inexperiente""}],""stats"":{""aura"":7,""corpo"":4,""mente"":7,""força"":3,""vontade"":6,""destreza"":6,""espírito"":6,""influência"":5,""inteligência"":8},""temas"":[{""nome"":""Gás Nobre"",""poder"":[{""grau"":4,""texto"":""Emissão de Gases e Energias Espectrais""},{""grau"":4,""texto"":""Cria Ilusões Gasosas""},{""grau"":3,""texto"":""Brilho Luminoso Desorientador""},{""grau"":3,""texto"":""Forma Gasosa Evasiva""}],""fraqueza"":[]},{""nome"":""Inconstância Nobre"",""poder"":[{""grau"":3,""texto"":""Carisma Volátil e Cintilante""},{""grau"":2,""texto"":""Criatividade Imprevisível""}],""fraqueza"":[]},{""nome"":""Presença Efêmera"",""poder"":[{""grau"":2,""texto"":""Surge e Some sem Aviso""},{""grau"":2,""texto"":""Aluno do Instituto Xavier""}],""fraqueza"":[]},{""nome"":""Instabilidade"",""poder"":[],""fraqueza"":[{""grau"":3,""texto"":""Humor Volátil (brilha e apaga)""},{""grau"":3,""texto"":""Dificuldade de se Fixar Física e Mentalmente""},{""grau"":2,""texto"":""Pouca Constância em Treino""},{""grau"":2,""texto"":""Inexperiente""}]}],""descricao"":""Xenônio manipula gases e energias espectrais, projectando luzes e ilusões que desorientam os inimigos. A sua personalidade é tão inconstante como os gases nobres – ora extrovertido e brilhante como néon, ora recolhido e quase invisível. Difícil de prender, seja em batalha ou numa conversa, é um amigo que surge e desaparece sem aviso."",""iniciativa"":19}",true,,2026-07-12 18:05:40.319941+00,2026-07-12 19:52:11.358358+00,
08a0fc50-24ca-454b-b5d1-a495c306ef3d,,Sentinela Mark I,Unidade Autônoma de Caça,vilao,medio,"{""tags"":[{""texto"":""Detector de Mutações DNA""},{""texto"":""Foguetes e Projéteis Anti-Mutante""},{""texto"":""Armadura Estrutural Reforçada""},{""texto"":""Limitado por Programação""},{""texto"":""Supressores de Mutação""},{""texto"":""Tática e Estratégia""},{""texto"":""Treinamento de Combate""},{""texto"":""Sem Criatividade""},{""texto"":""Sem Emoção ou Adaptação""},{""texto"":""Instinto de Sobrevivência""},{""texto"":""Resiliência Física e Mental""},{""texto"":""Perícia em Campo""},{""texto"":""Fama que Atrapalha""},{""texto"":""Responsabilidade que Pesa""},{""texto"":""Conhecido no Submundo Mutante""},{""texto"":""Mutante Experiente""}],""stats"":{""corpo"":13,""mente"":3,""força"":12,""destreza"":5,""inteligência"":4},""temas"":[{""nome"":""Caçador de Mutantes"",""poder"":[{""texto"":""Detector de Mutações DNA""},{""texto"":""Foguetes e Projéteis Anti-Mutante""}],""fraqueza"":[]},{""nome"":""Máquina sem Piedada"",""poder"":[{""texto"":""Armadura Estrutural Reforçada""}],""fraqueza"":[{""texto"":""Limitado por Programação""}]},{""nome"":""3"",""poder"":[{""texto"":""Supressores de Mutação""},{""texto"":""Tática e Estratégia""},{""texto"":""Treinamento de Combate""}],""fraqueza"":[{""texto"":""Sem Criatividade""},{""texto"":""Sem Emoção ou Adaptação""}]},{""nome"":""4"",""poder"":[{""texto"":""Instinto de Sobrevivência""},{""texto"":""Resiliência Física e Mental""},{""texto"":""Perícia em Campo""}],""fraqueza"":[{""texto"":""Fama que Atrapalha""},{""texto"":""Responsabilidade que Pesa""}]}],""descricao"":""Versão melhorada com STR 12 e BOD 13. Mesmas fraquezas táticas: protocolos previsíveis. Robôs caça-mutante criados por Bolivar Trask. Perigosos em massa, vulneráveis a oponentes que entendem seus padrões.\n---"",""iniciativa"":0}",true,,2026-04-09 01:20:42.164471+00,2026-07-13 16:50:57.438563+00,https://static.wikia.nocookie.net/marveldatabase/images/0/0b/X-Men_Gold_Vol_2_6_Textless.jpg/revision/latest/scale-to-width-down/600?cb=20170321173008
0942cdba-849a-42f0-97b9-1f259ca693f8,,Armor,Hisako Ichiki,novatos,medio,"{""tags"":[{""texto"":""Exoesqueleto Psiônico Ancestral""},{""texto"":""Resistência ao Dano Físico Dentro da Armadura""},{""texto"":""Insegurança sobre o Poder""},{""texto"":""Força Amplificada na Armadura""},{""texto"":""Conectada aos Ancestrais""},{""texto"":""Potencial Crescente""},{""texto"":""Culpa e Arrependimento""},{""texto"":""Limitações Humanas""},{""texto"":""Instinto de Sobrevivência""},{""texto"":""Resiliência Física e Mental""},{""texto"":""Perícia em Campo""},{""texto"":""Fama que Atrapalha""},{""texto"":""Responsabilidade que Pesa""},{""texto"":""Armadura Psíquica""},{""texto"":""Determinação""},{""texto"":""Insegurança""},{""texto"":""Membro dos Novos Mutantes""},{""texto"":""Mutante Experiente""},{""texto"":""Treinamento de Combate""}],""stats"":{""aura"":8,""corpo"":5,""mente"":8,""força"":5,""vontade"":8,""destreza"":7,""espírito"":8,""influência"":7,""inteligência"":7},""temas"":[{""nome"":""Armadura Psíquica"",""poder"":[{""texto"":""Exoesqueleto Psiônico Ancestral""}],""fraqueza"":[]},{""nome"":""Kami-Sama"",""poder"":[{""texto"":""Resistência ao Dano Físico Dentro da Armadura""}],""fraqueza"":[{""texto"":""Insegurança sobre o Poder""}]},{""nome"":""3"",""poder"":[{""texto"":""Força Amplificada na Armadura""},{""texto"":""Conectada aos Ancestrais""},{""texto"":""Potencial Crescente""}],""fraqueza"":[{""texto"":""Culpa e Arrependimento""},{""texto"":""Limitações Humanas""}]},{""nome"":""4"",""poder"":[{""texto"":""Instinto de Sobrevivência""},{""texto"":""Resiliência Física e Mental""},{""texto"":""Perícia em Campo""}],""fraqueza"":[{""texto"":""Fama que Atrapalha""},{""texto"":""Responsabilidade que Pesa""}]}],""descricao"":""O exoesqueleto grau 4 cresce quanto mais ela precisa de proteção — feedback emocional. Dentro da armadura, resistência e força são amplificadas. A conexão ancestral (grau 3) é a fonte espiritual: os espíritos da família fornecem o poder. Estudante do Instituto que virou X-Man rapidamente sob o olho de Wolverine.\n---"",""iniciativa"":0}",true,,2026-04-09 01:20:42.164471+00,2026-07-13 16:50:57.438563+00,https://static.wikia.nocookie.net/marveldatabase/images/1/11/Hisako_Ichiki_%28Earth-138%29_from_Spider-Punk_Vol_1_3_001.jpg/revision/latest/scale-to-width-down/600?cb=20220715093743
09571e7e-41d2-4c64-8a19-14a5c2bfccbe,,Três‑em‑Uma (Stepford Cuckoos),"Celeste, Mindee, Phoebe",x-men,alto,"{""tags"":[{""grau"":6,""texto"":""Mente de Colmeia Telepática""},{""grau"":5,""texto"":""Telepatia de Nível Ômega em Conjunto""},{""grau"":4,""texto"":""Ilusões e Ataques Psíquicos""},{""grau"":4,""texto"":""Controle Mental Coordenado""},{""grau"":3,""texto"":""Leitura Simultânea de Muitas Mentes""},{""grau"":4,""texto"":""Forma de Diamante (como Emma)""},{""grau"":3,""texto"":""Elegância Fria e Calculista""},{""grau"":3,""texto"":""Filhas/Clones de Emma Frost""},{""grau"":3,""texto"":""Completam as Frases umas das Outras""},{""grau"":3,""texto"":""Falam como uma Só Voz""},{""grau"":2,""texto"":""Alunas de Elite do Instituto""},{""grau"":4,""texto"":""Luto pelas Irmãs Perdidas (Sophie e Esme)""},{""grau"":3,""texto"":""Arrogância que Afasta""},{""grau"":3,""texto"":""Elo Enfraquece se Separadas""},{""grau"":2,""texto"":""Frieza Emocional""},{""grau"":3,""texto"":""Confiança Intelectual Imensa""},{""grau"":2,""texto"":""Desprezo pelos Inferiores""}],""stats"":{""aura"":10,""corpo"":5,""mente"":12,""força"":4,""vontade"":9,""destreza"":6,""espírito"":9,""influência"":8,""inteligência"":9},""temas"":[{""nome"":""Mente de Colmeia"",""poder"":[{""grau"":6,""texto"":""Mente de Colmeia Telepática""},{""grau"":5,""texto"":""Telepatia de Nível Ômega em Conjunto""},{""grau"":4,""texto"":""Ilusões e Ataques Psíquicos""},{""grau"":4,""texto"":""Controle Mental Coordenado""},{""grau"":3,""texto"":""Leitura Simultânea de Muitas Mentes""}],""fraqueza"":[]},{""nome"":""Diamante Herdado"",""poder"":[{""grau"":4,""texto"":""Forma de Diamante (como Emma)""},{""grau"":3,""texto"":""Elegância Fria e Calculista""},{""grau"":3,""texto"":""Filhas/Clones de Emma Frost""}],""fraqueza"":[]},{""nome"":""Trio Inseparável"",""poder"":[{""grau"":3,""texto"":""Completam as Frases umas das Outras""},{""grau"":3,""texto"":""Falam como uma Só Voz""},{""grau"":2,""texto"":""Alunas de Elite do Instituto""}],""fraqueza"":[]},{""nome"":""Coração Partido"",""poder"":[],""fraqueza"":[{""grau"":4,""texto"":""Luto pelas Irmãs Perdidas (Sophie e Esme)""},{""grau"":3,""texto"":""Arrogância que Afasta""},{""grau"":3,""texto"":""Elo Enfraquece se Separadas""},{""grau"":2,""texto"":""Frieza Emocional""}]},{""nome"":""Superioridade"",""poder"":[{""grau"":3,""texto"":""Confiança Intelectual Imensa""}],""fraqueza"":[{""grau"":2,""texto"":""Desprezo pelos Inferiores""}]}],""descricao"":""As trigémeas Stepford Cuckoos – Celeste, Mindee e Phoebe – partilham uma mente de colmeia telepática que as torna uma das mais poderosas telepatas do planeta quando unidas. Loiras, frias e calculistas, falam como uma só voz e tratam os outros com uma elegância arrogante. A perda de uma delas pode quebrar o elo, mas, juntas, são uma força inabalável."",""iniciativa"":26}",true,,2026-07-12 18:05:40.319941+00,2026-07-12 19:52:11.358358+00,
0eb5d2b1-bf0a-472a-8419-d4e59cc7e2ca,,Henry Gyrich,Henry Peter Gyrich,humano,baixo,"{""tags"":[{""texto"":""Funcionário Governamental de Alto Escalão""},{""texto"":""Preconceito""},{""texto"":""Burocracia como Arma""},{""texto"":""Anti-Mutante Pragmático""},{""texto"":""Determinação Inabalável""},{""texto"":""Sem Poderes""},{""texto"":""Dificuldade de Confiar nos Outros""},{""texto"":""Humano com Acesso a Alto Escalão""},{""texto"":""Mutante de Nível Baixo""}],""stats"":{""aura"":6,""corpo"":4,""mente"":7,""força"":3,""vontade"":8,""destreza"":3,""espírito"":6,""influência"":7,""inteligência"":7},""temas"":[{""nome"":""Burocrata Anti-Mutante"",""poder"":[{""texto"":""Funcionário Governamental de Alto Escalão""}],""fraqueza"":[{""texto"":""Preconceito""}]},{""nome"":""2"",""poder"":[{""texto"":""Burocracia como Arma""},{""texto"":""Anti-Mutante Pragmático""},{""texto"":""Determinação Inabalável""}],""fraqueza"":[{""texto"":""Sem Poderes""},{""texto"":""Dificuldade de Confiar nos Outros""}]}],""descricao"":""INT 7 e VON 8 — testa o limite superior do humano comum. A burocracia como arma grau 4 — pode criar legislação anti-mutante e restringir operações dos X-Men com uma canetada. Anti-mutante pragmático (grau 3): não quer exterminar, quer controlar. Sem poderes (-2) — completamente irrelevante em combate físico. Parceiro histórico de Bolivar Trask.\n---"",""iniciativa"":0}",true,,2026-04-09 01:20:42.164471+00,2026-07-13 16:50:57.438563+00,https://static.wikia.nocookie.net/marveldatabase/images/7/75/Henry_Gyrich_%28Earth-295%29_from_Age_of_Apocalypse_Vol_1_2_001.jpg/revision/latest/scale-to-width-down/600?cb=20120520074536
10dcaf64-ec67-457e-a08b-b59408e4bef9,,Marrow,Sarah,morlock,medio,"{""tags"":[{""texto"":""Crescimento e Extração de Ossos como Armas""},{""texto"":""Ossos como Projéteis""},{""texto"":""Fator de Cura Moderado""},{""texto"":""Instabilidade Emocional""},{""texto"":""Dois Corações""},{""texto"":""Tática e Estratégia""},{""texto"":""Treinamento de Combate""},{""texto"":""Raiva Crônica""},{""texto"":""Impulsividade""},{""texto"":""Instinto de Sobrevivência""},{""texto"":""Resiliência Física e Mental""},{""texto"":""Perícia em Campo""},{""texto"":""Fama que Atrapalha""},{""texto"":""Responsabilidade que Pesa""},{""texto"":""Ossos como Armas""},{""texto"":""Raiva""},{""texto"":""Instabilidade""},{""texto"":""Membro dos Morlocks""},{""texto"":""Mutante Experiente""}],""stats"":{""aura"":6,""corpo"":7,""mente"":6,""força"":6,""vontade"":8,""destreza"":8,""espírito"":7,""influência"":4,""inteligência"":5},""temas"":[{""nome"":""Ossos Lancinantes"",""poder"":[{""texto"":""Crescimento e Extração de Ossos como Armas""},{""texto"":""Ossos como Projéteis""}],""fraqueza"":[]},{""nome"":""Raiva Subterrânea"",""poder"":[{""texto"":""Fator de Cura Moderado""}],""fraqueza"":[{""texto"":""Instabilidade Emocional""}]},{""nome"":""3"",""poder"":[{""texto"":""Dois Corações""},{""texto"":""Tática e Estratégia""},{""texto"":""Treinamento de Combate""}],""fraqueza"":[{""texto"":""Raiva Crônica""},{""texto"":""Impulsividade""}]},{""nome"":""4"",""poder"":[{""texto"":""Instinto de Sobrevivência""},{""texto"":""Resiliência Física e Mental""},{""texto"":""Perícia em Campo""}],""fraqueza"":[{""texto"":""Fama que Atrapalha""},{""texto"":""Responsabilidade que Pesa""}]}],""descricao"":""Os ossos grau 4 crescem continuamente — podem ser extraídos e usados como facas, lanças, projéteis. O fator de cura grau 3 é moderado, não como Logan. Os dois corações (grau 3) garantem sobrevivência extra. A raiva crônica (-3) é o custo emocional do Massacre dos Morlocks — a dor constante e o genocídio a tornaram violenta.\n---"",""iniciativa"":0}",true,,2026-04-09 01:20:42.164471+00,2026-07-13 16:50:57.438563+00,https://static.wikia.nocookie.net/marveldatabase/images/5/58/Marrow_%28Sarah%29_%28Earth-295%29_from_X-Men_Age_of_Apocalypse_Vol_1_2_001.jpg/revision/latest/scale-to-width-down/600?cb=20101221042427
11399d77-2406-42fe-b08e-9fd210846ee4,,Mirage,Dani Moonstar / Psyche,novatos,medio,"{""tags"":[{""texto"":""Manifestação de Medos e Desejos Profundos""},{""texto"":""Arco e Flecha""},{""texto"":""Perdeu Poderes pós M-Day""},{""texto"":""Passado que Assombra""},{""texto"":""Ligação Empática com Animais""},{""texto"":""Cheyenne""},{""texto"":""Ex-Valquíria""},{""texto"":""Instinto de Sobrevivência""},{""texto"":""Resiliência Física e Mental""},{""texto"":""Perícia em Campo""},{""texto"":""Perda de Poderes (pós-M-Day)""},{""texto"":""Responsabilidade que Pesa""},{""texto"":""Perda de Poderes pós M-Day""},{""texto"":""Membro dos Novos Mutantes""},{""texto"":""Mutante Experiente""},{""texto"":""Treinamento de Combate""}],""stats"":{""aura"":9,""corpo"":5,""mente"":9,""força"":4,""vontade"":9,""destreza"":7,""espírito"":10,""influência"":7,""inteligência"":8},""temas"":[{""nome"":""Tecer Medos"",""poder"":[{""texto"":""Manifestação de Medos e Desejos Profundos""},{""texto"":""Arco e Flecha""}],""fraqueza"":[{""texto"":""Perdeu Poderes pós M-Day""},{""texto"":""Passado que Assombra""}]},{""nome"":""Valquíria Cheyenne"",""poder"":[{""texto"":""Ligação Empática com Animais""},{""texto"":""Cheyenne""}],""fraqueza"":[]},{""nome"":""Laço com Animais"",""poder"":[{""texto"":""Ex-Valquíria""}],""fraqueza"":[]},{""nome"":""4"",""poder"":[{""texto"":""Instinto de Sobrevivência""},{""texto"":""Resiliência Física e Mental""},{""texto"":""Perícia em Campo""}],""fraqueza"":[{""texto"":""Perda de Poderes (pós-M-Day)""},{""texto"":""Responsabilidade que Pesa""}]}],""descricao"":""VON 9, MEN 9, ESP 10 — refletem profundidade espiritual e força psíquica. A manifestação de medos grau 4 parece arma, mas também cria conexões emocionais intensas. A ex-Valquíria grau 4 — poderes reais concedidos por Hela, não mais disponíveis. A perda de poderes (-2) representa crise de identidade em curso.\n---"",""iniciativa"":0}",true,,2026-04-09 01:20:42.164471+00,2026-07-13 16:50:57.438563+00,https://static.wikia.nocookie.net/marveldatabase/images/1/1e/Danielle_Moonstar_%28Earth-616%29_from_Uncanny_X-Men_Vol_5_21_001.png/revision/latest/scale-to-width-down/600?cb=20190718001414
129dbb6f-b89a-44bb-913c-bf0599e37713,,Lady Deathstrike,Yuriko Oyama,vilao,alto,"{""tags"":[{""texto"":""Garras de Adamantium""},{""texto"":""Cyborg de Adamantium""},{""texto"":""Fator de Cura Implantado""},{""texto"":""Obsessão por Wolverine""},{""texto"":""Combate Corpo-a-Corpo de Elite""},{""texto"":""Código de Honra Samurai""},{""texto"":""Treinamento de Combate""},{""texto"":""Obsessão com Wolverine""},{""texto"":""Limitações Humanas""},{""texto"":""Instinto de Sobrevivência""},{""texto"":""Resiliência Física e Mental""},{""texto"":""Perícia em Campo""},{""texto"":""Fama que Atrapalha""},{""texto"":""Responsabilidade que Pesa""},{""texto"":""Ninja Ciborgue""},{""texto"":""Conhecido no Submundo Mutante""},{""texto"":""Mutante de Elite""},{""texto"":""Veterano de Combate""},{""texto"":""Reflexos Aguçados""},{""texto"":""Resistência Mental Treinada""}],""stats"":{""aura"":7,""corpo"":9,""mente"":7,""força"":8,""vontade"":10,""destreza"":10,""espírito"":9,""influência"":6,""inteligência"":7},""temas"":[{""nome"":""Garras de Adamantium"",""poder"":[{""texto"":""Garras de Adamantium""},{""texto"":""Cyborg de Adamantium""}],""fraqueza"":[]},{""nome"":""Ninja Ciborgue"",""poder"":[{""texto"":""Fator de Cura Implantado""}],""fraqueza"":[{""texto"":""Obsessão por Wolverine""}]},{""nome"":""3"",""poder"":[{""texto"":""Combate Corpo-a-Corpo de Elite""},{""texto"":""Código de Honra Samurai""},{""texto"":""Treinamento de Combate""}],""fraqueza"":[{""texto"":""Obsessão com Wolverine""},{""texto"":""Limitações Humanas""}]},{""nome"":""4"",""poder"":[{""texto"":""Instinto de Sobrevivência""},{""texto"":""Resiliência Física e Mental""},{""texto"":""Perícia em Campo""}],""fraqueza"":[{""texto"":""Fama que Atrapalha""},{""texto"":""Responsabilidade que Pesa""}]}],""descricao"":""DEX 10 no pico absoluto humano — ninja de elite. STR 8 e BOD 9 sobrehumanos pelo revestimento de adamantium. VON 10 acima do pico — vontade de aço forjada por código samurai. As garras grau 5 rivalizam com Logan. A obsessão (-2) representa o ponto cego tático: pode ser manipulada através de Wolverine.\n---"",""iniciativa"":0}",true,,2026-04-09 01:20:42.164471+00,2026-07-13 16:50:57.438563+00,https://static.wikia.nocookie.net/marveldatabase/images/5/59/Ultimate_X-Men_Vol_1_60_Textless.jpg/revision/latest/scale-to-width-down/600?cb=20061203175453
16c919c6-fb64-4bed-8b44-0cb9009871f6,,Cannonball,Sam Guthrie,novatos,medio,"{""tags"":[{""texto"":""Propulsão Termoquímica""},{""texto"":""Invulnerabilidade em Voo""},{""texto"":""Imóvel Fora do Voo""},{""texto"":""Liderança Natural e Leal""},{""texto"":""Membro de Família Numerosa de Mutantes (Guthries)""},{""texto"":""Peso de Ser o Irmão Mais Velho""},{""texto"":""Instinto de Sobrevivência""},{""texto"":""Resiliência Física e Mental""},{""texto"":""Perícia em Campo""},{""texto"":""Sem controle da direção em alta velocidade""},{""texto"":""Responsabilidade que Pesa""},{""texto"":""Liderança Natural""},{""texto"":""Família Guthrie""},{""texto"":""Membro dos X-Men""},{""texto"":""Membro dos Novos Mutantes""},{""texto"":""Mutante Experiente""},{""texto"":""Treinamento de Combate""}],""stats"":{""aura"":7,""corpo"":7,""mente"":7,""força"":6,""vontade"":8,""destreza"":7,""espírito"":8,""influência"":7,""inteligência"":6},""temas"":[{""nome"":""Foguete Humano"",""poder"":[{""texto"":""Propulsão Termoquímica""},{""texto"":""Invulnerabilidade em Voo""}],""fraqueza"":[{""texto"":""Imóvel Fora do Voo""}]},{""nome"":""Líder dos Novos Mutantes"",""poder"":[{""texto"":""Liderança Natural e Leal""}],""fraqueza"":[]},{""nome"":""Filho da Mina de Carvão"",""poder"":[{""texto"":""Membro de Família Numerosa de Mutantes (Guthries)""}],""fraqueza"":[{""texto"":""Peso de Ser o Irmão Mais Velho""}]},{""nome"":""4"",""poder"":[{""texto"":""Instinto de Sobrevivência""},{""texto"":""Resiliência Física e Mental""},{""texto"":""Perícia em Campo""}],""fraqueza"":[{""texto"":""Sem controle da direção em alta velocidade""},{""texto"":""Responsabilidade que Pesa""}]}],""descricao"":""A propulsão grau 4 torna Sam um projétil físico devastador. A invulnerabilidade em voo grau 4 — enquanto se move, é praticamente imbatível. Mas a falta de controle de direção (-2) em velocidade máxima é vulnerabilidade tática real. Minerador do Kentucky que se tornou líder natural dos Novos Mutantes.\n---"",""iniciativa"":0}",true,,2026-04-09 01:20:42.164471+00,2026-07-13 16:50:57.438563+00,https://static.wikia.nocookie.net/marveldatabase/images/9/96/Samuel_Guthrie_%28Earth-161%29_from_X-Men_Forever_Vol_2_10_001.jpg/revision/latest?cb=20091101201359
193222fb-753d-46bb-85a4-6480b90e2d2d,,Mystique,Raven Darkhölme,irmandade,alto,"{""tags"":[{""texto"":""Metamorfismo Perfeito""},{""texto"":""Espiã Veterana""},{""texto"":""Imortalidade Lenta""},{""texto"":""Combate Corpo-a-Corpo Letal""},{""texto"":""Abandonou Noturno ao Nascer""},{""texto"":""Rede de Espionagem Global""},{""texto"":""Manipuladora Genial""},{""texto"":""Casada com Destiny (Irene Adler)""},{""texto"":""Lealdade apenas a Si e Destiny""},{""texto"":""Pistola Escondida na Coxa""},{""texto"":""Resiliência Física e Mental""},{""texto"":""Perícia em Campo""},{""texto"":""Sem Lealdade Real Além de Si Mesma""},{""texto"":""Responsabilidade que Pesa""},{""texto"":""Rede de Espionagem""},{""texto"":""Mãe de Noturno""},{""texto"":""Lealdade a Si Mesma""},{""texto"":""Membro da Irmandade de Mutantes""},{""texto"":""Mutante de Elite""},{""texto"":""Veterano de Combate""},{""texto"":""Reflexos Aguçados""},{""texto"":""Resistência Mental Treinada""}],""stats"":{""aura"":10,""corpo"":7,""mente"":9,""força"":6,""vontade"":10,""destreza"":11,""espírito"":9,""influência"":11,""inteligência"":10},""temas"":[{""nome"":""Metamorfa Centenária"",""poder"":[{""texto"":""Metamorfismo Perfeito""},{""texto"":""Espiã Veterana""},{""texto"":""Imortalidade Lenta""}],""fraqueza"":[]},{""nome"":""Mãe de Segredos"",""poder"":[{""texto"":""Combate Corpo-a-Corpo Letal""}],""fraqueza"":[{""texto"":""Abandonou Noturno ao Nascer""}]},{""nome"":""Cúmplice do Destino"",""poder"":[{""texto"":""Rede de Espionagem Global""},{""texto"":""Manipuladora Genial""},{""texto"":""Casada com Destiny (Irene Adler)""}],""fraqueza"":[{""texto"":""Lealdade apenas a Si e Destiny""}]},{""nome"":""4"",""poder"":[{""texto"":""Pistola Escondida na Coxa""},{""texto"":""Resiliência Física e Mental""},{""texto"":""Perícia em Campo""}],""fraqueza"":[{""texto"":""Sem Lealdade Real Além de Si Mesma""},{""texto"":""Responsabilidade que Pesa""}]}],""descricao"":""DEX 11 e INF 11 ligeiramente acima do pico — séculos de treinamento e prática. O metamorfismo grau 5 é perfeito: impressões digitais, voz, peso. O sem lealdade (-2) é o maior risco ao usar Mystique como aliada. Mãe biológica de Kurt Wagner (Noturno) e mãe adotiva de Rogue. Traição é sua natureza.\n---"",""iniciativa"":0}",true,,2026-04-09 01:20:42.164471+00,2026-07-13 16:50:57.438563+00,https://static.wikia.nocookie.net/marveldatabase/images/7/7e/Raven_Darkh%C3%B6lme_%28Earth-63%29_from_Bishop_War_College_Vol_1_3_001.jpg/revision/latest/scale-to-width-down/600?cb=20230426211621
1962507a-c9e0-4e1c-93b7-66cd4596ec3a,,Professor X,Charles Xavier,x-men,extremo,"{""tags"":[{""texto"":""Telepatia Ômega""},{""texto"":""Controle Mental Profundo""},{""texto"":""Mestre de Xadrez""},{""texto"":""Estrategista e Líder Visionário""},{""texto"":""Fundador do Instituto Xavier""},{""texto"":""Paraplégico""},{""texto"":""Mestre em Xadrez Psíquico""},{""texto"":""Sacrifica a Ética pelo Bem Maior""},{""texto"":""Rede de Contatos Global""},{""texto"":""Criou Gerações de Mutantes""},{""texto"":""Legado Vive nos Alunos""},{""texto"":""Manipula Alunos como Soldados""},{""texto"":""Apaga Mentes sem Consentimento""},{""texto"":""Fisicamente Frágil e Doente""},{""texto"":""Segredos que Pesam na Consciência""},{""texto"":""Habilidade de Luta""},{""texto"":""Determinação Inabalável""},{""texto"":""Reflexos Aguçados""},{""texto"":""Relutante em usar força total""},{""texto"":""Conflitos Internos""},{""texto"":""Líder dos X-Men""},{""texto"":""Intelecto Genial""},{""texto"":""Diplomacia Mutante-Humano""},{""texto"":""Idealismo Inabalável""},{""texto"":""Coração Vulnerável a Traições""},{""texto"":""Segredos que Pesam""},{""texto"":""Membro dos X-Men""},{""texto"":""Mutante de Niveau Ômega ou Equivalente""},{""texto"":""Décadas de Experiência de Combate""},{""texto"":""Mestre Tático""},{""texto"":""Vontade Indomável""},{""texto"":""Rede de Contatos e Aliados""},{""texto"":""Ameaça Nível Global""}],""stats"":{""aura"":9,""corpo"":2,""mente"":15,""força"":2,""vontade"":12,""destreza"":2,""espírito"":10,""influência"":10,""inteligência"":12},""temas"":[{""nome"":""Telepatia Ômega"",""poder"":[{""texto"":""Telepatia Ômega""},{""texto"":""Controle Mental Profundo""},{""texto"":""Mestre de Xadrez""}],""fraqueza"":[]},{""nome"":""Sonho de Coexistência"",""poder"":[{""texto"":""Estrategista e Líder Visionário""},{""texto"":""Fundador do Instituto Xavier""},{""texto"":""Paraplégico""}],""fraqueza"":[]},{""nome"":""Manipulador Visionário"",""poder"":[{""texto"":""Mestre em Xadrez Psíquico""},{""texto"":""Sacrifica a Ética pelo Bem Maior""},{""texto"":""Rede de Contatos Global""}],""fraqueza"":[]},{""nome"":""Pai Ausente"",""poder"":[{""texto"":""Criou Gerações de Mutantes""},{""texto"":""Legado Vive nos Alunos""}],""fraqueza"":[{""texto"":""Paraplégico""},{""texto"":""Manipula Alunos como Soldados""},{""texto"":""Apaga Mentes sem Consentimento""},{""texto"":""Fisicamente Frágil e Doente""},{""texto"":""Segredos que Pesam na Consciência""}]},{""nome"":""5"",""poder"":[{""texto"":""Habilidade de Luta""},{""texto"":""Determinação Inabalável""},{""texto"":""Reflexos Aguçados""}],""fraqueza"":[{""texto"":""Relutante em usar força total""},{""texto"":""Conflitos Internos""}]}],""descricao"":""Charles Francis Xavier, o mutante telepático mais poderoso do mundo. Mente 15 supera qualquer humano — percebe e influencia consciências num raio de quilômetros. Fundou o Instituto Xavier e os X-Men com a visão de coexistência pacífica. Paraplégico após confronto com o alienígena Lucifer.\n---"",""iniciativa"":0}",true,,2026-04-09 01:20:42.164471+00,2026-07-13 16:50:57.438563+00,https://static.wikia.nocookie.net/marveldatabase/images/2/2d/Charles_Xavier_%28Earth-10%29_from_Top_10_Vol_1_8_001.png/revision/latest/scale-to-width-down/600?cb=20260622060924
197da4f3-489e-4b3a-8d77-b860ecd02218,,Riptide,Riptide,vilao,medio,"{""tags"":[{""texto"":""Rotação Supersônica""},{""texto"":""Velocidade de Rotação Debilita Oponentes em Área""},{""texto"":""Assassino Implacável""},{""texto"":""Determinação Inabalável""},{""texto"":""Tontura após Rotação Prolongada""},{""texto"":""Dificuldade de Confiar nos Outros""},{""texto"":""Reflexos Aguçados""},{""texto"":""Tática e Estratégia""},{""texto"":""Treinamento de Combate""},{""texto"":""Culpa e Arrependimento""},{""texto"":""Limitações Humanas""},{""texto"":""Instinto de Sobrevivência""},{""texto"":""Resiliência Física e Mental""},{""texto"":""Perícia em Campo""},{""texto"":""Fama que Atrapalha""},{""texto"":""Responsabilidade que Pesa""},{""texto"":""Conhecido no Submundo Mutante""},{""texto"":""Mutante Experiente""}],""stats"":{""aura"":4,""corpo"":5,""mente"":4,""força"":4,""vontade"":4,""destreza"":8,""espírito"":4,""influência"":3,""inteligência"":4},""temas"":[{""nome"":""Turbilhão"",""poder"":[{""texto"":""Rotação Supersônica""}],""fraqueza"":[]},{""nome"":""2"",""poder"":[{""texto"":""Velocidade de Rotação Debilita Oponentes em Área""},{""texto"":""Assassino Implacável""},{""texto"":""Determinação Inabalável""}],""fraqueza"":[{""texto"":""Tontura após Rotação Prolongada""},{""texto"":""Dificuldade de Confiar nos Outros""}]},{""nome"":""3"",""poder"":[{""texto"":""Reflexos Aguçados""},{""texto"":""Tática e Estratégia""},{""texto"":""Treinamento de Combate""}],""fraqueza"":[{""texto"":""Culpa e Arrependimento""},{""texto"":""Limitações Humanas""}]},{""nome"":""4"",""poder"":[{""texto"":""Instinto de Sobrevivência""},{""texto"":""Resiliência Física e Mental""},{""texto"":""Perícia em Campo""}],""fraqueza"":[{""texto"":""Fama que Atrapalha""},{""texto"":""Responsabilidade que Pesa""}]}],""descricao"":""DEX 8 próxima ao pico humano. A rotação supersônica grau 4 gera projéteis e desorientação em área. O papel de assassino implacável (grau 3) — não hesita, não negocia. A tontura após rotação prolongada (-1) é vulnerabilidade menor mas explorada por oponentes pacientes. Participou do Massacre dos Morlocks.\n---"",""iniciativa"":0}",true,,2026-04-09 01:20:42.164471+00,2026-07-13 16:50:57.438563+00,https://static.wikia.nocookie.net/marveldatabase/images/1/1f/Janos_Quested_%28Earth-161%29_from_X-Men_Forever_2_Vol_1_6_001.jpg/revision/latest/scale-to-width-down/600?cb=20101011180130
1a22b258-cf71-45d0-ad81-cfed8077a3b6,,Agente HYDRA,Agente de Campo,vilao,baixo,"{""tags"":[{""texto"":""Armamento Avançado (tecnologia roubada)""},{""texto"":""Descartável""},{""texto"":""Treinamento Paramilitar Sólido""},{""texto"":""Tecnologia de Supressão de Mutantes""},{""texto"":""Opera em Células Independentes""},{""texto"":""Obediência Hierárquica""},{""texto"":""Dificuldade de Confiar nos Outros""},{""texto"":""Conhecido no Submundo Mutante""},{""texto"":""Mutante de Nível Baixo""}],""stats"":{""aura"":4,""corpo"":5,""mente"":5,""força"":4,""vontade"":6,""destreza"":5,""espírito"":5,""influência"":4,""inteligência"":5},""temas"":[{""nome"":""Agente HYDRA"",""poder"":[{""texto"":""Armamento Avançado (tecnologia roubada)""}],""fraqueza"":[{""texto"":""Descartável""}]},{""nome"":""2"",""poder"":[{""texto"":""Treinamento Paramilitar Sólido""},{""texto"":""Tecnologia de Supressão de Mutantes""},{""texto"":""Opera em Células Independentes""}],""fraqueza"":[{""texto"":""Obediência Hierárquica""},{""texto"":""Dificuldade de Confiar nos Outros""}]}],""descricao"":""Atributos acima do humano médio mas abaixo do pico — treinamento sólido. Tags de grau médio (2-3). A obediência hierárquica (-1) limita adaptação. Perigosos em números. Frequentemente empregam equipamento anti-mutante quando a missão envolve alvos mutantes.\n---"",""iniciativa"":0}",true,,2026-04-09 01:20:42.164471+00,2026-07-13 16:50:57.438563+00,https://static.wikia.nocookie.net/marveldatabase/images/6/68/Hydra_%28Earth-346%29_from_Edge_of_Spider-Verse_Vol_2_3_001.jpg/revision/latest/scale-to-width-down/600?cb=20230613202342
1c1781df-8d5b-49df-9ba3-4580cdeba141,,Prism,Prism,vilao,medio,"{""tags"":[{""texto"":""Corpo de Cristal""},{""texto"":""Perícia em Campo""},{""texto"":""Habilidade de Luta""},{""texto"":""Determinação Inabalável""},{""texto"":""Vulnerável a Impacto Físico""},{""texto"":""Dificuldade de Confiar nos Outros""},{""texto"":""Reflexos Aguçados""},{""texto"":""Tática e Estratégia""},{""texto"":""Treinamento de Combate""},{""texto"":""Culpa e Arrependimento""},{""texto"":""Limitações Humanas""},{""texto"":""Instinto de Sobrevivência""},{""texto"":""Resiliência Física e Mental""},{""texto"":""Fama que Atrapalha""},{""texto"":""Responsabilidade que Pesa""},{""texto"":""Conhecido no Submundo Mutante""},{""texto"":""Mutante Experiente""}],""stats"":{""aura"":4,""corpo"":7,""mente"":3,""força"":5,""vontade"":4,""destreza"":4,""espírito"":4,""influência"":3,""inteligência"":3},""temas"":[{""nome"":""Cristal Vivo"",""poder"":[{""texto"":""Corpo de Cristal""}],""fraqueza"":[]},{""nome"":""2"",""poder"":[{""texto"":""Perícia em Campo""},{""texto"":""Habilidade de Luta""},{""texto"":""Determinação Inabalável""}],""fraqueza"":[{""texto"":""Vulnerável a Impacto Físico""},{""texto"":""Dificuldade de Confiar nos Outros""}]},{""nome"":""3"",""poder"":[{""texto"":""Reflexos Aguçados""},{""texto"":""Tática e Estratégia""},{""texto"":""Treinamento de Combate""}],""fraqueza"":[{""texto"":""Culpa e Arrependimento""},{""texto"":""Limitações Humanas""}]},{""nome"":""4"",""poder"":[{""texto"":""Instinto de Sobrevivência""},{""texto"":""Resiliência Física e Mental""}],""fraqueza"":[{""texto"":""Fama que Atrapalha""},{""texto"":""Responsabilidade que Pesa""}]}],""descricao"":""BOD 7 acima do pico — corpo de cristal oferece resistência. O reflexo de energia grau 4 — lasers e ataques energéticos ricocheteiam. Mas a vulnerabilidade a impacto físico (-3) é enorme: golpes físicos o quebram em fragmentos. Estratégia simples: bater nele com socos, não com raios. Ex-membro dos Marotos.\n---"",""iniciativa"":0}",true,,2026-04-09 01:20:42.164471+00,2026-07-13 16:50:57.438563+00,https://static.wikia.nocookie.net/marveldatabase/images/0/07/Prism_%28Robbie%29_%28Earth-161%29_from_X-Men_Forever_2_Vol_1_6_001.jpg/revision/latest/scale-to-width-down/600?cb=20101011015511
1cf66e44-410f-4bde-b12c-dd229f0b78d5,,Wolfsbane,Rahne Sinclair,novatos,medio,"{""tags"":[{""texto"":""Transformação em Lobo ou Forma Lobisomem""},{""texto"":""Sentidos Lupinos""},{""texto"":""Instintos Predatórios em Forma Animal""},{""texto"":""Controle Reduzido em Forma Plena""},{""texto"":""Ligação Empática com Mirage""},{""texto"":""Vergonha Religiosa do Próprio Ser""},{""texto"":""Reflexos Aguçados""},{""texto"":""Tática e Estratégia""},{""texto"":""Treinamento de Combate""},{""texto"":""Fé Escocesa""},{""texto"":""Controle reduzido em forma animal plena""},{""texto"":""Instinto de Sobrevivência""},{""texto"":""Resiliência Física e Mental""},{""texto"":""Perícia em Campo""},{""texto"":""Fama que Atrapalha""},{""texto"":""Responsabilidade que Pesa""},{""texto"":""Ligação com Mirage""},{""texto"":""Controle Reduzido em Forma Animal""},{""texto"":""Membro dos Novos Mutantes""},{""texto"":""Mutante Experiente""}],""stats"":{""aura"":7,""corpo"":7,""mente"":6,""força"":7,""vontade"":7,""destreza"":9,""espírito"":8,""influência"":5,""inteligência"":5},""temas"":[{""nome"":""Loba Feroz"",""poder"":[{""texto"":""Transformação em Lobo ou Forma Lobisomem""},{""texto"":""Sentidos Lupinos""},{""texto"":""Instintos Predatórios em Forma Animal""}],""fraqueza"":[{""texto"":""Controle Reduzido em Forma Plena""}]},{""nome"":""Fé em Conflito"",""poder"":[{""texto"":""Ligação Empática com Mirage""}],""fraqueza"":[{""texto"":""Vergonha Religiosa do Próprio Ser""}]},{""nome"":""3"",""poder"":[{""texto"":""Reflexos Aguçados""},{""texto"":""Tática e Estratégia""},{""texto"":""Treinamento de Combate""}],""fraqueza"":[{""texto"":""Fé Escocesa""},{""texto"":""Controle reduzido em forma animal plena""}]},{""nome"":""4"",""poder"":[{""texto"":""Instinto de Sobrevivência""},{""texto"":""Resiliência Física e Mental""},{""texto"":""Perícia em Campo""}],""fraqueza"":[{""texto"":""Fama que Atrapalha""},{""texto"":""Responsabilidade que Pesa""}]}],""descricao"":""DEX 9 e STR/BOD 7 — claramente sobrehumanos em forma lobisomem. A fé presbiteriana repressiva (-2) cria conflito constante com a mutação. O controle reduzido (-2) em forma de lobo plena é vulnerabilidade tática real. Criada por padre que via a mutação como maldição.\n---"",""iniciativa"":0}",true,,2026-04-09 01:20:42.164471+00,2026-07-13 16:50:57.438563+00,https://static.wikia.nocookie.net/marveldatabase/images/c/cf/Rahne_Sinclair_%28Earth-295%29_from_X-Men_Age_of_Apocalypse_Vol_1_5_0001.png/revision/latest/scale-to-width-down/600?cb=20120310204152
1d67ce9d-55a1-4835-9d5c-2a4981c3c293,,Madison Jeffries,Box,neutro,medio,"{""tags"":[{""texto"":""Tecnopatia""},{""texto"":""Constrói Robôs e Armaduras em Minutos""},{""texto"":""Gênio em Engenharia""},{""texto"":""Tática e Estratégia""},{""texto"":""Treinamento de Combate""},{""texto"":""Irmão de Lionel (cérebro numa jarra)""},{""texto"":""Limitações Humanas""},{""texto"":""Instinto de Sobrevivência""},{""texto"":""Resiliência Física e Mental""},{""texto"":""Perícia em Campo""},{""texto"":""Fama que Atrapalha""},{""texto"":""Responsabilidade que Pesa""},{""texto"":""Opera nos Dois Lados""},{""texto"":""Mutante Experiente""},{""texto"":""Habilidade de Luta""}],""stats"":{""aura"":6,""corpo"":5,""mente"":8,""força"":4,""vontade"":7,""destreza"":5,""espírito"":6,""influência"":5,""inteligência"":8},""temas"":[{""nome"":""Moldar Metal"",""poder"":[{""texto"":""Tecnopatia""}],""fraqueza"":[]},{""nome"":""Gênio Mecânico"",""poder"":[{""texto"":""Constrói Robôs e Armaduras em Minutos""}],""fraqueza"":[]},{""nome"":""3"",""poder"":[{""texto"":""Gênio em Engenharia""},{""texto"":""Tática e Estratégia""},{""texto"":""Treinamento de Combate""}],""fraqueza"":[{""texto"":""Irmão de Lionel (cérebro numa jarra)""},{""texto"":""Limitações Humanas""}]},{""nome"":""4"",""poder"":[{""texto"":""Instinto de Sobrevivência""},{""texto"":""Resiliência Física e Mental""},{""texto"":""Perícia em Campo""}],""fraqueza"":[{""texto"":""Fama que Atrapalha""},{""texto"":""Responsabilidade que Pesa""}]}],""descricao"":""INT 8 e MEN 8 — gênio técnico. A tecnopatia grau 5 permite controlar qualquer máquina mentalmente — desmontando e remontando instantaneamente. A construção de armaduras grau 4 torna-o perigoso mesmo sem combate direto. Membro estável da Alpha Flight.\n---"",""iniciativa"":0}",true,,2026-04-09 01:20:42.164471+00,2026-07-13 16:50:57.438563+00,https://static.wikia.nocookie.net/marveldatabase/images/7/70/Madison_Jeffries_%28Earth-295%29_from_Amazing_X-Men_Vol_1_2_001.jpg/revision/latest?cb=20140104092501
20008eed-061b-4d81-8fd2-5793d6708e0f,,Onyxx,Onyxx,x-men,medio,"{""tags"":[{""grau"":5,""texto"":""Corpo de Pedra Sólida""},{""grau"":5,""texto"":""Superforça e Resistência""},{""grau"":4,""texto"":""Muralha Viva em Combate""},{""grau"":3,""texto"":""Investida Devastadora""},{""grau"":3,""texto"":""Jeito Rapper e Fanfarrão""},{""grau"":3,""texto"":""Protetor Secreto dos Mais Fracos""},{""grau"":2,""texto"":""Presença Divertida""},{""grau"":2,""texto"":""Aluno do Instituto Xavier""},{""grau"":2,""texto"":""Condicionamento Bruto""},{""grau"":3,""texto"":""Movimentos Lentos""},{""grau"":2,""texto"":""Esconde a Bondade por Vergonha""},{""grau"":2,""texto"":""Alvo por Ser Grande""},{""grau"":2,""texto"":""Inexperiente em Tática""}],""stats"":{""aura"":6,""corpo"":11,""mente"":5,""força"":10,""vontade"":7,""destreza"":5,""espírito"":7,""influência"":6,""inteligência"":5},""temas"":[{""nome"":""Tanque de Granito"",""poder"":[{""grau"":5,""texto"":""Corpo de Pedra Sólida""},{""grau"":5,""texto"":""Superforça e Resistência""},{""grau"":4,""texto"":""Muralha Viva em Combate""},{""grau"":3,""texto"":""Investida Devastadora""}],""fraqueza"":[]},{""nome"":""Coração de Ouro"",""poder"":[{""grau"":3,""texto"":""Jeito Rapper e Fanfarrão""},{""grau"":3,""texto"":""Protetor Secreto dos Mais Fracos""},{""grau"":2,""texto"":""Presença Divertida""}],""fraqueza"":[]},{""nome"":""Grandalhão do Instituto"",""poder"":[{""grau"":2,""texto"":""Aluno do Instituto Xavier""},{""grau"":2,""texto"":""Condicionamento Bruto""}],""fraqueza"":[]},{""nome"":""Peso da Pedra"",""poder"":[],""fraqueza"":[{""grau"":3,""texto"":""Movimentos Lentos""},{""grau"":2,""texto"":""Esconde a Bondade por Vergonha""},{""grau"":2,""texto"":""Alvo por Ser Grande""},{""grau"":2,""texto"":""Inexperiente em Tática""}]}],""descricao"":""Onyxx é um grandalhão de pedra com um jeito de rapper e um coração de ouro. A sua pele dura como granito torna‑o um tanque em combate, mas a sua personalidade é surpreendentemente suave – fala com ritmo, gosta de se exibir, mas, no fundo, está sempre atento aos mais frágeis. A lentidão é o seu calcanhar de Aquiles."",""iniciativa"":17}",true,,2026-07-12 18:05:40.319941+00,2026-07-12 19:52:11.358358+00,
201075bf-723e-4b19-985c-403c26536146,,Siryn,Theresa Cassidy,geracaox,medio,"{""tags"":[{""texto"":""Grito Sonar Destruidor""},{""texto"":""Frequência Hipnótica""},{""texto"":""Voo Sônico""},{""texto"":""Vício em Bebida""},{""texto"":""Reflexos Aguçados""},{""texto"":""Tática e Estratégia""},{""texto"":""Treinamento de Combate""},{""texto"":""Alcoolismo""},{""texto"":""Ligação com Deadpool""},{""texto"":""Instinto de Sobrevivência""},{""texto"":""Resiliência Física e Mental""},{""texto"":""Perícia em Campo""},{""texto"":""Fama que Atrapalha""},{""texto"":""Responsabilidade que Pesa""},{""texto"":""Membro da X-Force / X-Corp""},{""texto"":""Mutante Experiente""}],""stats"":{""aura"":8,""corpo"":5,""mente"":8,""força"":4,""vontade"":8,""destreza"":7,""espírito"":8,""influência"":7,""inteligência"":7},""temas"":[{""nome"":""Grito Sônico"",""poder"":[{""texto"":""Grito Sonar Destruidor""},{""texto"":""Frequência Hipnótica""}],""fraqueza"":[]},{""nome"":""Detetive Sobre-humana"",""poder"":[{""texto"":""Voo Sônico""}],""fraqueza"":[{""texto"":""Vício em Bebida""}]},{""nome"":""3"",""poder"":[{""texto"":""Reflexos Aguçados""},{""texto"":""Tática e Estratégia""},{""texto"":""Treinamento de Combate""}],""fraqueza"":[{""texto"":""Alcoolismo""},{""texto"":""Ligação com Deadpool""}]},{""nome"":""4"",""poder"":[{""texto"":""Instinto de Sobrevivência""},{""texto"":""Resiliência Física e Mental""},{""texto"":""Perícia em Campo""}],""fraqueza"":[{""texto"":""Fama que Atrapalha""},{""texto"":""Responsabilidade que Pesa""}]}],""descricao"":""Herdou o grito sonar do pai Sean (Banshee) — grau 4, igual ao do pai. A frequência hipnótica (grau 3) pode compelir obediência temporária. O alcoolismo (-2) superado, mas a vulnerabilidade é real em momentos de crise. Trabalhou como detetive na X-Factor Investigations. Deadpool desenvolveu apego estranho por ela.\n---"",""iniciativa"":0}",true,,2026-04-09 01:20:42.164471+00,2026-07-13 16:50:57.438563+00,https://static.wikia.nocookie.net/marveldatabase/images/8/84/Theresa_Rourke_%28Earth-295%29_from_X-Man_Vol_1_2_0001.jpg/revision/latest/scale-to-width-down/600?cb=20191221164507
208348a8-a839-46db-af76-4c66bd8c1b62,,Fera,"Henry ""Hank"" McCoy",x-men,alto,"{""tags"":[{""texto"":""Intelecto Polímata""},{""texto"":""Aparência Felina Azul""},{""texto"":""Agilidade Felina Sobrenatural""},{""texto"":""Força Sobre-humana""},{""texto"":""Patas e Presas""},{""texto"":""Aparência Desfavorece Socialmente""},{""texto"":""Ex-Diretor da X-Force CIA""},{""texto"":""Escorregou Moralmente""},{""texto"":""Clonou e Matou Wolverine""},{""texto"":""Prisões Secretas e Experimentos""},{""texto"":""Intelecto Genial""},{""texto"":""Capacidade de Adaptação Moral""},{""texto"":""Duas Versões de Si em Guerra""},{""texto"":""Vaidade Intelectual""},{""texto"":""Médico dos X-Men""},{""texto"":""Consciência da Equipe""},{""texto"":""Moralidade Flexível""},{""texto"":""Faz o que Precisa""},{""texto"":""Membro dos X-Men""},{""texto"":""Mutante de Elite""},{""texto"":""Veterano de Combate""},{""texto"":""Reflexos Aguçados""},{""texto"":""Resistência Mental Treinada""},{""texto"":""Médico e Cirurgião de Elite""}],""stats"":{""aura"":7,""corpo"":8,""mente"":10,""força"":9,""vontade"":8,""destreza"":12,""espírito"":8,""influência"":8,""inteligência"":12},""temas"":[{""nome"":""Intelecto Genial"",""poder"":[{""texto"":""Intelecto Polímata""},{""texto"":""Aparência Felina Azul""}],""fraqueza"":[]},{""nome"":""Fera Azul"",""poder"":[{""texto"":""Agilidade Felina Sobrenatural""},{""texto"":""Força Sobre-humana""},{""texto"":""Patas e Presas""}],""fraqueza"":[{""texto"":""Aparência Desfavorece Socialmente""}]},{""nome"":""Cientista sem Escrúpulos"",""poder"":[{""texto"":""Ex-Diretor da X-Force CIA""}],""fraqueza"":[{""texto"":""Escorregou Moralmente""},{""texto"":""Clonou e Matou Wolverine""},{""texto"":""Prisões Secretas e Experimentos""}]},{""nome"":""Jekyll & Hyde"",""poder"":[{""texto"":""Intelecto Genial""},{""texto"":""Capacidade de Adaptação Moral""}],""fraqueza"":[{""texto"":""Duas Versões de Si em Guerra""},{""texto"":""Vaidade Intelectual""}]}],""descricao"":""DEX 12 e INT 12 — ambos no teto absoluto do pico humano. Reflete criatura que empurra simultaneamente os limites físicos e intelectuais. A segunda mutação deu aparência felina. Ex-Vingador. Cita Shakespeare durante lutas.\n---"",""iniciativa"":0}",true,,2026-04-09 01:20:42.164471+00,2026-07-13 16:50:57.438563+00,https://static.wikia.nocookie.net/marveldatabase/images/7/7d/Henry_McCoy_%28Krakoan_Duplicate%29_%28Earth-616%29_from_X-Force_Vol_6_48.jpg/revision/latest/scale-to-width-down/600?cb=20240126040731
237c8c54-9ed7-408b-b819-b5e0bbb967c8,,Callisto,Callisto,morlock,alto,"{""tags"":[{""texto"":""Sentidos Aguçados""},{""texto"":""Combate Feral com Faca""},{""texto"":""Liderança dos Morlocks""},{""texto"":""Desconfia de Superfície""},{""texto"":""Tentáculos Preênseis (pós-Mojo)""},{""texto"":""Tática e Estratégia""},{""texto"":""Treinamento de Combate""},{""texto"":""Eye Patch""},{""texto"":""Limitações Humanas""},{""texto"":""Instinto de Sobrevivência""},{""texto"":""Resiliência Física e Mental""},{""texto"":""Perícia em Campo""},{""texto"":""Fama que Atrapalha""},{""texto"":""Responsabilidade que Pesa""},{""texto"":""Líder dos Túneis""},{""texto"":""Caçadora""},{""texto"":""Desconfia da Superfície""},{""texto"":""Membro dos Morlocks""},{""texto"":""Mutante de Elite""},{""texto"":""Veterano de Combate""},{""texto"":""Reflexos Aguçados""},{""texto"":""Resistência Mental Treinada""}],""stats"":{""aura"":7,""corpo"":8,""mente"":7,""força"":7,""vontade"":9,""destreza"":11,""espírito"":9,""influência"":8,""inteligência"":7},""temas"":[{""nome"":""Líder dos Morlocks"",""poder"":[{""texto"":""Sentidos Aguçados""},{""texto"":""Combate Feral com Faca""}],""fraqueza"":[]},{""nome"":""Caçadora dos Túneis"",""poder"":[{""texto"":""Liderança dos Morlocks""}],""fraqueza"":[{""texto"":""Desconfia de Superfície""}]},{""nome"":""3"",""poder"":[{""texto"":""Tentáculos Preênseis (pós-Mojo)""},{""texto"":""Tática e Estratégia""},{""texto"":""Treinamento de Combate""}],""fraqueza"":[{""texto"":""Eye Patch""},{""texto"":""Limitações Humanas""}]},{""nome"":""4"",""poder"":[{""texto"":""Instinto de Sobrevivência""},{""texto"":""Resiliência Física e Mental""},{""texto"":""Perícia em Campo""}],""fraqueza"":[{""texto"":""Fama que Atrapalha""},{""texto"":""Responsabilidade que Pesa""}]}],""descricao"":""DEX 11 ligeiramente acima do pico humano — reflexos mutantes. O radar subterrâneo grau 4 é perfeito no ambiente das galerias. A liderança grau 4 baseada em respeito conquistado por força real. Derrotada por Tempestade em duelo singular — voltou mais forte e com mais respeito pelos X-Men.\n---"",""iniciativa"":0}",true,,2026-04-09 01:20:42.164471+00,2026-07-13 16:50:57.438563+00,https://static.wikia.nocookie.net/marveldatabase/images/1/16/Callisto_%28Earth-161%29_from_X-Men_Forever_2_Vol_1_5_001.jpg/revision/latest/scale-to-width-down/600?cb=20100814011155
2628e257-4d55-42a1-9426-a0a2dfb3a0fb,,Jean Grey,Marvel Girl / Fênix,x-men,extremo,"{""tags"":[{""texto"":""Telepatia de Nível Ômega""},{""texto"":""Anfitrião da Força Fênix""},{""texto"":""Elo Psíquico com Scott Summers""},{""texto"":""Fênix Pode Consumir sua Consciência""},{""texto"":""Telecinesia Precisa e Devastadora""},{""texto"":""Empatia Profunda""},{""texto"":""Elo Psíquico com Ciclope""},{""texto"":""Mentora de Jovens Mutantes""},{""texto"":""Poder Latente Além da Compreensão""},{""texto"":""Medo do Próprio Poder""},{""texto"":""Morte e Renascimento Constantes""},{""texto"":""Potencial Ômega não totalmente desbloqueado""},{""texto"":""Determinação Inabalável""},{""texto"":""Reflexos Aguçados""},{""texto"":""Força Fênix pode consumir o self""},{""texto"":""Conflitos Internos""},{""texto"":""Elo Psíquico com Scott""},{""texto"":""Trauma de Morte e Renascimento""},{""texto"":""Membro dos X-Men""},{""texto"":""Mutante de Niveau Ômega ou Equivalente""},{""texto"":""Décadas de Experiência de Combate""},{""texto"":""Mestre Tático""},{""texto"":""Vontade Indomável""},{""texto"":""Rede de Contatos e Aliados""},{""texto"":""Ameaça Nível Global""}],""stats"":{""aura"":11,""corpo"":5,""mente"":12,""força"":5,""vontade"":9,""destreza"":6,""espírito"":11,""influência"":8,""inteligência"":9},""temas"":[{""nome"":""Anfitriã da Fênix"",""poder"":[{""texto"":""Telepatia de Nível Ômega""},{""texto"":""Anfitrião da Força Fênix""},{""texto"":""Elo Psíquico com Scott Summers""}],""fraqueza"":[{""texto"":""Fênix Pode Consumir sua Consciência""}]},{""nome"":""Telepatia e Telecinese Ômega"",""poder"":[{""texto"":""Telecinesia Precisa e Devastadora""},{""texto"":""Empatia Profunda""}],""fraqueza"":[]},{""nome"":""Coração dos X-Men"",""poder"":[{""texto"":""Empatia Profunda""},{""texto"":""Elo Psíquico com Ciclope""},{""texto"":""Mentora de Jovens Mutantes""}],""fraqueza"":[]},{""nome"":""Força Cósmica"",""poder"":[{""texto"":""Poder Latente Além da Compreensão""}],""fraqueza"":[{""texto"":""Medo do Próprio Poder""},{""texto"":""Morte e Renascimento Constantes""}]},{""nome"":""5"",""poder"":[{""texto"":""Potencial Ômega não totalmente desbloqueado""},{""texto"":""Determinação Inabalável""},{""texto"":""Reflexos Aguçados""}],""fraqueza"":[{""texto"":""Força Fênix pode consumir o self""},{""texto"":""Conflitos Internos""}]}],""descricao"":""Mente 12 no teto absoluto. AUR 11 reflete presença psíquica extraordinária. A tag da Força Fênix grau 6 é latente — quando desperta, é catastrófica. A fraqueza -3 indica que o poder pode voltar-se contra ela. Coração emocional dos X-Men.\n---"",""iniciativa"":0}",true,,2026-04-09 01:20:42.164471+00,2026-07-13 16:50:57.438563+00,https://static.wikia.nocookie.net/marveldatabase/images/1/1a/Jean_Grey_%28Earth-63%29_from_Bishop_War_College_Vol_1_1_cover.jpg/revision/latest/scale-to-width-down/600?cb=20230316091709
26829bce-3586-43dc-b75c-569640e18653,,Cecilia Reyes,Dra. Cecilia Reyes,x-men,medio,"{""tags"":[{""texto"":""Campo de Força Biológico Instintivo""},{""texto"":""Doutora de Elite""},{""texto"":""Queria Vida Normal, Não Heroína""},{""texto"":""Relutância em Ser X-Men""},{""texto"":""Médica de Trauma e Cirurgiã de Elite""},{""texto"":""Tática e Estratégia""},{""texto"":""Treinamento de Combate""},{""texto"":""O Campo Ativa em Cirurgias""},{""texto"":""Rejeita Fortemente a Identidade de Heroína""},{""texto"":""Instinto de Sobrevivência""},{""texto"":""Resiliência Física e Mental""},{""texto"":""Perícia em Campo""},{""texto"":""Fama que Atrapalha""},{""texto"":""Responsabilidade que Pesa""},{""texto"":""Membro dos X-Men""},{""texto"":""Mutante Experiente""}],""stats"":{""aura"":7,""corpo"":4,""mente"":9,""força"":3,""vontade"":8,""destreza"":5,""espírito"":8,""influência"":7,""inteligência"":11},""temas"":[{""nome"":""Campo de Força"",""poder"":[{""texto"":""Campo de Força Biológico Instintivo""}],""fraqueza"":[]},{""nome"":""Médica Relutante"",""poder"":[{""texto"":""Doutora de Elite""},{""texto"":""Queria Vida Normal, Não Heroína""}],""fraqueza"":[{""texto"":""Relutância em Ser X-Men""}]},{""nome"":""3"",""poder"":[{""texto"":""Médica de Trauma e Cirurgiã de Elite""},{""texto"":""Tática e Estratégia""},{""texto"":""Treinamento de Combate""}],""fraqueza"":[{""texto"":""O Campo Ativa em Cirurgias""},{""texto"":""Rejeita Fortemente a Identidade de Heroína""}]},{""nome"":""4"",""poder"":[{""texto"":""Instinto de Sobrevivência""},{""texto"":""Resiliência Física e Mental""},{""texto"":""Perícia em Campo""}],""fraqueza"":[{""texto"":""Fama que Atrapalha""},{""texto"":""Responsabilidade que Pesa""}]}],""descricao"":""INT 11 — médica de elite. O campo de força grau 4 ativa instintivamente — sem controle consciente. A tag -2 do campo em cirurgias explica porque nunca pôde ser cirurgiã comum: o campo interfere nas operações. A rejeição de heroísmo (-2) é real — Cecilia é médica primeiro, X-Man por necessidade. Inestimável como médica de campo.\n---"",""iniciativa"":0}",true,,2026-04-09 01:20:42.164471+00,2026-07-13 16:50:57.438563+00,https://static.wikia.nocookie.net/marveldatabase/images/7/77/Cecilia_Reyes_%28Earth-5700%29_from_Weapon_X_Days_of_Future_Now_Vol_1_4_0001.jpg/revision/latest?cb=20110727064858
29da1ea9-f074-478d-8138-aa7e0b4fef76,,Shatterstar,Gaveedra-Seven,geracaox,alto,"{""tags"":[{""texto"":""Dupla Empunhadura de Espadas""},{""texto"":""Portais Dimensionais via Espadas""},{""texto"":""Passado que Assombra""},{""texto"":""Velocidade e Reflexos Sobre-humanos""},{""texto"":""Gladiador de Elite""},{""texto"":""Sem Conceito de Emoção Humana""},{""texto"":""Instinto de Sobrevivência""},{""texto"":""Resiliência Física e Mental""},{""texto"":""Perícia em Campo""},{""texto"":""Fama que Atrapalha""},{""texto"":""Responsabilidade que Pesa""},{""texto"":""Membro da X-Force / X-Corp""},{""texto"":""Mutante de Elite""},{""texto"":""Veterano de Combate""},{""texto"":""Reflexos Aguçados""},{""texto"":""Resistência Mental Treinada""},{""texto"":""Treinamento de Combate""},{""texto"":""Habilidade de Luta""},{""texto"":""Determinação Inabalável""},{""texto"":""Tática e Estratégia""}],""stats"":{""aura"":7,""corpo"":8,""mente"":7,""força"":8,""vontade"":8,""destreza"":12,""espírito"":8,""influência"":5,""inteligência"":7},""temas"":[{""nome"":""Espadas Dimensional"",""poder"":[{""texto"":""Dupla Empunhadura de Espadas""},{""texto"":""Portais Dimensionais via Espadas""}],""fraqueza"":[{""texto"":""Passado que Assombra""}]},{""nome"":""Velocidade Sobre-humana"",""poder"":[{""texto"":""Velocidade e Reflexos Sobre-humanos""}],""fraqueza"":[]},{""nome"":""Guerreiro de Outro Mundo"",""poder"":[{""texto"":""Gladiador de Elite""}],""fraqueza"":[{""texto"":""Sem Conceito de Emoção Humana""}]},{""nome"":""4"",""poder"":[{""texto"":""Instinto de Sobrevivência""},{""texto"":""Resiliência Física e Mental""},{""texto"":""Perícia em Campo""}],""fraqueza"":[{""texto"":""Fama que Atrapalha""},{""texto"":""Responsabilidade que Pesa""}]}],""descricao"":""DEX 12 e STR/BOD 8 sobrehumanos — criado geneticamente para combate de arena. Iniciativa 11 reflete reflexos extraordinários. Os portais dimensionais (grau 4) com as espadas são poder subestimado. A tag -2 reflete que conceitos como amor, amizade e livre-arbítrio foram aprendidos tardiamente com Rictor e a X-Force.\n---"",""iniciativa"":0}",true,,2026-04-09 01:20:42.164471+00,2026-07-13 16:50:57.438563+00,https://static.wikia.nocookie.net/marveldatabase/images/1/14/Gaveedra_Seven_%28Earth-161%29_from_X-Men_Forever_2_Vol_1_2_001.jpg/revision/latest?cb=20221119012843
2bc88e95-00f9-43df-b76a-bb2d90a3b146,,Wolverine,Logan,x-men,alto,"{""tags"":[{""texto"":""Fator de Cura Acelerado""},{""texto"":""Esqueleto de Adamantium""},{""texto"":""Garras de Adamantium""},{""texto"":""Fama que Atrapalha""},{""texto"":""Combatente Veterano""},{""texto"":""Instinto Berserker""},{""texto"":""Código de Honra Pessoal""},{""texto"":""Mestre em Artes Marciais""},{""texto"":""Lealdade Feroz aos Amigos""},{""texto"":""Décadas de Experiência""},{""texto"":""Memórias Fragmentadas""},{""texto"":""Raiva Incontrolável""},{""texto"":""Samurai Interior""},{""texto"":""Membro dos X-Men""},{""texto"":""Mutante de Elite""},{""texto"":""Veterano de Combate""},{""texto"":""Reflexos Aguçados""},{""texto"":""Resistência Mental Treinada""},{""texto"":""Sentidos de Predador Apex""},{""texto"":""Treinamento de Combate""}],""stats"":{""aura"":7,""corpo"":12,""mente"":6,""força"":7,""vontade"":9,""destreza"":8,""espírito"":8,""influência"":5,""inteligência"":5},""temas"":[{""nome"":""Fator de Cura e Adamantium"",""poder"":[{""texto"":""Fator de Cura Acelerado""},{""texto"":""Esqueleto de Adamantium""},{""texto"":""Garras de Adamantium""}],""fraqueza"":[{""texto"":""Fama que Atrapalha""}]},{""nome"":""Fera Selvagem"",""poder"":[{""texto"":""Combatente Veterano""},{""texto"":""Instinto Berserker""}],""fraqueza"":[{""texto"":""Instinto Berserker""}]},{""nome"":""Samurai Interior"",""poder"":[{""texto"":""Código de Honra Pessoal""},{""texto"":""Mestre em Artes Marciais""},{""texto"":""Lealdade Feroz aos Amigos""}],""fraqueza"":[]},{""nome"":""Passado Fragmentado"",""poder"":[{""texto"":""Décadas de Experiência""}],""fraqueza"":[{""texto"":""Memórias Fragmentadas""},{""texto"":""Raiva Incontrolável""}]}],""descricao"":""BOD 12 reflete o adamantium no esqueleto — impossível de matar permanentemente. STR 7 é sobrehumano. O fator de cura grau 6 indica regeneração de ferimentos letais em minutos. Mais de um século de combate. A bússola moral rígida por baixo da brutalidade.\n---"",""iniciativa"":0}",true,,2026-04-09 01:20:42.164471+00,2026-07-13 16:50:57.438563+00,https://static.wikia.nocookie.net/marveldatabase/images/9/9e/Dark_Wolverine_Vol_1_77_Textless.jpg/revision/latest/scale-to-width-down/600?cb=20090712125221
2bf1cbca-c7e0-4bf2-a723-6a697ed40674,,Anjo,Warren Worthington III / Arcanjo,x-men,medio,"{""tags"":[{""texto"":""Asas""},{""texto"":""Como Arcanjo""},{""texto"":""Responsabilidade que Pesa""},{""texto"":""Conflitos Internos""},{""texto"":""Bilionário Worthington Industries""},{""texto"":""Aparência Angélica""},{""texto"":""Sangue com Propriedades Curativas Únicas""},{""texto"":""Asas Metálicas Cortantes""},{""texto"":""Voo Sônico e Precisão Aérea""},{""texto"":""Trauma de Apocalipse""},{""texto"":""Lado Sombrio Arcangel""},{""texto"":""Bilionário Worthington""},{""texto"":""Sangue Curativo""},{""texto"":""Membro dos X-Men""},{""texto"":""Mutante Experiente""},{""texto"":""Treinamento de Combate""}],""stats"":{""aura"":9,""corpo"":6,""mente"":6,""força"":5,""vontade"":6,""destreza"":9,""espírito"":7,""influência"":10,""inteligência"":6},""temas"":[{""nome"":""Asas de Anjo"",""poder"":[{""texto"":""Asas""},{""texto"":""Como Arcanjo""}],""fraqueza"":[{""texto"":""Responsabilidade que Pesa""},{""texto"":""Conflitos Internos""}]},{""nome"":""Bilionário Filantropo"",""poder"":[{""texto"":""Bilionário Worthington Industries""},{""texto"":""Aparência Angélica""}],""fraqueza"":[]},{""nome"":""Sangue de Cura"",""poder"":[{""texto"":""Sangue com Propriedades Curativas Únicas""}],""fraqueza"":[]},{""nome"":""Anjo da Morte"",""poder"":[{""texto"":""Asas Metálicas Cortantes""},{""texto"":""Voo Sônico e Precisão Aérea""}],""fraqueza"":[{""texto"":""Trauma de Apocalipse""},{""texto"":""Lado Sombrio Arcangel""}]}],""descricao"":""INF 10 e AUR 9 refletem aparência angelical, status social e fortuna. DEX 9 e STR/BOD no pico humano para combate aéreo. Como Arcanjo, as asas metálicas disparam dardos de adamantium (tag grau 4 adicional). Financia operações dos X-Men com a fortuna Worthington.\n---"",""iniciativa"":0}",true,,2026-04-09 01:20:42.164471+00,2026-07-13 16:50:57.438563+00,https://static.wikia.nocookie.net/marveldatabase/images/d/de/Marvels_Project_Vol_1_4_McNiven_Variant_Textless.jpg/revision/latest/scale-to-width-down/600?cb=20091027200924
2c0e6779-fb97-45a6-a82a-ab4112f680c0,,Roulette,Jennifer Stavros,clube-do-inferno,medio,"{""tags"":[{""texto"":""Discos de Sorte/Azar""},{""texto"":""Efeitos Imprevisíveis""},{""texto"":""Viciada em Risco""},{""texto"":""Jogadora Compulsiva""},{""texto"":""Tática e Estratégia""},{""texto"":""Treinamento de Combate""},{""texto"":""Culpa e Arrependimento""},{""texto"":""Limitações Humanas""},{""texto"":""Instinto de Sobrevivência""},{""texto"":""Resiliência Física e Mental""},{""texto"":""Perícia em Campo""},{""texto"":""Fama que Atrapalha""},{""texto"":""Responsabilidade que Pesa""},{""texto"":""Membro do Clube do Inferno""},{""texto"":""Mutante Experiente""}],""stats"":{""aura"":7,""corpo"":4,""mente"":7,""força"":3,""vontade"":6,""destreza"":6,""espírito"":6,""influência"":7,""inteligência"":6},""temas"":[{""nome"":""Roleta da Sorte"",""poder"":[{""texto"":""Discos de Sorte/Azar""}],""fraqueza"":[]},{""nome"":""Jogadora"",""poder"":[{""texto"":""Efeitos Imprevisíveis""}],""fraqueza"":[{""texto"":""Viciada em Risco""}]},{""nome"":""3"",""poder"":[{""texto"":""Jogadora Compulsiva""},{""texto"":""Tática e Estratégia""},{""texto"":""Treinamento de Combate""}],""fraqueza"":[{""texto"":""Culpa e Arrependimento""},{""texto"":""Limitações Humanas""}]},{""nome"":""4"",""poder"":[{""texto"":""Instinto de Sobrevivência""},{""texto"":""Resiliência Física e Mental""},{""texto"":""Perícia em Campo""}],""fraqueza"":[{""texto"":""Fama que Atrapalha""},{""texto"":""Responsabilidade que Pesa""}]}],""descricao"":""Os discos de sorte/azar grau 4 — ao tocar um alvo, causam efeitos aleatórios desde boa sorte até paralisia. A imprevisibilidade (-2) é a fraqueza inerente: o próprio poder é aleatório. A compulsão por risco (grau 2) reforça o estilo de vida. Ex-membro dos Hellions.\n---"",""iniciativa"":0}",true,,2026-04-09 01:20:42.164471+00,2026-07-13 16:50:57.438563+00,https://static.wikia.nocookie.net/marveldatabase/images/c/ce/Jennifer_Stavros_%28Earth-295%29_from_X-Men_Age_of_Apocalypse_Vol_1_1_001.jpg/revision/latest/scale-to-width-down/600?cb=20101205214301
2c5b8fa2-472c-46e1-b0b3-3401962e46dd,,Cypher,Doug Ramsey,novatos,baixo,"{""tags"":[{""texto"":""Poliglota Universal""},{""texto"":""Sem Poderes de Combate""},{""texto"":""Sem Poderes de Combate Físico""},{""texto"":""Leitura de Intenção Corporal""},{""texto"":""Melhor Amigo de Warlock""},{""texto"":""Impulsividade""},{""texto"":""Leitura Corporal""},{""texto"":""Amigo de Warlock""},{""texto"":""Morreu em Batalha""},{""texto"":""Membro dos Novos Mutantes""},{""texto"":""Mutante de Nível Baixo""}],""stats"":{""aura"":7,""corpo"":3,""mente"":10,""força"":3,""vontade"":7,""destreza"":4,""espírito"":7,""influência"":7,""inteligência"":11},""temas"":[{""nome"":""Poliglota Universal"",""poder"":[{""texto"":""Poliglota Universal""}],""fraqueza"":[{""texto"":""Sem Poderes de Combate""},{""texto"":""Sem Poderes de Combate Físico""}]},{""nome"":""Chave de Krakoa"",""poder"":[{""texto"":""Leitura de Intenção Corporal""},{""texto"":""Melhor Amigo de Warlock""}],""fraqueza"":[{""texto"":""Impulsividade""}]}],""descricao"":""INT 11 próxima ao teto. O poder de linguagem grau 6 é de categoria Ômega — entende e fala qualquer idioma instantaneamente, incluindo computadores e padrões alienígenas. A leitura de linguagem corporal grau 4 torna-o difícil de surpreender em combate. BOD 3 e a tag -4 refletem vulnerabilidade física total. Sua habilidade, em mãos certas, muda conflitos inteiros.\n---"",""iniciativa"":0}",true,,2026-04-09 01:20:42.164471+00,2026-07-13 16:50:57.438563+00,https://static.wikia.nocookie.net/marveldatabase/images/9/91/Douglas_Adler_%28Earth-295%29_from_X-Calibre_Vol_1_3_001.jpg/revision/latest/scale-to-width-down/600?cb=20191227051915
2c6b2f49-8f49-46f6-b77f-8282e86a5873,,Reverend William Stryker,William Stryker,vilao,medio,"{""tags"":[{""texto"":""Orador Carismático""},{""texto"":""Fanático Religioso""},{""texto"":""Líder dos Purificadores""},{""texto"":""Filho Mutante que Matou Esposa""},{""texto"":""Determinação Inabalável""},{""texto"":""Sem Poderes""},{""texto"":""Dificuldade de Confiar nos Outros""},{""texto"":""Reflexos Aguçados""},{""texto"":""Tática e Estratégia""},{""texto"":""Treinamento de Combate""},{""texto"":""Culpa e Arrependimento""},{""texto"":""Limitações Humanas""},{""texto"":""Instinto de Sobrevivência""},{""texto"":""Resiliência Física e Mental""},{""texto"":""Perícia em Campo""},{""texto"":""Fama que Atrapalha""},{""texto"":""Responsabilidade que Pesa""},{""texto"":""Conhecido no Submundo Mutante""},{""texto"":""Mutante Experiente""}],""stats"":{""aura"":6,""corpo"":5,""mente"":7,""força"":4,""vontade"":9,""destreza"":5,""espírito"":8,""influência"":9,""inteligência"":7},""temas"":[{""nome"":""Pregador do Ódio"",""poder"":[{""texto"":""Orador Carismático""}],""fraqueza"":[{""texto"":""Fanático Religioso""}]},{""nome"":""2"",""poder"":[{""texto"":""Líder dos Purificadores""},{""texto"":""Filho Mutante que Matou Esposa""},{""texto"":""Determinação Inabalável""}],""fraqueza"":[{""texto"":""Sem Poderes""},{""texto"":""Dificuldade de Confiar nos Outros""}]},{""nome"":""3"",""poder"":[{""texto"":""Reflexos Aguçados""},{""texto"":""Tática e Estratégia""},{""texto"":""Treinamento de Combate""}],""fraqueza"":[{""texto"":""Culpa e Arrependimento""},{""texto"":""Limitações Humanas""}]},{""nome"":""4"",""poder"":[{""texto"":""Instinto de Sobrevivência""},{""texto"":""Resiliência Física e Mental""},{""texto"":""Perícia em Campo""}],""fraqueza"":[{""texto"":""Fama que Atrapalha""},{""texto"":""Responsabilidade que Pesa""}]}],""descricao"":""VON 9, INF 9, ESP 8 — todos acima do limite humano em aspectos relacionados à fé e liderança. O orador carismático grau 5 é poder real — converte multidões ao anti-mutantismo. O filho mutante (grau 4 de background) é a origem do ódio: matou o próprio filho e a esposa morreu no trauma. Perigoso através dos outros (-1) — sem seguidores, é apenas um padre.\n---"",""iniciativa"":0}",true,,2026-04-09 01:20:42.164471+00,2026-07-13 16:50:57.438563+00,https://static.wikia.nocookie.net/marveldatabase/images/6/69/William_Stryker_%28Earth-65%29_from_Spider-Gwen_Vol_2_20_001.png/revision/latest?cb=20171008132759
2d8d9a04-c1bd-463c-8008-b4e0e4b104ae,,Tarot,Marie-Ange Colbert,clube-do-inferno,medio,"{""tags"":[{""texto"":""Invocação de Arquétipos do Tarô""},{""texto"":""Cada Carta tem Efeito Específico""},{""texto"":""Cartas São Imprevisíveis""},{""texto"":""Precognição Limitada via Leitura de Cartas""},{""texto"":""Treinada por Emma Frost""},{""texto"":""Treinamento de Combate""},{""texto"":""Fisicamente Frágil""},{""texto"":""Limitações Humanas""},{""texto"":""Instinto de Sobrevivência""},{""texto"":""Resiliência Física e Mental""},{""texto"":""Perícia em Campo""},{""texto"":""Fama que Atrapalha""},{""texto"":""Responsabilidade que Pesa""},{""texto"":""Membro do Clube do Inferno""},{""texto"":""Mutante Experiente""}],""stats"":{""aura"":8,""corpo"":4,""mente"":9,""força"":3,""vontade"":8,""destreza"":5,""espírito"":9,""influência"":7,""inteligência"":7},""temas"":[{""nome"":""Cartas Místicas"",""poder"":[{""texto"":""Invocação de Arquétipos do Tarô""}],""fraqueza"":[]},{""nome"":""Vidente do Caos"",""poder"":[{""texto"":""Cada Carta tem Efeito Específico""}],""fraqueza"":[{""texto"":""Cartas São Imprevisíveis""}]},{""nome"":""3"",""poder"":[{""texto"":""Precognição Limitada via Leitura de Cartas""},{""texto"":""Treinada por Emma Frost""},{""texto"":""Treinamento de Combate""}],""fraqueza"":[{""texto"":""Fisicamente Frágil""},{""texto"":""Limitações Humanas""}]},{""nome"":""4"",""poder"":[{""texto"":""Instinto de Sobrevivência""},{""texto"":""Resiliência Física e Mental""},{""texto"":""Perícia em Campo""}],""fraqueza"":[{""texto"":""Fama que Atrapalha""},{""texto"":""Responsabilidade que Pesa""}]}],""descricao"":""MEN 9 e ESP 9 refletem conexão psiônica com os arquétipos. A invocação grau 5 — as cartas manifestam efeitos reais. A precognição (grau 3) é limitada mas real. A fragilidade física (-2) — sem as cartas ela não combate. Ex-membro dos Hellions do Clube do Inferno, treinada por Emma Frost.\n---"",""iniciativa"":0}",true,,2026-04-09 01:20:42.164471+00,2026-07-13 16:50:57.438563+00,https://static.wikia.nocookie.net/marveldatabase/images/a/ae/Marie-Ange_Colbert_%28Earth-295%29_from_X-Men_Age_of_Apocalypse_Vol_1_1_001.jpg/revision/latest?cb=20101220234625
2de6151d-70fb-4d78-aee2-cacfeb76d602,,Hellion,Julian Keller,novatos,alto,"{""tags"":[{""texto"":""Telecinesia de Alto Nível""},{""texto"":""Próteses Controladas por Telecinese (perdeu as mãos)""},{""texto"":""Arrogância de Elite""},{""texto"":""Arrogância e Impulso""},{""texto"":""Lealdade Profunda a Quem Chama de Amigo""},{""texto"":""Tática e Estratégia""},{""texto"":""Treinamento de Combate""},{""texto"":""Potencial Ômega bloqueado por arrogância""},{""texto"":""Limitações Humanas""},{""texto"":""Instinto de Sobrevivência""},{""texto"":""Resiliência Física e Mental""},{""texto"":""Perícia em Campo""},{""texto"":""Fama que Atrapalha""},{""texto"":""Responsabilidade que Pesa""},{""texto"":""Telecinesia Poderosa""},{""texto"":""Mãos Protéticas""},{""texto"":""Líder dos Hellions""},{""texto"":""Arrogância""},{""texto"":""Membro dos Novos Mutantes""},{""texto"":""Mutante de Elite""},{""texto"":""Veterano de Combate""},{""texto"":""Reflexos Aguçados""},{""texto"":""Resistência Mental Treinada""}],""stats"":{""aura"":9,""corpo"":6,""mente"":10,""força"":5,""vontade"":9,""destreza"":7,""espírito"":8,""influência"":8,""inteligência"":8},""temas"":[{""nome"":""Telecinesia"",""poder"":[{""texto"":""Telecinesia de Alto Nível""},{""texto"":""Próteses Controladas por Telecinese (perdeu as mãos)""}],""fraqueza"":[]},{""nome"":""Atitude de Líder"",""poder"":[{""texto"":""Arrogância de Elite""}],""fraqueza"":[{""texto"":""Arrogância e Impulso""}]},{""nome"":""3"",""poder"":[{""texto"":""Lealdade Profunda a Quem Chama de Amigo""},{""texto"":""Tática e Estratégia""},{""texto"":""Treinamento de Combate""}],""fraqueza"":[{""texto"":""Potencial Ômega bloqueado por arrogância""},{""texto"":""Limitações Humanas""}]},{""nome"":""4"",""poder"":[{""texto"":""Instinto de Sobrevivência""},{""texto"":""Resiliência Física e Mental""},{""texto"":""Perícia em Campo""}],""fraqueza"":[{""texto"":""Fama que Atrapalha""},{""texto"":""Responsabilidade que Pesa""}]}],""descricao"":""MEN 10 e VON 9 refletem força mental. A telecinesia grau 5 é Ômega latente — raramente desbloqueado por arrogância (-2). Perdeu as mãos numa batalha e usa telecinese para controlar próteses (grau 3 — habilidade refinada da necessidade). Família rica da Califórnia, chegou ao Instituto convicto de sua superioridade.\n---"",""iniciativa"":0}",true,,2026-04-09 01:20:42.164471+00,2026-07-13 16:50:57.438563+00,https://static.wikia.nocookie.net/marveldatabase/images/8/86/Julian_Keller_%28Earth-5631%29_Wolverine_and_Power_Pack_Vol_1_2.jpg/revision/latest?cb=20140724153347
2e59d475-f4a5-4e9f-8c60-c28b8fd5d7b1,,Náiade,Naiad,x-men,medio,"{""tags"":[{""grau"":5,""texto"":""Hidrocinese em Estado Líquido""},{""grau"":4,""texto"":""Manipula Grandes Volumes de Água""},{""grau"":3,""texto"":""Purifica ou Contamina Água""},{""grau"":3,""texto"":""Chicotes e Escudos de Água""},{""grau"":3,""texto"":""Personalidade Fluida e Serena""},{""grau"":3,""texto"":""Adapta-se como a Corrente""},{""grau"":3,""texto"":""Calma que Acalma os Outros""},{""grau"":2,""texto"":""Aluna do Instituto Xavier""},{""grau"":3,""texto"":""Torna-se Turbulenta sob Pressão""},{""grau"":3,""texto"":""Depende de Fonte de Água""},{""grau"":2,""texto"":""Emoção Descontrola o Poder""},{""grau"":2,""texto"":""Novata em Batalha""}],""stats"":{""aura"":8,""corpo"":5,""mente"":7,""força"":4,""vontade"":6,""destreza"":7,""espírito"":7,""influência"":6,""inteligência"":7},""temas"":[{""nome"":""Senhora das Águas"",""poder"":[{""grau"":5,""texto"":""Hidrocinese em Estado Líquido""},{""grau"":4,""texto"":""Manipula Grandes Volumes de Água""},{""grau"":3,""texto"":""Purifica ou Contamina Água""},{""grau"":3,""texto"":""Chicotes e Escudos de Água""}],""fraqueza"":[]},{""nome"":""Temperamento de Maré"",""poder"":[{""grau"":3,""texto"":""Personalidade Fluida e Serena""},{""grau"":3,""texto"":""Adapta-se como a Corrente""}],""fraqueza"":[]},{""nome"":""Serenidade Aprendida"",""poder"":[{""grau"":3,""texto"":""Calma que Acalma os Outros""},{""grau"":2,""texto"":""Aluna do Instituto Xavier""}],""fraqueza"":[]},{""nome"":""Águas Turvas"",""poder"":[],""fraqueza"":[{""grau"":3,""texto"":""Torna-se Turbulenta sob Pressão""},{""grau"":3,""texto"":""Depende de Fonte de Água""},{""grau"":2,""texto"":""Emoção Descontrola o Poder""},{""grau"":2,""texto"":""Novata em Batalha""}]}],""descricao"":""Náiade possui um domínio absoluto sobre a água no estado líquido, movendo‑a com a graça de uma correnteza. A sua personalidade reflecte o elemento: calma e adaptável, mas, quando pressionada, torna‑se turbulenta e imprevisível. A sua serenidade é a sua maior força e a sua maior fragilidade."",""iniciativa"":22}",true,,2026-07-12 18:05:40.319941+00,2026-07-12 19:52:11.358358+00,
307c2a56-3044-4b86-8a5e-cd087c0b285c,,X-23,Laura Kinney / Wolverine,x-men,alto,"{""tags"":[{""texto"":""Fator de Cura Acelerado""},{""texto"":""Garras de Adamantium""},{""texto"":""Assassina Condicionada""},{""texto"":""Gatilho de Berserk""},{""texto"":""Trauma de Condicionamento""},{""texto"":""Identidade em Construção""},{""texto"":""Instinto de Sobrevivência""},{""texto"":""Resiliência Física e Mental""},{""texto"":""Perícia em Campo""},{""texto"":""Gatilho de Berserk por Produto Químico""},{""texto"":""Responsabilidade que Pesa""},{""texto"":""Membro dos X-Men""},{""texto"":""Mutante de Elite""},{""texto"":""Veterano de Combate""},{""texto"":""Reflexos Aguçados""},{""texto"":""Resistência Mental Treinada""},{""texto"":""Treinamento de Combate""},{""texto"":""Habilidade de Luta""},{""texto"":""Determinação Inabalável""},{""texto"":""Tática e Estratégia""}],""stats"":{""aura"":8,""corpo"":9,""mente"":8,""força"":7,""vontade"":10,""destreza"":10,""espírito"":9,""influência"":5,""inteligência"":7},""temas"":[{""nome"":""Garras de Adamantium"",""poder"":[{""texto"":""Fator de Cura Acelerado""},{""texto"":""Garras de Adamantium""}],""fraqueza"":[]},{""nome"":""Assassina Condicionada"",""poder"":[{""texto"":""Assassina Condicionada""}],""fraqueza"":[{""texto"":""Gatilho de Berserk""},{""texto"":""Trauma de Condicionamento""}]},{""nome"":""Mais que uma Arma"",""poder"":[{""texto"":""Identidade em Construção""}],""fraqueza"":[]},{""nome"":""4"",""poder"":[{""texto"":""Instinto de Sobrevivência""},{""texto"":""Resiliência Física e Mental""},{""texto"":""Perícia em Campo""}],""fraqueza"":[{""texto"":""Gatilho de Berserk por Produto Químico""},{""texto"":""Responsabilidade que Pesa""}]}],""descricao"":""DEX 10 e VON 10 no pico humano absoluto — treinamento intensivo desde criança. STR 7 sobrehumano. BOD 9 similar a Wolverine sem o adamantium no esqueleto. O gatilho berserk (-4) é a vulnerabilidade mais perigosa — ativa com produto químico específico e ela ataca tudo ao redor. Lentamente descobrindo humanidade.\n---"",""iniciativa"":0}",true,,2026-04-09 01:20:42.164471+00,2026-07-13 16:50:57.438563+00,https://static.wikia.nocookie.net/marveldatabase/images/e/e6/Kirika_Yashida_%28Earth-295%29_from_Uncanny_X-Force_Vol_1_12_001.jpg/revision/latest/scale-to-width-down/600?cb=20110925185648
30a1b2f8-0a03-4722-8214-7a6178b2ae1b,,Kidogo,Kidogo,x-men,medio,"{""tags"":[{""grau"":5,""texto"":""Alteração de Tamanho (formiga a gigante)""},{""grau"":4,""texto"":""Força Proporcional ao Tamanho""},{""grau"":4,""texto"":""Resistência Colossal quando Grande""},{""grau"":3,""texto"":""Furtividade quando Minúsculo""},{""grau"":3,""texto"":""Humildade Genuína""},{""grau"":3,""texto"":""Humor Contagiante""},{""grau"":2,""texto"":""Faz Todos se Sentirem Bem""},{""grau"":3,""texto"":""Orgulho da Origem Suaíli""},{""grau"":2,""texto"":""Aluno do Instituto Xavier""},{""grau"":3,""texto"":""Subestima o Próprio Poder""},{""grau"":2,""texto"":""Autodepreciação Constante""},{""grau"":2,""texto"":""Timidez em Assumir Liderança""},{""grau"":2,""texto"":""Adolescente Inseguro""}],""stats"":{""aura"":7,""corpo"":10,""mente"":6,""força"":10,""vontade"":7,""destreza"":7,""espírito"":8,""influência"":6,""inteligência"":6},""temas"":[{""nome"":""Gigante e Formiga"",""poder"":[{""grau"":5,""texto"":""Alteração de Tamanho (formiga a gigante)""},{""grau"":4,""texto"":""Força Proporcional ao Tamanho""},{""grau"":4,""texto"":""Resistência Colossal quando Grande""},{""grau"":3,""texto"":""Furtividade quando Minúsculo""}],""fraqueza"":[]},{""nome"":""Coração Humilde"",""poder"":[{""grau"":3,""texto"":""Humildade Genuína""},{""grau"":3,""texto"":""Humor Contagiante""},{""grau"":2,""texto"":""Faz Todos se Sentirem Bem""}],""fraqueza"":[]},{""nome"":""Raízes Africanas"",""poder"":[{""grau"":3,""texto"":""Orgulho da Origem Suaíli""},{""grau"":2,""texto"":""Aluno do Instituto Xavier""}],""fraqueza"":[]},{""nome"":""Sombra da Própria Grandeza"",""poder"":[],""fraqueza"":[{""grau"":3,""texto"":""Subestima o Próprio Poder""},{""grau"":2,""texto"":""Autodepreciação Constante""},{""grau"":2,""texto"":""Timidez em Assumir Liderança""},{""grau"":2,""texto"":""Adolescente Inseguro""}]}],""descricao"":""Kidogo – que significa “pequeno” em suaíli – pode encolher até o tamanho de uma formiga ou crescer até se tornar um gigante. Apesar do poder colossal, mantém‑se humilde e bem‑humorado, sempre pronto a rir das próprias limitações. Só em situações extremas se lembra de quão grande pode realmente ser."",""iniciativa"":21}",true,,2026-07-12 18:05:40.319941+00,2026-07-12 19:52:11.358358+00,
33dfc64e-b6ef-41e8-9889-b8dbbb7242a8,,Prodigy,David Alleyne,novatos,medio,"{""tags"":[{""texto"":""Conhecimento de Centenas de Especialistas Retido Permanentemente""},{""texto"":""Perde Acesso ao Saber ao Dormir""},{""texto"":""Estrategista de Elite""},{""texto"":""Artes Marciais e Combate de Vários Especialistas""},{""texto"":""Parceiro de Surge""},{""texto"":""Treinamento de Combate""},{""texto"":""Perdeu o Poder Mutante no M-Day""},{""texto"":""Limitações Humanas""},{""texto"":""Instinto de Sobrevivência""},{""texto"":""Resiliência Física e Mental""},{""texto"":""Perícia em Campo""},{""texto"":""Fama que Atrapalha""},{""texto"":""Responsabilidade que Pesa""},{""texto"":""Memória Absoluta""},{""texto"":""Gênio""},{""texto"":""Perde ao Dormir""},{""texto"":""Membro dos Novos Mutantes""},{""texto"":""Mutante Experiente""}],""stats"":{""aura"":8,""corpo"":5,""mente"":11,""força"":4,""vontade"":9,""destreza"":7,""espírito"":8,""influência"":7,""inteligência"":12},""temas"":[{""nome"":""Memória Absoluta"",""poder"":[{""texto"":""Conhecimento de Centenas de Especialistas Retido Permanentemente""}],""fraqueza"":[{""texto"":""Perde Acesso ao Saber ao Dormir""}]},{""nome"":""Gênio"",""poder"":[{""texto"":""Estrategista de Elite""}],""fraqueza"":[]},{""nome"":""3"",""poder"":[{""texto"":""Artes Marciais e Combate de Vários Especialistas""},{""texto"":""Parceiro de Surge""},{""texto"":""Treinamento de Combate""}],""fraqueza"":[{""texto"":""Perdeu o Poder Mutante no M-Day""},{""texto"":""Limitações Humanas""}]},{""nome"":""4"",""poder"":[{""texto"":""Instinto de Sobrevivência""},{""texto"":""Resiliência Física e Mental""},{""texto"":""Perícia em Campo""}],""fraqueza"":[{""texto"":""Fama que Atrapalha""},{""texto"":""Responsabilidade que Pesa""}]}],""descricao"":""INT 12 no teto e MEN 11 muito próxima — o conhecimento acumulado de centenas de especialistas. O poder original absorvia temporariamente; a Mente Coletiva reteve tudo permanentemente. As artes marciais grau 4 vêm de instrutores absorvidos. A perda do poder mutante (-2) representa crise de identidade: quem é ele sem a mutação?\n---"",""iniciativa"":0}",true,,2026-04-09 01:20:42.164471+00,2026-07-13 16:50:57.438563+00,https://static.wikia.nocookie.net/marveldatabase/images/9/93/David_Alleyne_%28Earth-616%29_from_Young_Avengers_Vol_2_9_001.jpg/revision/latest/scale-to-width-down/600?cb=20210203194546
37f4b305-a94d-42ef-952c-fba534829a1e,,Agent Zero,David North / Christoph Nord,vilao,alto,"{""tags"":[{""texto"":""Absorção e Liberação de Energia Cinética""},{""texto"":""Traje de Supressão de Poderes""},{""texto"":""Lavagem Cerebral""},{""texto"":""Agente de Elite""},{""texto"":""Caçador de Mutantes Profissional""},{""texto"":""Treinamento de Combate""},{""texto"":""Culpa e Arrependimento""},{""texto"":""Limitações Humanas""},{""texto"":""Instinto de Sobrevivência""},{""texto"":""Resiliência Física e Mental""},{""texto"":""Perícia em Campo""},{""texto"":""Fama que Atrapalha""},{""texto"":""Responsabilidade que Pesa""},{""texto"":""Fator de Cura""},{""texto"":""Atirador""},{""texto"":""Conhecido no Submundo Mutante""},{""texto"":""Mutante de Elite""},{""texto"":""Veterano de Combate""},{""texto"":""Reflexos Aguçados""},{""texto"":""Resistência Mental Treinada""}],""stats"":{""aura"":6,""corpo"":6,""mente"":7,""força"":5,""vontade"":8,""destreza"":10,""espírito"":7,""influência"":6,""inteligência"":7},""temas"":[{""nome"":""Fator de Cura"",""poder"":[{""texto"":""Absorção e Liberação de Energia Cinética""}],""fraqueza"":[]},{""nome"":""Assassino da Weapon X"",""poder"":[{""texto"":""Traje de Supressão de Poderes""}],""fraqueza"":[{""texto"":""Lavagem Cerebral""}]},{""nome"":""3"",""poder"":[{""texto"":""Agente de Elite""},{""texto"":""Caçador de Mutantes Profissional""},{""texto"":""Treinamento de Combate""}],""fraqueza"":[{""texto"":""Culpa e Arrependimento""},{""texto"":""Limitações Humanas""}]},{""nome"":""4"",""poder"":[{""texto"":""Instinto de Sobrevivência""},{""texto"":""Resiliência Física e Mental""},{""texto"":""Perícia em Campo""}],""fraqueza"":[{""texto"":""Fama que Atrapalha""},{""texto"":""Responsabilidade que Pesa""}]}],""descricao"":""DEX 10 no pico absoluto — combatente de elite. STR/BOD no pico humano. A absorção cinética grau 4 e o traje de supressão grau 3 fazem dele ameaça a mutantes. Agente profissional de elite sem motivação fanática — apenas trabalho. Alemão de origem.\n---"",""iniciativa"":0}",true,,2026-04-09 01:20:42.164471+00,2026-07-13 16:50:57.438563+00,https://static.wikia.nocookie.net/marveldatabase/images/3/3f/Christoph_Nord_%28Earth-616%29_from_Doctor_Doom_Vol_1_1_001.jpg/revision/latest/scale-to-width-down/600?cb=20200217054730
38087585-90dc-4fe7-b128-b936d5c60c48,,Havok,Alex Summers,x-men,alto,"{""tags"":[{""texto"":""Anéis de Plasma Cósmico""},{""texto"":""Imunidade aos Poderes de Ciclope""},{""texto"":""Controle Instável""},{""texto"":""Liderança""},{""texto"":""Síndrome do Irmão Famoso""},{""texto"":""Reflexos Aguçados""},{""texto"":""Tática e Estratégia""},{""texto"":""Treinamento de Combate""},{""texto"":""Controle Instável sob Estresse""},{""texto"":""Limitações Humanas""},{""texto"":""Instinto de Sobrevivência""},{""texto"":""Resiliência Física e Mental""},{""texto"":""Perícia em Campo""},{""texto"":""Fama que Atrapalha""},{""texto"":""Responsabilidade que Pesa""},{""texto"":""Imunidade a Ciclope""},{""texto"":""Membro dos X-Men""},{""texto"":""Mutante de Elite""},{""texto"":""Veterano de Combate""},{""texto"":""Resistência Mental Treinada""}],""stats"":{""aura"":7,""corpo"":6,""mente"":7,""força"":5,""vontade"":7,""destreza"":7,""espírito"":7,""influência"":6,""inteligência"":7},""temas"":[{""nome"":""Anéis de Plasma"",""poder"":[{""texto"":""Anéis de Plasma Cósmico""},{""texto"":""Imunidade aos Poderes de Ciclope""}],""fraqueza"":[{""texto"":""Controle Instável""}]},{""nome"":""Liderança dos X-Men"",""poder"":[{""texto"":""Liderança""}],""fraqueza"":[{""texto"":""Síndrome do Irmão Famoso""}]},{""nome"":""3"",""poder"":[{""texto"":""Reflexos Aguçados""},{""texto"":""Tática e Estratégia""},{""texto"":""Treinamento de Combate""}],""fraqueza"":[{""texto"":""Controle Instável sob Estresse""},{""texto"":""Limitações Humanas""}]},{""nome"":""4"",""poder"":[{""texto"":""Instinto de Sobrevivência""},{""texto"":""Resiliência Física e Mental""},{""texto"":""Perícia em Campo""}],""fraqueza"":[{""texto"":""Fama que Atrapalha""},{""texto"":""Responsabilidade que Pesa""}]}],""descricao"":""Os anéis de plasma cósmico grau 5 são explosivos em área — difíceis de controlar com precisão. A imunidade aos poderes de Scott (grau 3) é única e misteriosa. As duas tags negativas (-2 cada) refletem a psicologia de Alex: sempre à sombra de Scott, às vezes impulsivo demais para se provar independente.\n---"",""iniciativa"":0}",true,,2026-04-09 01:20:42.164471+00,2026-07-13 16:50:57.438563+00,https://static.wikia.nocookie.net/marveldatabase/images/8/8d/Alexander_Summers_%28Earth-110%29_from_Big_Town_Vol_1_1.jpg/revision/latest/scale-to-width-down/600?cb=20160112161538
3cbde1b0-a42f-4b59-8278-94f3fc22bc16,,Scalphunter,John Greycrow,vilao,alto,"{""tags"":[{""texto"":""Atirador de Elite""},{""texto"":""Líder dos Marotos""},{""texto"":""Crueldade""},{""texto"":""Poder Mutante""},{""texto"":""Implacável""},{""texto"":""Cicatrizes Faciais""},{""texto"":""Culpa e Arrependimento""},{""texto"":""Limitações Humanas""},{""texto"":""Instinto de Sobrevivência""},{""texto"":""Resiliência Física e Mental""},{""texto"":""Perícia em Campo""},{""texto"":""Fama que Atrapalha""},{""texto"":""Responsabilidade que Pesa""},{""texto"":""Conhecido no Submundo Mutante""},{""texto"":""Mutante de Elite""},{""texto"":""Veterano de Combate""},{""texto"":""Reflexos Aguçados""},{""texto"":""Resistência Mental Treinada""},{""texto"":""Treinamento de Combate""},{""texto"":""Habilidade de Luta""}],""stats"":{""aura"":5,""corpo"":6,""mente"":6,""força"":5,""vontade"":7,""destreza"":8,""espírito"":5,""influência"":5,""inteligência"":6},""temas"":[{""nome"":""Atirador de Elite"",""poder"":[{""texto"":""Atirador de Elite""}],""fraqueza"":[]},{""nome"":""Maroto Líder"",""poder"":[{""texto"":""Líder dos Marotos""}],""fraqueza"":[{""texto"":""Crueldade""}]},{""nome"":""3"",""poder"":[{""texto"":""Poder Mutante""},{""texto"":""Implacável""},{""texto"":""Cicatrizes Faciais""}],""fraqueza"":[{""texto"":""Culpa e Arrependimento""},{""texto"":""Limitações Humanas""}]},{""nome"":""4"",""poder"":[{""texto"":""Instinto de Sobrevivência""},{""texto"":""Resiliência Física e Mental""},{""texto"":""Perícia em Campo""}],""fraqueza"":[{""texto"":""Fama que Atrapalha""},{""texto"":""Responsabilidade que Pesa""}]}],""descricao"":""DEX 8 e STR/BOD no pico humano. O atirador grau 5 é o centro — entre os melhores do planeta. O poder mutante grau 4 de criar e modificar armas é complementar: nunca fica sem munição ou arma. Líder dos Marotos, esquadrão de assassinos de Mister Sinister. Participou do Massacre dos Morlocks.\n---"",""iniciativa"":0}",true,,2026-04-09 01:20:42.164471+00,2026-07-13 16:50:57.438563+00,https://static.wikia.nocookie.net/marveldatabase/images/6/6b/John_Greycrow_%28Earth-161%29_from_X-Men_Forever_2_Vol_1_5_0001.jpg/revision/latest/scale-to-width-down/600?cb=20100823021936
3e715fd8-d847-481a-ac37-1cdd28fbee21,,Omerta,Paulie Provenzano,x-men,medio,"{""tags"":[{""texto"":""Pele de Metal Orgânico""},{""texto"":""Força Aumentada na Forma Metálica""},{""texto"":""Passado Mafioso""},{""texto"":""Ex-Família Mafiosa""},{""texto"":""Tática e Estratégia""},{""texto"":""Treinamento de Combate""},{""texto"":""Perdeu os Poderes no M-Day""},{""texto"":""Limitações Humanas""},{""texto"":""Instinto de Sobrevivência""},{""texto"":""Resiliência Física e Mental""},{""texto"":""Perícia em Campo""},{""texto"":""Fama que Atrapalha""},{""texto"":""Responsabilidade que Pesa""},{""texto"":""Membro dos X-Men""},{""texto"":""Mutante Experiente""}],""stats"":{""aura"":6,""corpo"":8,""mente"":5,""força"":7,""vontade"":7,""destreza"":5,""espírito"":6,""influência"":5,""inteligência"":4},""temas"":[{""nome"":""Campo de Força Pessoal"",""poder"":[{""texto"":""Pele de Metal Orgânico""}],""fraqueza"":[]},{""nome"":""Lei do Silêncio"",""poder"":[{""texto"":""Força Aumentada na Forma Metálica""}],""fraqueza"":[{""texto"":""Passado Mafioso""}]},{""nome"":""3"",""poder"":[{""texto"":""Ex-Família Mafiosa""},{""texto"":""Tática e Estratégia""},{""texto"":""Treinamento de Combate""}],""fraqueza"":[{""texto"":""Perdeu os Poderes no M-Day""},{""texto"":""Limitações Humanas""}]},{""nome"":""4"",""poder"":[{""texto"":""Instinto de Sobrevivência""},{""texto"":""Resiliência Física e Mental""},{""texto"":""Perícia em Campo""}],""fraqueza"":[{""texto"":""Fama que Atrapalha""},{""texto"":""Responsabilidade que Pesa""}]}],""descricao"":""STR 7 e BOD 8 acima do pico — metal orgânico. A pele metálica grau 4 e a força grau 4 fazem dele adversário sério. A origem mafiosa (grau 3) é tanto background quanto conjunto de contatos e instintos criminais. Perdeu os poderes no M-Day (-2). Ex-X-Man por período breve.\n---"",""iniciativa"":0}",true,,2026-04-09 01:20:42.164471+00,2026-07-13 16:50:57.438563+00,https://static.wikia.nocookie.net/marveldatabase/images/9/9d/Paul_Provenzano_%28Earth-616%29_from_X-Men_Earth%27s_Mutant_Heroes_Vol_1_1.png/revision/latest/scale-to-width-down/600?cb=20140129190031
3f6cc751-ffae-4e0a-9bbe-30cd89d25c66,,Mesmero,Mesmero,vilao,medio,"{""tags"":[{""texto"":""Hipnose em Massa""},{""texto"":""Ilusões Auxiliares""},{""texto"":""Viciado em Si Mesmo""},{""texto"":""Manipulação de Multidões""},{""texto"":""Tática e Estratégia""},{""texto"":""Treinamento de Combate""},{""texto"":""Físicamente Fraco""},{""texto"":""Limitações Humanas""},{""texto"":""Instinto de Sobrevivência""},{""texto"":""Resiliência Física e Mental""},{""texto"":""Perícia em Campo""},{""texto"":""Fama que Atrapalha""},{""texto"":""Responsabilidade que Pesa""},{""texto"":""Conhecido no Submundo Mutante""},{""texto"":""Mutante Experiente""}],""stats"":{""aura"":8,""corpo"":4,""mente"":9,""força"":3,""vontade"":7,""destreza"":5,""espírito"":7,""influência"":10,""inteligência"":7},""temas"":[{""nome"":""Hipnose"",""poder"":[{""texto"":""Hipnose em Massa""}],""fraqueza"":[]},{""nome"":""Artista Hipnótico"",""poder"":[{""texto"":""Ilusões Auxiliares""}],""fraqueza"":[{""texto"":""Viciado em Si Mesmo""}]},{""nome"":""3"",""poder"":[{""texto"":""Manipulação de Multidões""},{""texto"":""Tática e Estratégia""},{""texto"":""Treinamento de Combate""}],""fraqueza"":[{""texto"":""Físicamente Fraco""},{""texto"":""Limitações Humanas""}]},{""nome"":""4"",""poder"":[{""texto"":""Instinto de Sobrevivência""},{""texto"":""Resiliência Física e Mental""},{""texto"":""Perícia em Campo""}],""fraqueza"":[{""texto"":""Fama que Atrapalha""},{""texto"":""Responsabilidade que Pesa""}]}],""descricao"":""MEN 9 e INF 10 — hipnose grau 4 em massa é poder político de escala real. As ilusões auxiliares (grau 3) reforçam o efeito. A fragilidade física (-2) — se a hipnose falhar ou for quebrada, é vulnerável. Um dos primeiros vilões dos X-Men, frequentemente subestimado por ser hipnotizador \""básico\"".\n---"",""iniciativa"":0}",true,,2026-04-09 01:20:42.164471+00,2026-07-13 16:50:57.438563+00,https://static.wikia.nocookie.net/marveldatabase/images/a/a6/Mesmero_%28Vincent%29_%28Earth-127%29_from_Exiles_Vol_1_85_0001.jpg/revision/latest/scale-to-width-down/600?cb=20191228034125
402c216c-5e13-4daa-a782-53df0faa0cff,,Fixer,Fixer,vilao,baixo,"{""tags"":[{""texto"":""Conserto Rápido de Máquinas""},{""texto"":""Covarde""},{""texto"":""Perícia em Campo""},{""texto"":""Habilidade de Luta""},{""texto"":""Determinação Inabalável""},{""texto"":""Sem Poderes Mutantes""},{""texto"":""Dificuldade de Confiar nos Outros""},{""texto"":""Conhecido no Submundo Mutante""},{""texto"":""Mutante de Nível Baixo""}],""stats"":{""aura"":3,""corpo"":4,""mente"":4,""força"":3,""vontade"":4,""destreza"":4,""espírito"":3,""influência"":3,""inteligência"":5},""temas"":[{""nome"":""Gênio Técnico"",""poder"":[{""texto"":""Conserto Rápido de Máquinas""}],""fraqueza"":[{""texto"":""Covarde""}]},{""nome"":""2"",""poder"":[{""texto"":""Perícia em Campo""},{""texto"":""Habilidade de Luta""},{""texto"":""Determinação Inabalável""}],""fraqueza"":[{""texto"":""Sem Poderes Mutantes""},{""texto"":""Dificuldade de Confiar nos Outros""}]}],""descricao"":""Humano sem poderes, próximo ao baseline (2-4 em tudo). Especialista em consertar máquinas rapidamente — grau 2, habilidade técnica mas não mutante. Não é combatente (-2). Função de suporte e manutenção.\n---"",""iniciativa"":0}",true,,2026-04-09 01:20:42.164471+00,2026-07-13 16:50:57.438563+00,https://static.wikia.nocookie.net/marveldatabase/images/f/fd/Norbert_Ebersol_%28Earth-8096%29_from_Avengers_Earth%27s_Mightiest_Heroes_Vol_2_1_0001.jpg/revision/latest/scale-to-width-down/600?cb=20201219155349
43eb77d2-d86f-4f34-b439-d57962de8611,,Cameron Hodge,Cameron Hodge,vilao,medio,"{""tags"":[{""texto"":""Cyborg""},{""texto"":""Obsessão por Ciclope""},{""texto"":""Imortalidade Pela Preservação da Cabeça""},{""texto"":""Líder da Falange""},{""texto"":""Anti-Mutante Radical""},{""texto"":""Ex-Parceiro de Warren Worthington""},{""texto"":""Culpa e Arrependimento""},{""texto"":""Limitações Humanas""},{""texto"":""Instinto de Sobrevivência""},{""texto"":""Resiliência Física e Mental""},{""texto"":""Perícia em Campo""},{""texto"":""Fama que Atrapalha""},{""texto"":""Responsabilidade que Pesa""},{""texto"":""Conhecido no Submundo Mutante""},{""texto"":""Mutante Experiente""},{""texto"":""Treinamento de Combate""}],""stats"":{""aura"":5,""corpo"":7,""mente"":7,""força"":7,""vontade"":8,""destreza"":5,""espírito"":5,""influência"":6,""inteligência"":7},""temas"":[{""nome"":""Amigos da Humanidade"",""poder"":[{""texto"":""Cyborg""}],""fraqueza"":[{""texto"":""Obsessão por Ciclope""}]},{""nome"":""Pescoço Robótico"",""poder"":[{""texto"":""Imortalidade Pela Preservação da Cabeça""}],""fraqueza"":[]},{""nome"":""3"",""poder"":[{""texto"":""Líder da Falange""},{""texto"":""Anti-Mutante Radical""},{""texto"":""Ex-Parceiro de Warren Worthington""}],""fraqueza"":[{""texto"":""Culpa e Arrependimento""},{""texto"":""Limitações Humanas""}]},{""nome"":""4"",""poder"":[{""texto"":""Instinto de Sobrevivência""},{""texto"":""Resiliência Física e Mental""},{""texto"":""Perícia em Campo""}],""fraqueza"":[{""texto"":""Fama que Atrapalha""},{""texto"":""Responsabilidade que Pesa""}]}],""descricao"":""STR 7 e BOD 7 — corpo robótico. A imortalidade grau 4 — a cabeça preservada é virtualmente indestrutível. O ódio anti-mutante (grau 4) é mais intenso que qualquer humano normal — transcende o corpo e a razão. A traição de Warren Worthington (grau 3 de background) define toda a persona.\n---"",""iniciativa"":0}",true,,2026-04-09 01:20:42.164471+00,2026-07-13 16:50:57.438563+00,https://static.wikia.nocookie.net/marveldatabase/images/e/e3/Cameron_Hodge_%28Earth-161%29_from_X-Men_Forever_2_Vol_1_13_001.jpg/revision/latest/scale-to-width-down/600?cb=20101219223709
450e6e3e-d375-4c54-a732-89d579067fc4,,Emma Frost,Rainha Branca,x-men,extremo,"{""tags"":[{""texto"":""Professora Brutal""},{""texto"":""Ex-Rainha do Clube do Inferno""},{""texto"":""Telepatia Ômega""},{""texto"":""Manipulação Psicológica Refinada""},{""texto"":""Forma de Diamante""},{""texto"":""Sem Telepatia em Forma de Diamante""},{""texto"":""Lealdade Feroz aos Alunos""},{""texto"":""Mentora Brutal e Exigente""},{""texto"":""Luto pelos Hellions Assassinados""},{""texto"":""Passado Villão Assombra""},{""texto"":""Manipulação Psíquica Sutil""},{""texto"":""Mente Tática e Inescrupulosa""},{""texto"":""Arrogância como Escudo""},{""texto"":""Pragmatismo Moralmente Cinzento""},{""texto"":""Dificuldade de Confiar""},{""texto"":""Professora Exigente e Eficaz""},{""texto"":""Lealdade aos Alunos""},{""texto"":""Membro dos X-Men""},{""texto"":""Mutante de Niveau Ômega ou Equivalente""},{""texto"":""Décadas de Experiência de Combate""},{""texto"":""Mestre Tático""},{""texto"":""Vontade Indomável""},{""texto"":""Rede de Contatos e Aliados""},{""texto"":""Ameaça Nível Global""},{""texto"":""Treinamento de Combate""}],""stats"":{""aura"":12,""corpo"":5,""mente"":13,""força"":5,""vontade"":11,""destreza"":6,""influência"":11,""inteligência"":11},""temas"":[{""nome"":""Rainha do Clube do Inferno"",""poder"":[{""texto"":""Professora Brutal""},{""texto"":""Ex-Rainha do Clube do Inferno""}],""fraqueza"":[]},{""nome"":""Telepatia Ofensiva"",""poder"":[{""texto"":""Telepatia Ômega""},{""texto"":""Manipulação Psicológica Refinada""}],""fraqueza"":[]},{""nome"":""Diamante"",""poder"":[{""texto"":""Forma de Diamante""}],""fraqueza"":[{""texto"":""Sem Telepatia em Forma de Diamante""}]},{""nome"":""Professora dos Perdidos"",""poder"":[{""texto"":""Lealdade Feroz aos Alunos""},{""texto"":""Mentora Brutal e Exigente""}],""fraqueza"":[{""texto"":""Luto pelos Hellions Assassinados""},{""texto"":""Passado Villão Assombra""}]},{""nome"":""Frieza Calculista"",""poder"":[{""texto"":""Manipulação Psíquica Sutil""},{""texto"":""Mente Tática e Inescrupulosa""}],""fraqueza"":[{""texto"":""Arrogância como Escudo""},{""texto"":""Pragmatismo Moralmente Cinzento""},{""texto"":""Dificuldade de Confiar""}]}],""descricao"":""MEN 13 supera todos os humanos. AUR 12 no teto. Forma de diamante: invulnerável mas perde toda a telepatia (-3 — um ponto cego estratégico real). INT 11 e INF 11 refletem décadas de manipulação política. Após a morte de seus alunos Generation X, mudou de lado.\n---"",""iniciativa"":0}",true,,2026-04-09 01:20:42.164471+00,2026-07-13 16:50:57.438563+00,https://static.wikia.nocookie.net/marveldatabase/images/d/d3/Emma_Frost_%28Earth-63%29_from_Bishop_War_College_Vol_1_3_001.jpg/revision/latest/scale-to-width-down/600?cb=20230426211406
462f4f57-ace7-4e44-9e31-8da61467b1ff,,Trevor Fitzroy,Trevor Fitzroy,clube-do-inferno,alto,"{""tags"":[{""texto"":""Portais Dimensionais""},{""texto"":""Viagem Temporal""},{""texto"":""Ambicioso e Cruel""},{""texto"":""Reflexos Aguçados""},{""texto"":""Tática e Estratégia""},{""texto"":""Treinamento de Combate""},{""texto"":""Sadismo""},{""texto"":""Dependência de Energia Vital para o Poder""},{""texto"":""Instinto de Sobrevivência""},{""texto"":""Resiliência Física e Mental""},{""texto"":""Perícia em Campo""},{""texto"":""Fama que Atrapalha""},{""texto"":""Responsabilidade que Pesa""},{""texto"":""Portal Temporal""},{""texto"":""Ambicioso""},{""texto"":""Membro do Clube do Inferno""},{""texto"":""Mutante de Elite""},{""texto"":""Veterano de Combate""},{""texto"":""Resistência Mental Treinada""},{""texto"":""Habilidade de Luta""}],""stats"":{""aura"":7,""corpo"":6,""mente"":7,""força"":5,""vontade"":7,""destreza"":6,""espírito"":7,""influência"":6,""inteligência"":7},""temas"":[{""nome"":""Portal Temporal"",""poder"":[{""texto"":""Portais Dimensionais""}],""fraqueza"":[]},{""nome"":""Assassino do Tempo"",""poder"":[{""texto"":""Viagem Temporal""}],""fraqueza"":[{""texto"":""Ambicioso e Cruel""}]},{""nome"":""3"",""poder"":[{""texto"":""Reflexos Aguçados""},{""texto"":""Tática e Estratégia""},{""texto"":""Treinamento de Combate""}],""fraqueza"":[{""texto"":""Sadismo""},{""texto"":""Dependência de Energia Vital para o Poder""}]},{""nome"":""4"",""poder"":[{""texto"":""Instinto de Sobrevivência""},{""texto"":""Resiliência Física e Mental""},{""texto"":""Perícia em Campo""}],""fraqueza"":[{""texto"":""Fama que Atrapalha""},{""texto"":""Responsabilidade que Pesa""}]}],""descricao"":""Os portais grau 5 e viagem temporal grau 4 são poderosos — mas requerem energia vital de vítimas (-3 como restrição e fraqueza moral). O sadismo (-2) representa tanto traço de personalidade quanto vulnerabilidade: fica preso em situações onde matar prejudica mais do que ajuda. Responsável pelo massacre dos Hellions originais.\n---"",""iniciativa"":0}",true,,2026-04-09 01:20:42.164471+00,2026-07-13 16:50:57.438563+00,https://static.wikia.nocookie.net/marveldatabase/images/5/5e/Trevor_Fitzroy_%28Earth-9684%29_from_What_If...%3F_Vol_1_84_0001.jpg/revision/latest/scale-to-width-down/600?cb=20200409005124
4c0ef9f8-fdad-4853-9050-5ea12c29d743,,Ciclope,Scott Summers,x-men,alto,"{""tags"":[{""texto"":""Rajada Óptica de Força Cinética""},{""texto"":""Precisão Cirúrgica de Tiro""},{""texto"":""Sem Controle sem o Visor""},{""texto"":""Liderança Tática de Elite""},{""texto"":""Estrategista de Campo""},{""texto"":""Matou Xavier para Salvar os Mutantes""},{""texto"":""Líder dos X-Men""},{""texto"":""Estrategista Nato""},{""texto"":""Peso de Matar o Mentor""},{""texto"":""Amor por Jean Grey""},{""texto"":""Relação Conturbada com o Pai""},{""texto"":""Rigidez Emocional""},{""texto"":""Não Consegue Parar de Liderar""},{""texto"":""Comandante de Campo""},{""texto"":""Disciplina de Aço""},{""texto"":""Peso da Responsabilidade""},{""texto"":""Membro dos X-Men""},{""texto"":""Mutante de Elite""},{""texto"":""Veterano de Combate""},{""texto"":""Reflexos Aguçados""},{""texto"":""Resistência Mental Treinada""}],""stats"":{""aura"":7,""corpo"":6,""mente"":8,""força"":5,""vontade"":10,""destreza"":9,""espírito"":9,""influência"":8,""inteligência"":8},""temas"":[{""nome"":""Rajada Óptica"",""poder"":[{""texto"":""Rajada Óptica de Força Cinética""},{""texto"":""Precisão Cirúrgica de Tiro""}],""fraqueza"":[{""texto"":""Sem Controle sem o Visor""}]},{""nome"":""Comandante de Campo"",""poder"":[{""texto"":""Liderança Tática de Elite""},{""texto"":""Estrategista de Campo""}],""fraqueza"":[]},{""nome"":""Revolucionário Relutante"",""poder"":[{""texto"":""Matou Xavier para Salvar os Mutantes""},{""texto"":""Líder dos X-Men""},{""texto"":""Estrategista Nato""}],""fraqueza"":[{""texto"":""Peso de Matar o Mentor""}]},{""nome"":""Repressão de Aço"",""poder"":[{""texto"":""Amor por Jean Grey""},{""texto"":""Relação Conturbada com o Pai""}],""fraqueza"":[{""texto"":""Rigidez Emocional""},{""texto"":""Não Consegue Parar de Liderar""}]}],""descricao"":""O primeiro estudante de Xavier e líder de campo dos X-Men. DEX 9 e STR/BOD no pico humano — fisicamente é a elite do humano possível. Vontade 10 supera o limite humano, forjada em anos de responsabilidade. A rajada óptica (grau 5) é devastadora. Sem o visor é uma ameaça incontrolável.\n---"",""iniciativa"":0}",true,,2026-04-09 01:20:42.164471+00,2026-07-13 16:50:57.438563+00,https://static.wikia.nocookie.net/marveldatabase/images/8/87/Scott_Summers_%28Earth-12%29_from_Exiles_Vol_1_14_001.jpg/revision/latest/scale-to-width-down/600?cb=20191231015149
4d6d4342-7352-46bc-9016-b66d0f690dfd,,Madrox,Jamie Madrox / O Homem Múltiplo,geracaox,medio,"{""tags"":[{""texto"":""Criação de Duplicatas ao Impacto""},{""texto"":""Absorção de Duplicatas com Memórias e Habilidades""},{""texto"":""Personalidades se Dividem""},{""texto"":""Detetive Particular""},{""texto"":""Cada Duplicata Desenvolve Personalidade Própria""},{""texto"":""Treinamento de Combate""},{""texto"":""Instabilidade de Identidade""},{""texto"":""Limitações Humanas""},{""texto"":""Instinto de Sobrevivência""},{""texto"":""Resiliência Física e Mental""},{""texto"":""Perícia em Campo""},{""texto"":""Fama que Atrapalha""},{""texto"":""Responsabilidade que Pesa""},{""texto"":""Membro da X-Force / X-Corp""},{""texto"":""Mutante Experiente""}],""stats"":{""aura"":7,""corpo"":5,""mente"":8,""força"":4,""vontade"":7,""destreza"":6,""espírito"":7,""influência"":7,""inteligência"":8},""temas"":[{""nome"":""Múltiplas Cópias"",""poder"":[{""texto"":""Criação de Duplicatas ao Impacto""}],""fraqueza"":[]},{""nome"":""Detetive Particular"",""poder"":[{""texto"":""Absorção de Duplicatas com Memórias e Habilidades""}],""fraqueza"":[{""texto"":""Personalidades se Dividem""}]},{""nome"":""3"",""poder"":[{""texto"":""Detetive Particular""},{""texto"":""Cada Duplicata Desenvolve Personalidade Própria""},{""texto"":""Treinamento de Combate""}],""fraqueza"":[{""texto"":""Instabilidade de Identidade""},{""texto"":""Limitações Humanas""}]},{""nome"":""4"",""poder"":[{""texto"":""Instinto de Sobrevivência""},{""texto"":""Resiliência Física e Mental""},{""texto"":""Perícia em Campo""}],""fraqueza"":[{""texto"":""Fama que Atrapalha""},{""texto"":""Responsabilidade que Pesa""}]}],""descricao"":""A criação de duplicatas grau 5 é ilimitada — pode criar um exército de si mesmo. A absorção grau 4 é a metade mais poderosa: reintegra duplicatas ganhando suas memórias e habilidades aprendidas separadas. A instabilidade de identidade (-3) é profunda: depois de décadas criando duplicatas com personalidades distintas, Jamie não sabe mais quem é o \""original\"".\n---"",""iniciativa"":0}",true,,2026-04-09 01:20:42.164471+00,2026-07-13 16:50:57.438563+00,https://static.wikia.nocookie.net/marveldatabase/images/f/f8/James_Madrox_%28Earth-161%29_from_X-Men_Forever_2_Vol_1_2_0001.jpg/revision/latest?cb=20221119013159
4e2cac2d-0626-4714-942f-34d9f8857a8b,,Graydon Creed,Graydon Creed,vilao,baixo,"{""tags"":[{""texto"":""Filho de Mystique e Sabretooth""},{""texto"":""Filho de Mística e Sabretooth""},{""texto"":""Líder dos Amigos da Humanidade""},{""texto"":""Orador e Manipulador Político""},{""texto"":""Determinação Inabalável""},{""texto"":""Humano Sem Poderes""},{""texto"":""Dificuldade de Confiar nos Outros""},{""texto"":""Conhecido no Submundo Mutante""},{""texto"":""Mutante de Nível Baixo""}],""stats"":{""aura"":5,""corpo"":4,""mente"":5,""força"":3,""vontade"":6,""destreza"":4,""espírito"":5,""influência"":6,""inteligência"":5},""temas"":[{""nome"":""Político Anti-Mutante"",""poder"":[{""texto"":""Filho de Mystique e Sabretooth""}],""fraqueza"":[{""texto"":""Filho de Mística e Sabretooth""}]},{""nome"":""2"",""poder"":[{""texto"":""Líder dos Amigos da Humanidade""},{""texto"":""Orador e Manipulador Político""},{""texto"":""Determinação Inabalável""}],""fraqueza"":[{""texto"":""Humano Sem Poderes""},{""texto"":""Dificuldade de Confiar nos Outros""}]}],""descricao"":""Atributos acima do baseline em INF e VON — político habilidoso. Filho de dois mutantes que se tornou o maior anti-mutante. O papel de líder político (grau 4) representa perigo real — não de combate, mas de política pública. O ódio pelos pais motiva toda a ideologia. Assassinado após ascensão política.\n---"",""iniciativa"":0}",true,,2026-04-09 01:20:42.164471+00,2026-07-13 16:50:57.438563+00,https://static.wikia.nocookie.net/marveldatabase/images/4/4a/Graydon_Creed_%28Earth-295%29_from_Point_One_Vol_1_1_001.jpg/revision/latest/scale-to-width-down/600?cb=20111109213612
4e2e3a95-4149-41f7-b743-d41d26f854a0,,Larry Trask,Larry Trask,vilao,medio,"{""tags"":[{""texto"":""Precognição""},{""texto"":""Ódio Hereditário""},{""texto"":""Herdeiro do Programa Sentinel""},{""texto"":""Habilidade de Luta""},{""texto"":""Determinação Inabalável""},{""texto"":""Paranoia Alimentada por Visões""},{""texto"":""Dificuldade de Confiar nos Outros""},{""texto"":""Reflexos Aguçados""},{""texto"":""Tática e Estratégia""},{""texto"":""Treinamento de Combate""},{""texto"":""Culpa e Arrependimento""},{""texto"":""Limitações Humanas""},{""texto"":""Instinto de Sobrevivência""},{""texto"":""Resiliência Física e Mental""},{""texto"":""Perícia em Campo""},{""texto"":""Fama que Atrapalha""},{""texto"":""Responsabilidade que Pesa""},{""texto"":""Conhecido no Submundo Mutante""},{""texto"":""Mutante Experiente""}],""stats"":{""aura"":5,""corpo"":4,""mente"":7,""força"":3,""vontade"":7,""destreza"":4,""espírito"":5,""influência"":6,""inteligência"":8},""temas"":[{""nome"":""Criador de Sentinelas"",""poder"":[{""texto"":""Precognição""}],""fraqueza"":[{""texto"":""Ódio Hereditário""}]},{""nome"":""2"",""poder"":[{""texto"":""Herdeiro do Programa Sentinel""},{""texto"":""Habilidade de Luta""},{""texto"":""Determinação Inabalável""}],""fraqueza"":[{""texto"":""Paranoia Alimentada por Visões""},{""texto"":""Dificuldade de Confiar nos Outros""}]},{""nome"":""3"",""poder"":[{""texto"":""Reflexos Aguçados""},{""texto"":""Tática e Estratégia""},{""texto"":""Treinamento de Combate""}],""fraqueza"":[{""texto"":""Culpa e Arrependimento""},{""texto"":""Limitações Humanas""}]},{""nome"":""4"",""poder"":[{""texto"":""Instinto de Sobrevivência""},{""texto"":""Resiliência Física e Mental""},{""texto"":""Perícia em Campo""}],""fraqueza"":[{""texto"":""Fama que Atrapalha""},{""texto"":""Responsabilidade que Pesa""}]}],""descricao"":""INT 8 próxima ao pico humano. A precognição grau 4 é poder mutante real — mas a paranoia alimentada pelas visões (-3) distorce o julgamento. Vê o futuro mas interpreta tudo através da lente do ódio. Filho de Bolivar, continuou o programa Sentinel. A ironia — mutante que caça mutantes.\n---"",""iniciativa"":0}",true,,2026-04-09 01:20:42.164471+00,2026-07-13 16:50:57.438563+00,
4f431ae8-a057-4a0f-98a2-2eb3a09da8f8,,Cable,Nathan Summers,geracaox,extremo,"{""tags"":[{""texto"":""Guerrilheiro de Elite""},{""texto"":""Armamento de Alto Calibre""},{""texto"":""Obsessão em Salvar o Amanhã""},{""texto"":""Braço e Olho Biônicos TOV""},{""texto"":""Telepatia e Telecinesia Suprimidas""},{""texto"":""Vírus Techno-Orgânico o Consome""},{""texto"":""Liderança da X-Force""},{""texto"":""Pai Adotivo de Hope Summers""},{""texto"":""Estrategista Pós-Apocalíptico""},{""texto"":""Poder Psíquico Dividido com o Vírus""},{""texto"":""Fundador da X-Force""},{""texto"":""Resiliência Física e Mental""},{""texto"":""Perícia em Campo""},{""texto"":""Vírus Techno-Orgânico""},{""texto"":""Obsessão com o Futuro""},{""texto"":""Habilidade de Luta""},{""texto"":""Determinação Inabalável""},{""texto"":""Reflexos Aguçados""},{""texto"":""Passado que Assombra""},{""texto"":""Conflitos Internos""},{""texto"":""Armamento Pesado""},{""texto"":""Membro da X-Force / X-Corp""},{""texto"":""Mutante de Niveau Ômega ou Equivalente""},{""texto"":""Décadas de Experiência de Combate""},{""texto"":""Mestre Tático""},{""texto"":""Vontade Indomável""},{""texto"":""Rede de Contatos e Aliados""},{""texto"":""Ameaça Nível Global""}],""stats"":{""aura"":8,""corpo"":10,""mente"":10,""força"":10,""vontade"":11,""destreza"":8,""espírito"":10,""influência"":7,""inteligência"":10},""temas"":[{""nome"":""Messias do Futuro"",""poder"":[{""texto"":""Guerrilheiro de Elite""},{""texto"":""Armamento de Alto Calibre""}],""fraqueza"":[{""texto"":""Obsessão em Salvar o Amanhã""}]},{""nome"":""Vírus Techno-Orgânico"",""poder"":[{""texto"":""Braço e Olho Biônicos TOV""},{""texto"":""Telepatia e Telecinesia Suprimidas""}],""fraqueza"":[{""texto"":""Vírus Techno-Orgânico o Consome""}]},{""nome"":""Soldado de Dois Mundos"",""poder"":[{""texto"":""Liderança da X-Force""},{""texto"":""Pai Adotivo de Hope Summers""},{""texto"":""Estrategista Pós-Apocalíptico""}],""fraqueza"":[{""texto"":""Poder Psíquico Dividido com o Vírus""}]},{""nome"":""4"",""poder"":[{""texto"":""Fundador da X-Force""},{""texto"":""Resiliência Física e Mental""},{""texto"":""Perícia em Campo""}],""fraqueza"":[{""texto"":""Vírus Techno-Orgânico""},{""texto"":""Obsessão com o Futuro""}]},{""nome"":""5"",""poder"":[{""texto"":""Habilidade de Luta""},{""texto"":""Determinação Inabalável""},{""texto"":""Reflexos Aguçados""}],""fraqueza"":[{""texto"":""Passado que Assombra""},{""texto"":""Conflitos Internos""}]}],""descricao"":""STR 10 e BOD 10 sobrehumanos — produto de décadas de guerra no futuro + implantes TOV. VON 11 supera o pico humano. A tag -4 do vírus é a restrição central: a maior parte dos poderes psíquicos vai para conter a progressão do TOV. Filho de Ciclope enviado ao futuro como bebê.\n---"",""iniciativa"":0}",true,,2026-04-09 01:20:42.164471+00,2026-07-13 16:50:57.438563+00,https://static.wikia.nocookie.net/marveldatabase/images/a/a6/Nathan_Summers_%28Earth-161%29_from_X-Men_Forever_Vol_2_10_001.jpg/revision/latest/scale-to-width-down/600?cb=20091030014033
516686aa-6614-4d00-83f1-182cc0c499de,,Garoto Chuva,Rain Boy,x-men,medio,"{""tags"":[{""grau"":4,""texto"":""Fisiologia Aquática""},{""grau"":4,""texto"":""Provoca Chuva Localizada""},{""grau"":3,""texto"":""Fluidez que Absorve Golpes""},{""grau"":3,""texto"":""Controle da Umidade""},{""grau"":3,""texto"":""Sensibilidade Emocional Profunda""},{""grau"":2,""texto"":""Doçura Melancólica""},{""grau"":2,""texto"":""Aluno do Instituto Xavier""},{""grau"":2,""texto"":""Bondade Genuína""},{""grau"":3,""texto"":""Chove Quando Fica Triste""},{""grau"":3,""texto"":""Melancolia que Afasta""},{""grau"":2,""texto"":""Frágil a Rejeições""},{""grau"":2,""texto"":""Novato Inseguro""}],""stats"":{""aura"":7,""corpo"":4,""mente"":6,""força"":3,""vontade"":5,""destreza"":6,""espírito"":6,""influência"":5,""inteligência"":6},""temas"":[{""nome"":""Corpo de Água"",""poder"":[{""grau"":4,""texto"":""Fisiologia Aquática""},{""grau"":4,""texto"":""Provoca Chuva Localizada""},{""grau"":3,""texto"":""Fluidez que Absorve Golpes""},{""grau"":3,""texto"":""Controle da Umidade""}],""fraqueza"":[]},{""nome"":""Céu Nublado"",""poder"":[{""grau"":3,""texto"":""Sensibilidade Emocional Profunda""},{""grau"":2,""texto"":""Doçura Melancólica""}],""fraqueza"":[]},{""nome"":""Alma Sensível"",""poder"":[{""grau"":2,""texto"":""Aluno do Instituto Xavier""},{""grau"":2,""texto"":""Bondade Genuína""}],""fraqueza"":[]},{""nome"":""Tempestade Interior"",""poder"":[],""fraqueza"":[{""grau"":3,""texto"":""Chove Quando Fica Triste""},{""grau"":3,""texto"":""Melancolia que Afasta""},{""grau"":2,""texto"":""Frágil a Rejeições""},{""grau"":2,""texto"":""Novato Inseguro""}]}],""descricao"":""O Garoto Chuva é feito de água – a sua forma é fluida e a sua personalidade reflecte o clima. Quando está feliz, há uma brisa suave; quando triste, uma chuva fina cai sobre ele. É doce e sensível, mas a sua melancolia afasta os outros. Precisa aprender a ver o sol para além das nuvens."",""iniciativa"":19}",true,,2026-07-12 18:05:40.319941+00,2026-07-12 19:52:11.358358+00,
517e31fd-4c46-4631-94e7-b37aab983717,,Agente S.H.I.E.L.D.,Operativo de Campo,humano,baixo,"{""tags"":[{""texto"":""Treinamento Tático de Elite""},{""texto"":""Fama que Atrapalha""},{""texto"":""Armamento de Alta Tecnologia S.H.I.E.L.D.""},{""texto"":""Lealdade à Organização""},{""texto"":""Determinação Inabalável""},{""texto"":""Sem Poderes Mutantes""},{""texto"":""Dificuldade de Confiar nos Outros""},{""texto"":""Humano com Acesso a Alto Escalão""},{""texto"":""Mutante de Nível Baixo""}],""stats"":{""aura"":4,""corpo"":5,""mente"":5,""força"":4,""vontade"":6,""destreza"":6,""espírito"":5,""influência"":4,""inteligência"":5},""temas"":[{""nome"":""Agente S.H.I.E.L.D."",""poder"":[{""texto"":""Treinamento Tático de Elite""}],""fraqueza"":[{""texto"":""Fama que Atrapalha""}]},{""nome"":""2"",""poder"":[{""texto"":""Armamento de Alta Tecnologia S.H.I.E.L.D.""},{""texto"":""Lealdade à Organização""},{""texto"":""Determinação Inabalável""}],""fraqueza"":[{""texto"":""Sem Poderes Mutantes""},{""texto"":""Dificuldade de Confiar nos Outros""}]}],""descricao"":""Atributos acima da média humana mas abaixo do pico — treinamento de elite. DEX 6 e VON 6. Tags de grau médio (3). A falta de poderes mutantes (-2) é vulnerabilidade real contra X-Men ou vilões de escala similar. Aliados ou inimigos dependendo da missão e da política vigente.\n---"",""iniciativa"":0}",true,,2026-04-09 01:20:42.164471+00,2026-07-13 16:50:57.438563+00,https://static.wikia.nocookie.net/marveldatabase/images/d/d3/Super_Human_Intelligence_Extra-Legal_Division_%28Earth-616%29_from_Mystique_Vol_2_1_001.png/revision/latest/scale-to-width-down/600?cb=20241028134913
5284ea65-8bb6-481c-b27c-284ed4ac19d6,,Shinobi Shaw,Shinobi Shaw,clube-do-inferno,medio,"{""tags"":[{""texto"":""Intangibilidade""},{""texto"":""Manipulador Político""},{""texto"":""À Sombra do Pai""},{""texto"":""Tentou Assassinar o Próprio Pai""},{""texto"":""Tática e Estratégia""},{""texto"":""Treinamento de Combate""},{""texto"":""Instabilidade""},{""texto"":""Limitações Humanas""},{""texto"":""Instinto de Sobrevivência""},{""texto"":""Resiliência Física e Mental""},{""texto"":""Perícia em Campo""},{""texto"":""Fama que Atrapalha""},{""texto"":""Responsabilidade que Pesa""},{""texto"":""Tecnopatia""},{""texto"":""Herdeiro""},{""texto"":""Sombra do Pai""},{""texto"":""Membro do Clube do Inferno""},{""texto"":""Mutante Experiente""}],""stats"":{""aura"":8,""corpo"":6,""mente"":7,""força"":5,""vontade"":7,""destreza"":6,""espírito"":7,""influência"":8,""inteligência"":7},""temas"":[{""nome"":""Tecnopatia"",""poder"":[{""texto"":""Intangibilidade""}],""fraqueza"":[]},{""nome"":""Herdeiro do Clube"",""poder"":[{""texto"":""Manipulador Político""}],""fraqueza"":[{""texto"":""À Sombra do Pai""}]},{""nome"":""3"",""poder"":[{""texto"":""Tentou Assassinar o Próprio Pai""},{""texto"":""Tática e Estratégia""},{""texto"":""Treinamento de Combate""}],""fraqueza"":[{""texto"":""Instabilidade""},{""texto"":""Limitações Humanas""}]},{""nome"":""4"",""poder"":[{""texto"":""Instinto de Sobrevivência""},{""texto"":""Resiliência Física e Mental""},{""texto"":""Perícia em Campo""}],""fraqueza"":[{""texto"":""Fama que Atrapalha""},{""texto"":""Responsabilidade que Pesa""}]}],""descricao"":""A intangibilidade grau 4 permite atravessar qualquer matéria. INF 8 e AUR 8 — manipulador político treinado desde criança no Clube do Inferno. A tentativa de parricídio (grau 3 como traço de personalidade) define sua ambição extrema. A instabilidade (-2) — tende a agir por impulso, o que corrói sua posição.\n---"",""iniciativa"":0}",true,,2026-04-09 01:20:42.164471+00,2026-07-13 16:50:57.438563+00,https://static.wikia.nocookie.net/marveldatabase/images/6/68/Shinobi_Shaw_%28Earth-811%29_from_Wolverine_Days_of_Future_Past_Vol_1_3_001.jpg/revision/latest/scale-to-width-down/600?cb=20091018031952
53bdf523-02e6-4213-804c-8ad3a70fe3e1,,Colossus,Piotr Rasputin,x-men,alto,"{""tags"":[{""texto"":""Transformação em Aço Orgânico Indestrutível""},{""texto"":""Força Colossal""},{""texto"":""Invulnerabilidade ao Dano Físico Convencional""},{""texto"":""Espírito Gentil""},{""texto"":""Conflitos Internos""},{""texto"":""Artista e Pintor Sensível""},{""texto"":""Lealdade à Irmã Magik""},{""texto"":""Força Interior""},{""texto"":""Força Sobre-humana""},{""texto"":""Pele de Aço Orgânico""},{""texto"":""Pesa a Perda de Seus Amigos""},{""texto"":""Manso Demais para Ser Cruel""},{""texto"":""Artista e Pintor""},{""texto"":""Protetor da Família Rasputin""},{""texto"":""Perda de Amigos Pesa""},{""texto"":""Membro dos X-Men""},{""texto"":""Mutante de Elite""},{""texto"":""Veterano de Combate""},{""texto"":""Reflexos Aguçados""},{""texto"":""Resistência Mental Treinada""}],""stats"":{""aura"":6,""corpo"":13,""mente"":6,""força"":14,""vontade"":7,""destreza"":6,""espírito"":9,""influência"":6,""inteligência"":5},""temas"":[{""nome"":""Aço Orgânico"",""poder"":[{""texto"":""Transformação em Aço Orgânico Indestrutível""},{""texto"":""Força Colossal""},{""texto"":""Invulnerabilidade ao Dano Físico Convencional""}],""fraqueza"":[{""texto"":""Espírito Gentil""},{""texto"":""Conflitos Internos""}]},{""nome"":""Artista e Guerreiro"",""poder"":[{""texto"":""Artista e Pintor Sensível""}],""fraqueza"":[]},{""nome"":""Protetor da Família"",""poder"":[{""texto"":""Lealdade à Irmã Magik""},{""texto"":""Força Interior""}],""fraqueza"":[]},{""nome"":""Gigante Gentil"",""poder"":[{""texto"":""Força Sobre-humana""},{""texto"":""Pele de Aço Orgânico""}],""fraqueza"":[{""texto"":""Pesa a Perda de Seus Amigos""},{""texto"":""Manso Demais para Ser Cruel""}]}],""descricao"":""STR 14 e BOD 13 — claramente sobrehumano. Em aço orgânico, invulnerável a dano físico convencional (grau 5). Iniciativa baixa (5) reflete o peso da forma metálica. ESP 9 — alma profunda e código de honra. O contraste entre aparência brutal e sensibilidade artística define o personagem.\n---"",""iniciativa"":0}",true,,2026-04-09 01:20:42.164471+00,2026-07-13 16:50:57.438563+00,https://static.wikia.nocookie.net/marveldatabase/images/1/1a/Piotr_Rasputin_%28Earth-63%29_from_Bishop_War_College_Vol_1_1_cover.jpg/revision/latest/scale-to-width-down/600?cb=20230426195333
5437e619-8de7-428f-abb7-12e896ae80d3,,Jetstream,Haroun ibn Sallah,clube-do-inferno,baixo,"{""tags"":[{""texto"":""Propulsão a Jato Biológica""},{""texto"":""Conflitos Internos""},{""texto"":""Dificuldade de Confiar nos Outros""},{""texto"":""Rival de Cannonball""},{""texto"":""Impulsividade""},{""texto"":""Membro do Clube do Inferno""},{""texto"":""Mutante de Nível Baixo""},{""texto"":""Saudita""}],""stats"":{""aura"":6,""corpo"":5,""mente"":5,""força"":4,""vontade"":5,""destreza"":6,""espírito"":5,""influência"":5,""inteligência"":5},""temas"":[{""nome"":""Propulsão a Jato"",""poder"":[{""texto"":""Propulsão a Jato Biológica""}],""fraqueza"":[{""texto"":""Conflitos Internos""},{""texto"":""Dificuldade de Confiar nos Outros""}]},{""nome"":""Hellion"",""poder"":[{""texto"":""Rival de Cannonball""}],""fraqueza"":[{""texto"":""Impulsividade""}]}],""descricao"":""Atributos próximos ao pico humano. A propulsão a jato grau 3 é menos potente que a de Cannonball — Haroun voa mas não tem a invulnerabilidade em movimento de Sam. Ex-membro dos Hellions, morreu em combate. Saudita, treinamento distinto do padrão americano.\n---"",""iniciativa"":0}",true,,2026-04-09 01:20:42.164471+00,2026-07-13 16:50:57.438563+00,https://static.wikia.nocookie.net/marveldatabase/images/b/ba/Haroun_ibn_Sallah_al-Rashid_%28Earth-12934%29_from_New_Mutants_Vol_3_48_0002.jpg/revision/latest/scale-to-width-down/600?cb=20140303010625
574af4ba-9612-44d1-9b04-8f4e39e78429,,Bolt,Christopher Bradley,vilao,medio,"{""tags"":[{""texto"":""Projeção de Rajadas Elétricas""},{""texto"":""Ex-Militar""},{""texto"":""Habilidade de Luta""},{""texto"":""Determinação Inabalável""},{""texto"":""Impulsividade""},{""texto"":""Dificuldade de Confiar nos Outros""},{""texto"":""Reflexos Aguçados""},{""texto"":""Tática e Estratégia""},{""texto"":""Treinamento de Combate""},{""texto"":""Culpa e Arrependimento""},{""texto"":""Limitações Humanas""},{""texto"":""Instinto de Sobrevivência""},{""texto"":""Resiliência Física e Mental""},{""texto"":""Perícia em Campo""},{""texto"":""Fama que Atrapalha""},{""texto"":""Responsabilidade que Pesa""},{""texto"":""Conhecido no Submundo Mutante""},{""texto"":""Mutante Experiente""}],""stats"":{""aura"":6,""corpo"":6,""mente"":5,""força"":5,""vontade"":6,""destreza"":7,""espírito"":6,""influência"":5,""inteligência"":5},""temas"":[{""nome"":""Eletricidade"",""poder"":[{""texto"":""Projeção de Rajadas Elétricas""}],""fraqueza"":[]},{""nome"":""2"",""poder"":[{""texto"":""Ex-Militar""},{""texto"":""Habilidade de Luta""},{""texto"":""Determinação Inabalável""}],""fraqueza"":[{""texto"":""Impulsividade""},{""texto"":""Dificuldade de Confiar nos Outros""}]},{""nome"":""3"",""poder"":[{""texto"":""Reflexos Aguçados""},{""texto"":""Tática e Estratégia""},{""texto"":""Treinamento de Combate""}],""fraqueza"":[{""texto"":""Culpa e Arrependimento""},{""texto"":""Limitações Humanas""}]},{""nome"":""4"",""poder"":[{""texto"":""Instinto de Sobrevivência""},{""texto"":""Resiliência Física e Mental""},{""texto"":""Perícia em Campo""}],""fraqueza"":[{""texto"":""Fama que Atrapalha""},{""texto"":""Responsabilidade que Pesa""}]}],""descricao"":""Atributos no pico humano. Rajadas elétricas grau 3 — poder funcional mas não impressionante. Ex-militar antes do Programa Arma X. Parceiro de Silver Fox. Perfil de agente competente sem poderes de destaque.\n---"",""iniciativa"":0}",true,,2026-04-09 01:20:42.164471+00,2026-07-13 16:50:57.438563+00,https://static.wikia.nocookie.net/marveldatabase/images/3/39/Christopher_Bradley_%28Earth-616%29_from_X-Force_Vol_3_22.png/revision/latest/scale-to-width-down/600?cb=20141104191006
5b6a43d1-f1a2-449a-b1f2-3e37219f1484,,Foxx,Foxx (Mystique disfarçada),x-men,alto,"{""tags"":[{""grau"":6,""texto"":""Metamorfismo Perfeito (Mística)""},{""grau"":5,""texto"":""Imita Voz, Rosto e Impressões Digitais""},{""grau"":4,""texto"":""Disfarce Indetectável""},{""grau"":4,""texto"":""Mímica de Aparência e Gênero""},{""grau"":3,""texto"":""Regeneração Lenta""},{""grau"":5,""texto"":""Espionagem e Sedução de Elite""},{""grau"":4,""texto"":""Provocação e Manipulação Constantes""},{""grau"":3,""texto"":""Leitura Fria de Pessoas""},{""grau"":3,""texto"":""Rede de Contatos no Submundo""},{""grau"":4,""texto"":""Séculos de Experiência em Combate""},{""grau"":4,""texto"":""Marcialista e Assassina Letal""},{""grau"":3,""texto"":""Sabotagem e Infiltração""},{""grau"":2,""texto"":""Nervos de Aço""},{""grau"":3,""texto"":""Testa os Limites de Gambit""},{""grau"":3,""texto"":""Infiltrada entre os Alunos""},{""grau"":3,""texto"":""Identidade Oculta""},{""grau"":4,""texto"":""Agenda Secreta Própria""},{""grau"":4,""texto"":""Lealdade Questionável""},{""grau"":3,""texto"":""Frieza que Afasta Vínculos""},{""grau"":2,""texto"":""Manipuladora por Instinto""}],""stats"":{""aura"":10,""corpo"":7,""mente"":9,""força"":6,""vontade"":10,""destreza"":10,""espírito"":9,""influência"":10,""inteligência"":9},""temas"":[{""nome"":""Mística Infiltrada"",""poder"":[{""grau"":6,""texto"":""Metamorfismo Perfeito (Mística)""},{""grau"":5,""texto"":""Imita Voz, Rosto e Impressões Digitais""},{""grau"":4,""texto"":""Disfarce Indetectável""},{""grau"":4,""texto"":""Mímica de Aparência e Gênero""},{""grau"":3,""texto"":""Regeneração Lenta""}],""fraqueza"":[]},{""nome"":""Espiã Sedutora"",""poder"":[{""grau"":5,""texto"":""Espionagem e Sedução de Elite""},{""grau"":4,""texto"":""Provocação e Manipulação Constantes""},{""grau"":3,""texto"":""Leitura Fria de Pessoas""},{""grau"":3,""texto"":""Rede de Contatos no Submundo""}],""fraqueza"":[]},{""nome"":""Veterana da Irmandade"",""poder"":[{""grau"":4,""texto"":""Séculos de Experiência em Combate""},{""grau"":4,""texto"":""Marcialista e Assassina Letal""},{""grau"":3,""texto"":""Sabotagem e Infiltração""},{""grau"":2,""texto"":""Nervos de Aço""}],""fraqueza"":[]},{""nome"":""Agente Duplo"",""poder"":[{""grau"":3,""texto"":""Testa os Limites de Gambit""},{""grau"":3,""texto"":""Infiltrada entre os Alunos""}],""fraqueza"":[{""grau"":3,""texto"":""Identidade Oculta""}]},{""nome"":""Lealdade Incerta"",""poder"":[],""fraqueza"":[{""grau"":4,""texto"":""Agenda Secreta Própria""},{""grau"":4,""texto"":""Lealdade Questionável""},{""grau"":3,""texto"":""Frieza que Afasta Vínculos""},{""grau"":2,""texto"":""Manipuladora por Instinto""}]}],""descricao"":""Foxx é na verdade a própria Mystique infiltrada entre os alunos. Sob a aparência de uma aluna misteriosa e provocadora, testa os limites do grupo e de Gambit. A sua verdadeira identidade permanece oculta, mas as suas habilidades de metamorfose e manipulação são de nível superior – um perigo silencioso dentro da equipa."",""iniciativa"":26}",true,,2026-07-12 18:05:40.319941+00,2026-07-12 19:52:11.358358+00,
5c43c4d6-8a76-4944-9429-8bf27baa38cc,,Caliban,Caliban,morlock,medio,"{""tags"":[{""texto"":""Detector de Mutantes""},{""texto"":""Subserviente""},{""texto"":""Força Colossal Aumentada por Apocalipse""},{""texto"":""Mentalidade Ingênua""},{""texto"":""Tática e Estratégia""},{""texto"":""Treinamento de Combate""},{""texto"":""Aparência Albina Grotesca""},{""texto"":""Limitações Humanas""},{""texto"":""Instinto de Sobrevivência""},{""texto"":""Resiliência Física e Mental""},{""texto"":""Perícia em Campo""},{""texto"":""Fama que Atrapalha""},{""texto"":""Responsabilidade que Pesa""},{""texto"":""Membro dos Morlocks""},{""texto"":""Mutante Experiente""}],""stats"":{""aura"":7,""corpo"":9,""mente"":4,""força"":10,""vontade"":6,""destreza"":5,""espírito"":6,""influência"":4,""inteligência"":4},""temas"":[{""nome"":""Rastreador Mutante"",""poder"":[{""texto"":""Detector de Mutantes""}],""fraqueza"":[{""texto"":""Subserviente""}]},{""nome"":""Morlock Leal"",""poder"":[{""texto"":""Força Colossal Aumentada por Apocalipse""}],""fraqueza"":[]},{""nome"":""3"",""poder"":[{""texto"":""Mentalidade Ingênua""},{""texto"":""Tática e Estratégia""},{""texto"":""Treinamento de Combate""}],""fraqueza"":[{""texto"":""Aparência Albina Grotesca""},{""texto"":""Limitações Humanas""}]},{""nome"":""4"",""poder"":[{""texto"":""Instinto de Sobrevivência""},{""texto"":""Resiliência Física e Mental""},{""texto"":""Perícia em Campo""}],""fraqueza"":[{""texto"":""Fama que Atrapalha""},{""texto"":""Responsabilidade que Pesa""}]}],""descricao"":""O detector de mutantes grau 5 é estrategicamente valioso — raio de km. STR 10 e BOD 9 sobrehumanos após modificação por Apocalipse. INT 4 e MEN 4 bem abaixo da média — Caliban é emocionalmente simples. A aparência (-2) garante que humanos e mutantes de superfície o rejeitam reflexivamente.\n---"",""iniciativa"":0}",true,,2026-04-09 01:20:42.164471+00,2026-07-13 16:50:57.438563+00,https://static.wikia.nocookie.net/marveldatabase/images/8/89/Caliban_%28Earth-161%29_from_X-Men_Forever_2_Vol_1_4_001.jpg/revision/latest/scale-to-width-down/600?cb=20100814010814
5e84ec4d-843a-4871-9580-02b82daf0b99,,Diamond Lil,Lillian Crawley,neutro,medio,"{""tags"":[{""texto"":""Pele de Diamante Orgânico""},{""texto"":""Força e Resistência Aumentadas pelo Diamante""},{""texto"":""Ex-Mercenária""},{""texto"":""Tática e Estratégia""},{""texto"":""Treinamento de Combate""},{""texto"":""Diamante impede exames médicos normais""},{""texto"":""Limitações Humanas""},{""texto"":""Instinto de Sobrevivência""},{""texto"":""Resiliência Física e Mental""},{""texto"":""Perícia em Campo""},{""texto"":""Fama que Atrapalha""},{""texto"":""Responsabilidade que Pesa""},{""texto"":""Opera nos Dois Lados""},{""texto"":""Mutante Experiente""},{""texto"":""Habilidade de Luta""}],""stats"":{""aura"":6,""corpo"":8,""mente"":5,""força"":7,""vontade"":6,""destreza"":4,""espírito"":6,""influência"":5,""inteligência"":5},""temas"":[{""nome"":""Pele de Diamante"",""poder"":[{""texto"":""Pele de Diamante Orgânico""}],""fraqueza"":[]},{""nome"":""Mercenária"",""poder"":[{""texto"":""Força e Resistência Aumentadas pelo Diamante""}],""fraqueza"":[]},{""nome"":""3"",""poder"":[{""texto"":""Ex-Mercenária""},{""texto"":""Tática e Estratégia""},{""texto"":""Treinamento de Combate""}],""fraqueza"":[{""texto"":""Diamante impede exames médicos normais""},{""texto"":""Limitações Humanas""}]},{""nome"":""4"",""poder"":[{""texto"":""Instinto de Sobrevivência""},{""texto"":""Resiliência Física e Mental""},{""texto"":""Perícia em Campo""}],""fraqueza"":[{""texto"":""Fama que Atrapalha""},{""texto"":""Responsabilidade que Pesa""}]}],""descricao"":""STR 7 e BOD 8 acima do pico humano — diamond skin aumenta fisicalidade. O diamante grau 5 é proteção massiva. A tag -1 de exames médicos representa limitação real: a pele de diamante impede cirurgias convencionais. Ex-mercenária que encontrou redenção na Alpha Flight. Ex-amante de Sasquatch.\n---"",""iniciativa"":0}",true,,2026-04-09 01:20:42.164471+00,2026-07-13 16:50:57.438563+00,https://static.wikia.nocookie.net/marveldatabase/images/1/1c/Lillian_Crawley_%28Earth-2530%29_from_Alpha_Flight_Vol_3_11_001.jpg/revision/latest?cb=20130610175231
60107ac6-5c9e-4e8c-a226-091cc5a632d7,,Tower,Tower,vilao,medio,"{""tags"":[{""texto"":""Crescimento até 15 Metros""},{""texto"":""Instabilidade""},{""texto"":""Força e Resistência Colossais em Tamanho Máximo""},{""texto"":""Habilidade de Luta""},{""texto"":""Determinação Inabalável""},{""texto"":""Inteligência Limitada""},{""texto"":""Dificuldade de Confiar nos Outros""},{""texto"":""Reflexos Aguçados""},{""texto"":""Tática e Estratégia""},{""texto"":""Treinamento de Combate""},{""texto"":""Culpa e Arrependimento""},{""texto"":""Limitações Humanas""},{""texto"":""Instinto de Sobrevivência""},{""texto"":""Resiliência Física e Mental""},{""texto"":""Perícia em Campo""},{""texto"":""Fama que Atrapalha""},{""texto"":""Responsabilidade que Pesa""},{""texto"":""Conhecido no Submundo Mutante""},{""texto"":""Mutante Experiente""}],""stats"":{""aura"":4,""corpo"":12,""mente"":3,""força"":12,""vontade"":4,""destreza"":3,""espírito"":4,""influência"":3,""inteligência"":3},""temas"":[{""nome"":""Crescimento"",""poder"":[{""texto"":""Crescimento até 15 Metros""}],""fraqueza"":[{""texto"":""Instabilidade""}]},{""nome"":""2"",""poder"":[{""texto"":""Força e Resistência Colossais em Tamanho Máximo""},{""texto"":""Habilidade de Luta""},{""texto"":""Determinação Inabalável""}],""fraqueza"":[{""texto"":""Inteligência Limitada""},{""texto"":""Dificuldade de Confiar nos Outros""}]},{""nome"":""3"",""poder"":[{""texto"":""Reflexos Aguçados""},{""texto"":""Tática e Estratégia""},{""texto"":""Treinamento de Combate""}],""fraqueza"":[{""texto"":""Culpa e Arrependimento""},{""texto"":""Limitações Humanas""}]},{""nome"":""4"",""poder"":[{""texto"":""Instinto de Sobrevivência""},{""texto"":""Resiliência Física e Mental""},{""texto"":""Perícia em Campo""}],""fraqueza"":[{""texto"":""Fama que Atrapalha""},{""texto"":""Responsabilidade que Pesa""}]}],""descricao"":""Em tamanho máximo STR 12 e BOD 12 colossal. DEX 3 — lento demais para perseguir alvos ágeis. A inteligência limitada (-2) é fraqueza fundamental: uma criança com poderes de teletransporte pode frustrar Tower indefinidamente. Capanga de Apocalipse na Aliança do Mal.\n---"",""iniciativa"":0}",true,,2026-04-09 01:20:42.164471+00,2026-07-13 16:50:57.438563+00,https://static.wikia.nocookie.net/marveldatabase/images/e/e3/Edward_Pasternak_%28Moira_8%29_from_Dead_X-Men_Vol_1_2_001.jpg/revision/latest/scale-to-width-down/600?cb=20240420221021
677796c9-11c8-40af-a9d0-4e524d37e3e4,,Trovão,Trovão,x-men,medio,"{""tags"":[{""grau"":5,""texto"":""Ondas de Choque Sônicas pela Voz""},{""grau"":4,""texto"":""Gera Trovões e Vibrações""},{""grau"":3,""texto"":""Ataque em Área Ensurdecedor""},{""grau"":3,""texto"":""Espírito Brasileiro Contagiante""},{""grau"":2,""texto"":""Paixão pelo Futebol e Samba""},{""grau"":2,""texto"":""Energia que Anima a Equipe""},{""grau"":3,""texto"":""Generosidade Calorosa""},{""grau"":2,""texto"":""Aluno do Instituto Xavier""},{""grau"":3,""texto"":""Temperamento Explosivo""},{""grau"":3,""texto"":""Danos Acústicos Involuntários""},{""grau"":2,""texto"":""Fala Mais Alto que Pensa""},{""grau"":2,""texto"":""Novato Impulsivo""}],""stats"":{""aura"":8,""corpo"":6,""mente"":6,""força"":5,""vontade"":8,""destreza"":6,""espírito"":8,""influência"":7,""inteligência"":5},""temas"":[{""nome"":""Voz de Trovão"",""poder"":[{""grau"":5,""texto"":""Ondas de Choque Sônicas pela Voz""},{""grau"":4,""texto"":""Gera Trovões e Vibrações""},{""grau"":3,""texto"":""Ataque em Área Ensurdecedor""}],""fraqueza"":[]},{""nome"":""Alma Incandescente"",""poder"":[{""grau"":3,""texto"":""Espírito Brasileiro Contagiante""},{""grau"":2,""texto"":""Paixão pelo Futebol e Samba""},{""grau"":2,""texto"":""Energia que Anima a Equipe""}],""fraqueza"":[]},{""nome"":""Coração Grande"",""poder"":[{""grau"":3,""texto"":""Generosidade Calorosa""},{""grau"":2,""texto"":""Aluno do Instituto Xavier""}],""fraqueza"":[]},{""nome"":""Estouro"",""poder"":[],""fraqueza"":[{""grau"":3,""texto"":""Temperamento Explosivo""},{""grau"":3,""texto"":""Danos Acústicos Involuntários""},{""grau"":2,""texto"":""Fala Mais Alto que Pensa""},{""grau"":2,""texto"":""Novato Impulsivo""}]}],""descricao"":""Trovão, um brasileiro de alma incandescente, transforma a sua voz numa arma – ondas de choque sônicas capazes de derrubar edifícios. Fala alto, ri alto e sente alto. A sua energia é contagiante, mas o seu temperamento explosivo pode criar problemas. Leva no peito a paixão do futebol e o calor do samba."",""iniciativa"":23}",true,,2026-07-12 18:05:40.319941+00,2026-07-12 19:52:11.358358+00,
69d4bd39-b5fc-47c2-94ab-b0bc339ca813,,Rictor,Julio Richter,geracaox,medio,"{""tags"":[{""texto"":""Controle Sísmico""},{""texto"":""Poder Incontrolável na Juventude""},{""texto"":""Vibrações Sísmicas Precisas""},{""texto"":""Filho de Villão (Cabo)""},{""texto"":""Parceiro de Shatterstar""},{""texto"":""Tática e Estratégia""},{""texto"":""Treinamento de Combate""},{""texto"":""Perda dos Poderes no M-Day""},{""texto"":""Passado Familiar Ligado a Tráfico de Armas""},{""texto"":""Instinto de Sobrevivência""},{""texto"":""Resiliência Física e Mental""},{""texto"":""Perícia em Campo""},{""texto"":""Fama que Atrapalha""},{""texto"":""Responsabilidade que Pesa""},{""texto"":""Membro da X-Force / X-Corp""},{""texto"":""Mutante Experiente""}],""stats"":{""aura"":7,""corpo"":6,""mente"":7,""força"":5,""vontade"":7,""destreza"":7,""espírito"":7,""influência"":7,""inteligência"":6},""temas"":[{""nome"":""Ondas Sísmicas"",""poder"":[{""texto"":""Controle Sísmico""}],""fraqueza"":[{""texto"":""Poder Incontrolável na Juventude""}]},{""nome"":""Peso do Legado"",""poder"":[{""texto"":""Vibrações Sísmicas Precisas""}],""fraqueza"":[{""texto"":""Filho de Villão (Cabo)""}]},{""nome"":""3"",""poder"":[{""texto"":""Parceiro de Shatterstar""},{""texto"":""Tática e Estratégia""},{""texto"":""Treinamento de Combate""}],""fraqueza"":[{""texto"":""Perda dos Poderes no M-Day""},{""texto"":""Passado Familiar Ligado a Tráfico de Armas""}]},{""nome"":""4"",""poder"":[{""texto"":""Instinto de Sobrevivência""},{""texto"":""Resiliência Física e Mental""},{""texto"":""Perícia em Campo""}],""fraqueza"":[{""texto"":""Fama que Atrapalha""},{""texto"":""Responsabilidade que Pesa""}]}],""descricao"":""O controle sísmico grau 4 vai de tremores localizados a terremotos em escala real. A perda de poderes no M-Day (-3) foi devastadora — a identidade de Rictor estava completamente ligada à mutação. Recuperou os poderes depois, mas o trauma permanece. Mexicano com passado de família no tráfico de armas.\n---"",""iniciativa"":0}",true,,2026-04-09 01:20:42.164471+00,2026-07-13 16:50:57.438563+00,https://static.wikia.nocookie.net/marveldatabase/images/3/31/Julio_Richter_%28Earth-161%29_from_X-Men_Forever_2_Vol_1_13_001.jpg/revision/latest/scale-to-width-down/600?cb=20210914073408
6ea8c9dc-f815-49e8-920c-165ff2ee364b,,Anole,Anole,x-men,medio,"{""tags"":[{""grau"":4,""texto"":""Camuflagem Cromática""},{""grau"":4,""texto"":""Língua Preênsil Extensível""},{""grau"":4,""texto"":""Garras e Aderência a Superfícies""},{""grau"":3,""texto"":""Regeneração de Membros""},{""grau"":3,""texto"":""Agilidade Réptil""},{""grau"":3,""texto"":""Assumidamente Gay e Confiante""},{""grau"":3,""texto"":""Sarcasmo como Escudo""},{""grau"":2,""texto"":""Ídolo dos Alunos Marginalizados""},{""grau"":3,""texto"":""Melhor Amigo de Rockslide""},{""grau"":3,""texto"":""Lealdade Feroz à Equipe""},{""grau"":2,""texto"":""Aluno do Instituto Xavier""},{""grau"":3,""texto"":""Culpa de Sobrevivente (Genosha)""},{""grau"":2,""texto"":""Aparência Monstruosa Julgada""},{""grau"":2,""texto"":""Impulsividade Adolescente""},{""grau"":2,""texto"":""Inexperiente em Combate Real""}],""stats"":{""aura"":8,""corpo"":6,""mente"":6,""força"":6,""vontade"":8,""destreza"":9,""espírito"":8,""influência"":7,""inteligência"":6},""temas"":[{""nome"":""Lagarto Adaptável"",""poder"":[{""grau"":4,""texto"":""Camuflagem Cromática""},{""grau"":4,""texto"":""Língua Preênsil Extensível""},{""grau"":4,""texto"":""Garras e Aderência a Superfícies""},{""grau"":3,""texto"":""Regeneração de Membros""},{""grau"":3,""texto"":""Agilidade Réptil""}],""fraqueza"":[]},{""nome"":""Orgulho de Victor"",""poder"":[{""grau"":3,""texto"":""Assumidamente Gay e Confiante""},{""grau"":3,""texto"":""Sarcasmo como Escudo""},{""grau"":2,""texto"":""Ídolo dos Alunos Marginalizados""}],""fraqueza"":[]},{""nome"":""Irmão de Armas"",""poder"":[{""grau"":3,""texto"":""Melhor Amigo de Rockslide""},{""grau"":3,""texto"":""Lealdade Feroz à Equipe""},{""grau"":2,""texto"":""Aluno do Instituto Xavier""}],""fraqueza"":[]},{""nome"":""Peso do Sobrevivente"",""poder"":[],""fraqueza"":[{""grau"":3,""texto"":""Culpa de Sobrevivente (Genosha)""},{""grau"":2,""texto"":""Aparência Monstruosa Julgada""},{""grau"":2,""texto"":""Impulsividade Adolescente""},{""grau"":2,""texto"":""Inexperiente em Combate Real""}]}],""descricao"":""Anole é um lagarto humanoide cuja pele se adapta ao ambiente e cuja língua pode agarrar oponentes a distância. A sua confiança é tão afiada como as suas garras – não se deixa abater por inseguranças, enfrenta o mundo com sarcasmo e coragem. É o primeiro a rir de si mesmo e o último a abandonar um amigo."",""iniciativa"":22}",true,,2026-07-12 18:05:40.319941+00,2026-07-12 19:52:11.358358+00,https://static.wikia.nocookie.net/marveldatabase/images/f/f2/Victor_Borkowski_%28Earth-5631%29_Wolverine_and_Power_Pack_Vol_1_2.jpg/revision/latest/scale-to-width-down/600?cb=20140724153005
73af8817-ff77-4604-9da5-5a45753a5722,,Tempestade,Ororo Munroe,x-men,alto,"{""tags"":[{""texto"":""Controle Climático Global""},{""texto"":""Desencadeia Raios com Precisão Cirúrgica""},{""texto"":""Criação de Tornados e Furacões""},{""texto"":""Passado que Assombra""},{""texto"":""Impulsividade""},{""texto"":""Voo via Correntes de Ar""},{""texto"":""Considerada Deusa por culturas africanas""},{""texto"":""Claustrofobia Severa""},{""texto"":""Liderança e Realeza""},{""texto"":""Orgulho Africano""},{""texto"":""Compaixão e Sabedoria""},{""texto"":""Responsabilidade de Líder""},{""texto"":""Membro dos X-Men""},{""texto"":""Mutante de Elite""},{""texto"":""Veterano de Combate""},{""texto"":""Reflexos Aguçados""},{""texto"":""Resistência Mental Treinada""},{""texto"":""Liderança Carismática""},{""texto"":""Treinamento de Combate""},{""texto"":""Instinto de Sobrevivência""}],""stats"":{""aura"":12,""corpo"":5,""mente"":8,""força"":4,""vontade"":9,""destreza"":7,""espírito"":10,""influência"":10,""inteligência"":7},""temas"":[{""nome"":""Senhora dos Elementos"",""poder"":[{""texto"":""Controle Climático Global""},{""texto"":""Desencadeia Raios com Precisão Cirúrgica""},{""texto"":""Criação de Tornados e Furacões""}],""fraqueza"":[{""texto"":""Passado que Assombra""},{""texto"":""Impulsividade""}]},{""nome"":""Deusa do Trovão"",""poder"":[{""texto"":""Voo via Correntes de Ar""},{""texto"":""Considerada Deusa por culturas africanas""}],""fraqueza"":[{""texto"":""Claustrofobia Severa""}]},{""nome"":""Rainha de Wakanda"",""poder"":[{""texto"":""Liderança e Realeza""},{""texto"":""Orgulho Africano""}],""fraqueza"":[]},{""nome"":""Espírito Livre"",""poder"":[{""texto"":""Compaixão e Sabedoria""}],""fraqueza"":[{""texto"":""Responsabilidade de Líder""}]}],""descricao"":""AUR 12 no teto humano. Controle climático grau 6 opera em escala global. A claustrofobia (-3) é fraqueza severa explorada por inimigos. Descendente de sacerdotisas com olhos brancos. Ororo cresceu nas ruas do Cairo antes de Xavier.\n---"",""iniciativa"":0}",true,,2026-04-09 01:20:42.164471+00,2026-07-13 16:50:57.438563+00,https://static.wikia.nocookie.net/marveldatabase/images/5/5d/Ororo_Munroe_%28Earth-12%29_from_Exiles_Vol_1_14_0001.jpg/revision/latest?cb=20191231020331
73f19619-8ed6-4e62-a62c-ae3f6891dd2a,,Arclight,Arclight,vilao,medio,"{""tags"":[{""texto"":""Ondas de Choque Sísmicas""},{""texto"":""Força Aumentada pela Mutação""},{""texto"":""Reflexos Aguçados""},{""texto"":""Tática e Estratégia""},{""texto"":""Treinamento de Combate""},{""texto"":""Sádica""},{""texto"":""Limitações Humanas""},{""texto"":""Instinto de Sobrevivência""},{""texto"":""Resiliência Física e Mental""},{""texto"":""Perícia em Campo""},{""texto"":""Fama que Atrapalha""},{""texto"":""Responsabilidade que Pesa""},{""texto"":""Conhecido no Submundo Mutante""},{""texto"":""Mutante Experiente""},{""texto"":""Habilidade de Luta""}],""stats"":{""aura"":5,""corpo"":7,""mente"":4,""força"":8,""vontade"":5,""destreza"":5,""espírito"":5,""influência"":4,""inteligência"":4},""temas"":[{""nome"":""Ondas de Choque"",""poder"":[{""texto"":""Ondas de Choque Sísmicas""}],""fraqueza"":[]},{""nome"":""Maroto"",""poder"":[{""texto"":""Força Aumentada pela Mutação""}],""fraqueza"":[]},{""nome"":""3"",""poder"":[{""texto"":""Reflexos Aguçados""},{""texto"":""Tática e Estratégia""},{""texto"":""Treinamento de Combate""}],""fraqueza"":[{""texto"":""Sádica""},{""texto"":""Limitações Humanas""}]},{""nome"":""4"",""poder"":[{""texto"":""Instinto de Sobrevivência""},{""texto"":""Resiliência Física e Mental""},{""texto"":""Perícia em Campo""}],""fraqueza"":[{""texto"":""Fama que Atrapalha""},{""texto"":""Responsabilidade que Pesa""}]}],""descricao"":""STR 8 e BOD 7 acima do pico — força aumentada pela mutação. As ondas de choque grau 4 causam terremotos localizados com cada golpe. O sadismo (-2) é tanto traço de personalidade quanto vulnerabilidade: prolonga combates quando poderia encerrar, dando oportunidade ao oponente. Membro dos Marotos, participou do Massacre dos Morlocks.\n---"",""iniciativa"":0}",true,,2026-04-09 01:20:42.164471+00,2026-07-13 16:50:57.438563+00,https://static.wikia.nocookie.net/marveldatabase/images/1/14/Philippa_Sontag_%28Earth-161%29_from_X-Men_Forever_2_6_0001.jpg/revision/latest/scale-to-width-down/600?cb=20100906190812
74e463df-b081-43a0-b1b9-10542a49b0a8,,Cargill,Cargill,vilao,baixo,"{""tags"":[{""texto"":""Força Sobrehumana""},{""texto"":""Culpa e Arrependimento""},{""texto"":""Ex-Membro da Aliança do Mal""},{""texto"":""Habilidade de Luta""},{""texto"":""Determinação Inabalável""},{""texto"":""Impulsividade""},{""texto"":""Dificuldade de Confiar nos Outros""},{""texto"":""Conhecido no Submundo Mutante""},{""texto"":""Mutante de Nível Baixo""}],""stats"":{""aura"":4,""corpo"":8,""mente"":3,""força"":8,""vontade"":4,""destreza"":4,""espírito"":4,""influência"":3,""inteligência"":3},""temas"":[{""nome"":""Acolyte"",""poder"":[{""texto"":""Força Sobrehumana""}],""fraqueza"":[{""texto"":""Culpa e Arrependimento""}]},{""nome"":""2"",""poder"":[{""texto"":""Ex-Membro da Aliança do Mal""},{""texto"":""Habilidade de Luta""},{""texto"":""Determinação Inabalável""}],""fraqueza"":[{""texto"":""Impulsividade""},{""texto"":""Dificuldade de Confiar nos Outros""}]}],""descricao"":""STR 8 e BOD 8 acima do pico — força sobre-humana grau 3. INT 3 e MEN 3 abaixo da média. Capanga de força bruta da Aliança do Mal. Pouco se sabe sobre ele além da função.\n---"",""iniciativa"":0}",true,,2026-04-09 01:20:42.164471+00,2026-07-13 16:50:57.438563+00,
74efd6fa-1bb6-4bde-905d-05323897dcae,,Beef,Winston,clube-do-inferno,baixo,"{""tags"":[{""texto"":""Força e Resistência Colossais""},{""texto"":""Culpa e Arrependimento""},{""texto"":""Fama que Atrapalha""},{""texto"":""Inteligência Muito Limitada""},{""texto"":""Impulsividade""},{""texto"":""Membro do Clube do Inferno""},{""texto"":""Mutante de Nível Baixo""},{""texto"":""Lealdade Cega""}],""stats"":{""aura"":3,""corpo"":10,""mente"":2,""força"":10,""vontade"":3,""destreza"":3,""espírito"":3,""influência"":2,""inteligência"":2},""temas"":[{""nome"":""Força Bruta"",""poder"":[{""texto"":""Força e Resistência Colossais""}],""fraqueza"":[{""texto"":""Culpa e Arrependimento""},{""texto"":""Fama que Atrapalha""}]},{""nome"":""Hellion"",""poder"":[{""texto"":""Inteligência Muito Limitada""}],""fraqueza"":[{""texto"":""Impulsividade""}]}],""descricao"":""STR 10 e BOD 10 acima do pico mas INT 2 e MEN 2 muito abaixo da média. A força grau 4 é impressionante para um membro menor dos Hellions. A inteligência (-3) é fraqueza fatal em qualquer confronto que exija adaptação. Capanga leal — executa ordens sem questionar.\n---"",""iniciativa"":0}",true,,2026-04-09 01:20:42.164471+00,2026-07-13 16:50:57.438563+00,https://static.wikia.nocookie.net/marveldatabase/images/9/9e/Buford_Wilson_%28Earth-12934%29_from_New_Mutants_Vol_3_48_0001.jpg/revision/latest/scale-to-width-down/600?cb=20140303001536
77610d0e-4d7b-4b2e-a949-ac67e05fc7e6,,Strong Guy,Guido Carosella,geracaox,alto,"{""tags"":[{""texto"":""Absorção de Energia Cinética em Força Muscular""},{""texto"":""Corpo Degrada com Energia Absorvida""},{""texto"":""Força e Resistência Colossais""},{""texto"":""Humor Constante""},{""texto"":""Tática e Estratégia""},{""texto"":""Treinamento de Combate""},{""texto"":""Problemas Cardíacos""},{""texto"":""Aparência Hipertrofiada""},{""texto"":""Instinto de Sobrevivência""},{""texto"":""Resiliência Física e Mental""},{""texto"":""Perícia em Campo""},{""texto"":""Fama que Atrapalha""},{""texto"":""Responsabilidade que Pesa""},{""texto"":""Membro da X-Force / X-Corp""},{""texto"":""Mutante de Elite""},{""texto"":""Veterano de Combate""},{""texto"":""Reflexos Aguçados""},{""texto"":""Resistência Mental Treinada""},{""texto"":""Habilidade de Luta""},{""texto"":""Determinação Inabalável""}],""stats"":{""aura"":7,""corpo"":14,""mente"":6,""força"":13,""vontade"":7,""destreza"":6,""espírito"":7,""influência"":7,""inteligência"":5},""temas"":[{""nome"":""Absorção Cinética"",""poder"":[{""texto"":""Absorção de Energia Cinética em Força Muscular""}],""fraqueza"":[{""texto"":""Corpo Degrada com Energia Absorvida""}]},{""nome"":""Alívio Cômico Tanque"",""poder"":[{""texto"":""Força e Resistência Colossais""}],""fraqueza"":[]},{""nome"":""3"",""poder"":[{""texto"":""Humor Constante""},{""texto"":""Tática e Estratégia""},{""texto"":""Treinamento de Combate""}],""fraqueza"":[{""texto"":""Problemas Cardíacos""},{""texto"":""Aparência Hipertrofiada""}]},{""nome"":""4"",""poder"":[{""texto"":""Instinto de Sobrevivência""},{""texto"":""Resiliência Física e Mental""},{""texto"":""Perícia em Campo""}],""fraqueza"":[{""texto"":""Fama que Atrapalha""},{""texto"":""Responsabilidade que Pesa""}]}],""descricao"":""STR 13 e BOD 14 — entre os mais fortes da Marvel. O absorção grau 5 significa que quanto mais o batem, mais forte ele fica — tática de esgotar antes de enfrentar. Os problemas cardíacos (-3) são a consequência real de décadas de absorção — pode morrer de ataque cardíaco em combate intenso. Ex-guarda de Lila Cheney.\n---"",""iniciativa"":0}",true,,2026-04-09 01:20:42.164471+00,2026-07-13 16:50:57.438563+00,https://static.wikia.nocookie.net/marveldatabase/images/2/2e/Guido_Carosella_%28Earth-161%29_from_X-Men_Forever_2_Vol_1_2_001.jpg/revision/latest?cb=20221119013135
79ed024a-8306-4726-9af2-837672dc1b55,,Indra,Indra,x-men,medio,"{""tags"":[{""grau"":4,""texto"":""Armadura Retrátil de Placas""},{""grau"":4,""texto"":""Escudos Corporais Defensivos""},{""grau"":3,""texto"":""Resistência a Impactos""},{""grau"":2,""texto"":""Ancoragem Inabalável""},{""grau"":4,""texto"":""Fé Hindu-Jainista Devota""},{""grau"":4,""texto"":""Pacifismo de Princípio""},{""grau"":3,""texto"":""Educação Rígida da Família""},{""grau"":3,""texto"":""Senso de Dever""},{""grau"":3,""texto"":""Cortesia e Diplomacia""},{""grau"":1,""texto"":""Adolescente Mutante (14-16)""},{""grau"":3,""texto"":""Hesita em Usar Força Ofensiva""},{""grau"":3,""texto"":""Medo de Desonrar a Família""},{""grau"":2,""texto"":""Casamento Arranjado o Pressiona""},{""grau"":2,""texto"":""Novato sob Pressão""}],""stats"":{""aura"":7,""corpo"":8,""mente"":7,""força"":7,""vontade"":9,""destreza"":5,""espírito"":9,""influência"":6,""inteligência"":7},""temas"":[{""nome"":""Escudo Vivo"",""poder"":[{""grau"":4,""texto"":""Armadura Retrátil de Placas""},{""grau"":4,""texto"":""Escudos Corporais Defensivos""},{""grau"":3,""texto"":""Resistência a Impactos""},{""grau"":2,""texto"":""Ancoragem Inabalável""}],""fraqueza"":[]},{""nome"":""Herança Jainista"",""poder"":[{""grau"":4,""texto"":""Fé Hindu-Jainista Devota""},{""grau"":4,""texto"":""Pacifismo de Princípio""},{""grau"":3,""texto"":""Educação Rígida da Família""}],""fraqueza"":[]},{""nome"":""Jovem entre Dois Mundos"",""poder"":[{""grau"":3,""texto"":""Senso de Dever""},{""grau"":3,""texto"":""Cortesia e Diplomacia""},{""grau"":1,""texto"":""Adolescente Mutante (14-16)""}],""fraqueza"":[]},{""nome"":""Relutância do Guerreiro"",""poder"":[],""fraqueza"":[{""grau"":3,""texto"":""Hesita em Usar Força Ofensiva""},{""grau"":3,""texto"":""Medo de Desonrar a Família""},{""grau"":2,""texto"":""Casamento Arranjado o Pressiona""},{""grau"":2,""texto"":""Novato sob Pressão""}]}],""descricao"":""Indra, oriundo de uma família conservadora indiana, é a gentileza personificada. As suas placas de armadura retrácteis transformam‑no num escudo vivo, mas ele prefere proteger a ferir. A sua força interior é imensa, e a sua hesitação em combate não vem do medo, mas de uma profunda crença na não‑violência."",""iniciativa"":18}",true,,2026-07-12 18:05:40.319941+00,2026-07-12 19:52:11.358358+00,https://static.wikia.nocookie.net/marveldatabase/images/d/d6/Paras_Gavaskar_%28Earth-10054%29_from_Nation_X_Vol_1_4_0001.jpg/revision/latest?cb=20180709034526
7b67f19d-3827-48ea-88cb-34e1b7830980,,Lorelei,Lani Ubanu,irmandade,medio,"{""tags"":[{""texto"":""Canto Hipnótico""},{""texto"":""Imunidade a Ataques Baseados em Som""},{""texto"":""Vítima da Própria Aparência""},{""texto"":""Reflexos Aguçados""},{""texto"":""Tática e Estratégia""},{""texto"":""Treinamento de Combate""},{""texto"":""Poder Afeta Somente Homens""},{""texto"":""Limitações Humanas""},{""texto"":""Instinto de Sobrevivência""},{""texto"":""Resiliência Física e Mental""},{""texto"":""Perícia em Campo""},{""texto"":""Fama que Atrapalha""},{""texto"":""Responsabilidade que Pesa""},{""texto"":""Membro da Irmandade de Mutantes""},{""texto"":""Mutante Experiente""}],""stats"":{""aura"":9,""corpo"":5,""mente"":7,""força"":4,""vontade"":6,""destreza"":6,""espírito"":7,""influência"":10,""inteligência"":5},""temas"":[{""nome"":""Canto Hipnótico"",""poder"":[{""texto"":""Canto Hipnótico""}],""fraqueza"":[]},{""nome"":""Sereia"",""poder"":[{""texto"":""Imunidade a Ataques Baseados em Som""}],""fraqueza"":[{""texto"":""Vítima da Própria Aparência""}]},{""nome"":""3"",""poder"":[{""texto"":""Reflexos Aguçados""},{""texto"":""Tática e Estratégia""},{""texto"":""Treinamento de Combate""}],""fraqueza"":[{""texto"":""Poder Afeta Somente Homens""},{""texto"":""Limitações Humanas""}]},{""nome"":""4"",""poder"":[{""texto"":""Instinto de Sobrevivência""},{""texto"":""Resiliência Física e Mental""},{""texto"":""Perícia em Campo""}],""fraqueza"":[{""texto"":""Fama que Atrapalha""},{""texto"":""Responsabilidade que Pesa""}]}],""descricao"":""INF 10 e AUR 9 — charme e presença amplificados pelo canto hipnótico grau 5. A limitação de gênero (-2) é vulnerabilidade tática significativa: equipes femininas ou mistas quebram o poder. Ex-membro da Irmandade que tenta vida normal — seu poder sempre atrai problemas.\n---"",""iniciativa"":0}",true,,2026-04-09 01:20:42.164471+00,2026-07-13 16:50:57.438563+00,https://static.wikia.nocookie.net/marveldatabase/images/2/24/Lorelei_%28Earth-94001%29_from_Loki_Vol_1_1_001.jpg/revision/latest/scale-to-width-down/600?cb=20191129184929
7ce4690b-15d1-487a-9b91-34304ea1eadd,,Scanner,Sarah Ryall,geracaox,medio,"{""tags"":[{""texto"":""Visão de Raio-X""},{""texto"":""Visão Térmica e Espectro Eletromagnético""},{""texto"":""Ex-Agente do Governo""},{""texto"":""Tática e Estratégia""},{""texto"":""Treinamento de Combate""},{""texto"":""Desconfiança de Autoridades""},{""texto"":""Limitações Humanas""},{""texto"":""Instinto de Sobrevivência""},{""texto"":""Resiliência Física e Mental""},{""texto"":""Perícia em Campo""},{""texto"":""Fama que Atrapalha""},{""texto"":""Responsabilidade que Pesa""},{""texto"":""Membro da X-Force / X-Corp""},{""texto"":""Mutante Experiente""},{""texto"":""Habilidade de Luta""}],""stats"":{""aura"":7,""corpo"":4,""mente"":9,""força"":3,""vontade"":8,""destreza"":5,""espírito"":8,""influência"":6,""inteligência"":7},""temas"":[{""nome"":""Varredura Psíquica"",""poder"":[{""texto"":""Visão de Raio-X""}],""fraqueza"":[]},{""nome"":""Olhos que Tudo Veem"",""poder"":[{""texto"":""Visão Térmica e Espectro Eletromagnético""}],""fraqueza"":[]},{""nome"":""3"",""poder"":[{""texto"":""Ex-Agente do Governo""},{""texto"":""Tática e Estratégia""},{""texto"":""Treinamento de Combate""}],""fraqueza"":[{""texto"":""Desconfiança de Autoridades""},{""texto"":""Limitações Humanas""}]},{""nome"":""4"",""poder"":[{""texto"":""Instinto de Sobrevivência""},{""texto"":""Resiliência Física e Mental""},{""texto"":""Perícia em Campo""}],""fraqueza"":[{""texto"":""Fama que Atrapalha""},{""texto"":""Responsabilidade que Pesa""}]}],""descricao"":""MEN 9 reflete percepção aguçada. Visão de raio-X grau 4 e espectro EM grau 4 — reconhecimento e localização excepcionais. A desconfiança de autoridades (-1) reflete trauma de experimentos governamentais. Trabalhou para o governo antes de se juntar ao X-Factor.\n---"",""iniciativa"":0}",true,,2026-04-09 01:20:42.164471+00,2026-07-13 16:50:57.438563+00,https://static.wikia.nocookie.net/marveldatabase/images/0/0b/Sarah_Ryall_%28Earth-96585%29_from_What_If...%3F_Vol_1_85_001.jpg/revision/latest?cb=20110918065104
7dfa9603-b9d9-4822-bc4d-62574d35ac97,,Domino,Neena Thurman,geracaox,alto,"{""tags"":[{""texto"":""Campo de Sorte Probabilística""},{""texto"":""Mercenária Veterana""},{""texto"":""Sorte Falha em Perigo Extremo""},{""texto"":""Franco-atirador de Elite""},{""texto"":""Combate Corpo-a-Corpo Avançado""},{""texto"":""Trauma do Projeto Armageddon""},{""texto"":""Coração de Mercenária""},{""texto"":""Poder é Subconsciente""},{""texto"":""Instinto de Sobrevivência""},{""texto"":""Resiliência Física e Mental""},{""texto"":""Perícia em Campo""},{""texto"":""Sorte não funciona em situações imprevisíveis extremas""},{""texto"":""Responsabilidade que Pesa""},{""texto"":""Membro da X-Force / X-Corp""},{""texto"":""Mutante de Elite""},{""texto"":""Veterano de Combate""},{""texto"":""Reflexos Aguçados""},{""texto"":""Resistência Mental Treinada""},{""texto"":""Treinamento de Combate""},{""texto"":""Habilidade de Luta""}],""stats"":{""aura"":9,""corpo"":7,""mente"":7,""força"":6,""vontade"":8,""destreza"":10,""espírito"":8,""influência"":7,""inteligência"":8},""temas"":[{""nome"":""Sorte Improvável"",""poder"":[{""texto"":""Campo de Sorte Probabilística""},{""texto"":""Mercenária Veterana""}],""fraqueza"":[{""texto"":""Sorte Falha em Perigo Extremo""}]},{""nome"":""Mercenária Albina"",""poder"":[{""texto"":""Franco-atirador de Elite""},{""texto"":""Combate Corpo-a-Corpo Avançado""}],""fraqueza"":[{""texto"":""Trauma do Projeto Armageddon""}]},{""nome"":""Aliada Incondicional"",""poder"":[{""texto"":""Coração de Mercenária""}],""fraqueza"":[{""texto"":""Poder é Subconsciente""}]},{""nome"":""4"",""poder"":[{""texto"":""Instinto de Sobrevivência""},{""texto"":""Resiliência Física e Mental""},{""texto"":""Perícia em Campo""}],""fraqueza"":[{""texto"":""Sorte não funciona em situações imprevisíveis extremas""},{""texto"":""Responsabilidade que Pesa""}]}],""descricao"":""DEX 10 no pico humano. A sorte probabilística grau 5 não é magia — é mutação ativa que distorce a realidade ao redor. Quando precisa que a arma do inimigo trave, ela trava. STR 6 e BOD 7 ligeiramente acima do pico — corporal de elite. Parceira de longa data de Cable.\n---"",""iniciativa"":0}",true,,2026-04-09 01:20:42.164471+00,2026-07-13 16:50:57.438563+00,https://static.wikia.nocookie.net/marveldatabase/images/a/a2/Neena_Thurman_%28Earth-161%29_from_X-Men_Forever_2_Vol_1_2_0001.jpg/revision/latest?cb=20221119013312
7f5af429-51bd-47b4-a476-cd5ee0cce3ba,,Vanisher,Vanisher,vilao,medio,"{""tags"":[{""texto"":""Teletransporte Planetário Instantâneo""},{""texto"":""Ladrão de Elite""},{""texto"":""Covarde""},{""texto"":""Aliado Eventual dos X-Men""},{""texto"":""Tática e Estratégia""},{""texto"":""Treinamento de Combate""},{""texto"":""Covarde Absoluto""},{""texto"":""Limitações Humanas""},{""texto"":""Instinto de Sobrevivência""},{""texto"":""Resiliência Física e Mental""},{""texto"":""Perícia em Campo""},{""texto"":""Fama que Atrapalha""},{""texto"":""Responsabilidade que Pesa""},{""texto"":""Conhecido no Submundo Mutante""},{""texto"":""Mutante Experiente""}],""stats"":{""aura"":5,""corpo"":4,""mente"":5,""força"":3,""vontade"":5,""destreza"":6,""espírito"":5,""influência"":4,""inteligência"":5},""temas"":[{""nome"":""Teleporte"",""poder"":[{""texto"":""Teletransporte Planetário Instantâneo""}],""fraqueza"":[]},{""nome"":""Ladrão"",""poder"":[{""texto"":""Ladrão de Elite""}],""fraqueza"":[{""texto"":""Covarde""}]},{""nome"":""3"",""poder"":[{""texto"":""Aliado Eventual dos X-Men""},{""texto"":""Tática e Estratégia""},{""texto"":""Treinamento de Combate""}],""fraqueza"":[{""texto"":""Covarde Absoluto""},{""texto"":""Limitações Humanas""}]},{""nome"":""4"",""poder"":[{""texto"":""Instinto de Sobrevivência""},{""texto"":""Resiliência Física e Mental""},{""texto"":""Perícia em Campo""}],""fraqueza"":[{""texto"":""Fama que Atrapalha""},{""texto"":""Responsabilidade que Pesa""}]}],""descricao"":""O teletransporte grau 5 — qualquer lugar do planeta instantaneamente — é de categoria excepcional. Mas a covardia (-3) neutraliza metade do potencial: Vanisher sempre usa o poder para fugir, nunca para atacar. A covardia como motivação principal o torna previsível e negociável. Ladrão de elite, foi membro da Irmandade.\n---"",""iniciativa"":0}",true,,2026-04-09 01:20:42.164471+00,2026-07-13 16:50:57.438563+00,https://static.wikia.nocookie.net/marveldatabase/images/d/df/Vanisher_%28Earth-295%29_from_Amazing_X-Men_Vol_1_3_0001.jpg/revision/latest/scale-to-width-down/600?cb=20090813234943
8435713f-ca97-4855-bf32-a7a70e5b270a,,Sunspot,Roberto da Costa,novatos,medio,"{""tags"":[{""texto"":""Absorção e Canalização de Energia Solar""},{""texto"":""Força Sobrehumana Quando Carregado""},{""texto"":""Voo em Forma Solar""},{""texto"":""Bilionário DaCosta""},{""texto"":""Impulsivo e Arrogante""},{""texto"":""Reflexos Aguçados""},{""texto"":""Tática e Estratégia""},{""texto"":""Treinamento de Combate""},{""texto"":""Impulsivo""},{""texto"":""Limitações Humanas""},{""texto"":""Instinto de Sobrevivência""},{""texto"":""Resiliência Física e Mental""},{""texto"":""Perícia em Campo""},{""texto"":""Fama que Atrapalha""},{""texto"":""Responsabilidade que Pesa""},{""texto"":""Força Sobre-humana""},{""texto"":""Membro dos X-Men""},{""texto"":""Membro dos Novos Mutantes""},{""texto"":""Mutante Experiente""}],""stats"":{""aura"":8,""corpo"":7,""mente"":7,""força"":8,""vontade"":7,""destreza"":7,""espírito"":7,""influência"":9,""inteligência"":7},""temas"":[{""nome"":""Solar Lord"",""poder"":[{""texto"":""Absorção e Canalização de Energia Solar""},{""texto"":""Força Sobrehumana Quando Carregado""},{""texto"":""Voo em Forma Solar""}],""fraqueza"":[]},{""nome"":""Bilionário Brasileiro"",""poder"":[{""texto"":""Bilionário DaCosta""}],""fraqueza"":[{""texto"":""Impulsivo e Arrogante""}]},{""nome"":""3"",""poder"":[{""texto"":""Reflexos Aguçados""},{""texto"":""Tática e Estratégia""},{""texto"":""Treinamento de Combate""}],""fraqueza"":[{""texto"":""Impulsivo""},{""texto"":""Limitações Humanas""}]},{""nome"":""4"",""poder"":[{""texto"":""Instinto de Sobrevivência""},{""texto"":""Resiliência Física e Mental""},{""texto"":""Perícia em Campo""}],""fraqueza"":[{""texto"":""Fama que Atrapalha""},{""texto"":""Responsabilidade que Pesa""}]}],""descricao"":""STR 8 sobrehumano quando carregado de energia solar. INF 9 — charme carismático de bilionário. A impulsividade (-2) é vulnerabilidade tática: corre para a briga sem plano. Usou a fortuna DaCosta para comprar a HYDRA e desmantelá-la por dentro — talvez sua façanha mais impressionante.\n---"",""iniciativa"":0}",true,,2026-04-09 01:20:42.164471+00,2026-07-13 16:50:57.438563+00,https://static.wikia.nocookie.net/marveldatabase/images/f/fa/Roberto_Da_Costa_%28Earth-161%29_from_X-Men_Forever_Vol_2_10_001.jpg/revision/latest/scale-to-width-down/600?cb=20091101200353
85474169-25db-4540-b2b5-f660744030fd,,Umbra,Umbra,x-men,medio,"{""tags"":[{""grau"":5,""texto"":""Viagem e Manipulação de Sombras""},{""grau"":4,""texto"":""Furtividade e Infiltração Absolutas""},{""grau"":3,""texto"":""Ataques a partir da Penumbra""},{""grau"":3,""texto"":""Camuflagem nas Trevas""},{""grau"":3,""texto"":""Protege em Silêncio""},{""grau"":3,""texto"":""Observa Mais do que Age""},{""grau"":2,""texto"":""Mistério que Intriga a Equipe""},{""grau"":2,""texto"":""Aluna do Instituto Xavier""},{""grau"":3,""texto"":""Depende de Fontes de Sombra""},{""grau"":3,""texto"":""Introversão Isolante""},{""grau"":2,""texto"":""Dificuldade de Confiar""},{""grau"":2,""texto"":""Pouca Prática de Combate""}],""stats"":{""aura"":7,""corpo"":5,""mente"":7,""força"":4,""vontade"":8,""destreza"":8,""espírito"":7,""influência"":4,""inteligência"":7},""temas"":[{""nome"":""Andarilha das Sombras"",""poder"":[{""grau"":5,""texto"":""Viagem e Manipulação de Sombras""},{""grau"":4,""texto"":""Furtividade e Infiltração Absolutas""},{""grau"":3,""texto"":""Ataques a partir da Penumbra""},{""grau"":3,""texto"":""Camuflagem nas Trevas""}],""fraqueza"":[]},{""nome"":""Guardiã Silenciosa"",""poder"":[{""grau"":3,""texto"":""Protege em Silêncio""},{""grau"":3,""texto"":""Observa Mais do que Age""}],""fraqueza"":[]},{""nome"":""Enigma"",""poder"":[{""grau"":2,""texto"":""Mistério que Intriga a Equipe""},{""grau"":2,""texto"":""Aluna do Instituto Xavier""}],""fraqueza"":[]},{""nome"":""Prisão de Trevas"",""poder"":[],""fraqueza"":[{""grau"":3,""texto"":""Depende de Fontes de Sombra""},{""grau"":3,""texto"":""Introversão Isolante""},{""grau"":2,""texto"":""Dificuldade de Confiar""},{""grau"":2,""texto"":""Pouca Prática de Combate""}]}],""descricao"":""Umbra é uma figura enigmática que se move e esconde nas sombras, usando‑as tanto para atacar como para se proteger. Prefere a penumbra ao palco, observando mais do que agindo – mas, quando alguém que lhe importa está em perigo, a sua fúria é silenciosa e implacável. Ninguém a vê chegar; apenas sentem o frio."",""iniciativa"":21}",true,,2026-07-12 18:05:40.319941+00,2026-07-12 19:52:11.358358+00,
87c5a50e-9b28-4cdc-8cd1-3fd78c8acecc,,Wraith (Hector Rendoza),Hector Rendoza,x-men,medio,"{""tags"":[{""texto"":""Intangibilidade""},{""texto"":""Adolescente Problemático""},{""texto"":""Reflexos Aguçados""},{""texto"":""Tática e Estratégia""},{""texto"":""Treinamento de Combate""},{""texto"":""Perdeu os Poderes no M-Day""},{""texto"":""Limitações Humanas""},{""texto"":""Instinto de Sobrevivência""},{""texto"":""Resiliência Física e Mental""},{""texto"":""Perícia em Campo""},{""texto"":""Fama que Atrapalha""},{""texto"":""Responsabilidade que Pesa""},{""texto"":""Membro dos X-Men""},{""texto"":""Mutante Experiente""},{""texto"":""Habilidade de Luta""}],""stats"":{""aura"":6,""corpo"":5,""mente"":7,""força"":4,""vontade"":6,""destreza"":6,""espírito"":6,""influência"":5,""inteligência"":6},""temas"":[{""nome"":""Teleporte"",""poder"":[{""texto"":""Intangibilidade""}],""fraqueza"":[]},{""nome"":""Fantasma"",""poder"":[{""texto"":""Adolescente Problemático""}],""fraqueza"":[]},{""nome"":""3"",""poder"":[{""texto"":""Reflexos Aguçados""},{""texto"":""Tática e Estratégia""},{""texto"":""Treinamento de Combate""}],""fraqueza"":[{""texto"":""Perdeu os Poderes no M-Day""},{""texto"":""Limitações Humanas""}]},{""nome"":""4"",""poder"":[{""texto"":""Instinto de Sobrevivência""},{""texto"":""Resiliência Física e Mental""},{""texto"":""Perícia em Campo""}],""fraqueza"":[{""texto"":""Fama que Atrapalha""},{""texto"":""Responsabilidade que Pesa""}]}],""descricao"":""A intangibilidade grau 4 — atravessa qualquer matéria sólida. Atributos próximos ao pico humano. O perfil de adolescente problemático (grau 2) cria friccão constante. Perdeu os poderes no M-Day (-2). Ex-membro dos X-Men por curto período.\n---"",""iniciativa"":0}",true,,2026-04-09 01:20:42.164471+00,2026-07-13 16:50:57.438563+00,https://static.wikia.nocookie.net/marveldatabase/images/0/0d/John_Wraith_%28Earth-616%29_from_Wolverine_Vol_4_1_002.jpg/revision/latest/scale-to-width-down/600?cb=20111220142153
8864c3b1-e081-4bae-91ef-586546f4ed61,,Sage,Tessa,x-men,medio,"{""tags"":[{""texto"":""Mente Computador Humano""},{""texto"":""Memória Perfeita e Absoluta""},{""texto"":""Pode Catalisar Mutações Latentes em Outros""},{""texto"":""Desconectada Emocionalmente""},{""texto"":""Agente Dupla Infiltrada por Décadas""},{""texto"":""Combate de Elite""},{""texto"":""Treinamento de Combate""},{""texto"":""Décadas de Isolamento Emocional como Agente""},{""texto"":""Limitações Humanas""},{""texto"":""Instinto de Sobrevivência""},{""texto"":""Resiliência Física e Mental""},{""texto"":""Perícia em Campo""},{""texto"":""Fama que Atrapalha""},{""texto"":""Responsabilidade que Pesa""},{""texto"":""Membro dos X-Men""},{""texto"":""Mutante Experiente""}],""stats"":{""aura"":8,""corpo"":6,""mente"":12,""força"":5,""vontade"":10,""destreza"":8,""espírito"":9,""influência"":7,""inteligência"":14},""temas"":[{""nome"":""Computador Humano"",""poder"":[{""texto"":""Mente Computador Humano""},{""texto"":""Memória Perfeita e Absoluta""}],""fraqueza"":[]},{""nome"":""Agente Infiltrada"",""poder"":[{""texto"":""Pode Catalisar Mutações Latentes em Outros""}],""fraqueza"":[{""texto"":""Desconectada Emocionalmente""}]},{""nome"":""3"",""poder"":[{""texto"":""Agente Dupla Infiltrada por Décadas""},{""texto"":""Combate de Elite""},{""texto"":""Treinamento de Combate""}],""fraqueza"":[{""texto"":""Décadas de Isolamento Emocional como Agente""},{""texto"":""Limitações Humanas""}]},{""nome"":""4"",""poder"":[{""texto"":""Instinto de Sobrevivência""},{""texto"":""Resiliência Física e Mental""},{""texto"":""Perícia em Campo""}],""fraqueza"":[{""texto"":""Fama que Atrapalha""},{""texto"":""Responsabilidade que Pesa""}]}],""descricao"":""INT 14 e MEN 12 — a mente computador grau 6 é de categoria Ômega cognitiva. VON 10 acima do pico humano. DEX 8 no limite humano para combate de elite. Recrutada por Xavier antes dos X-Men existirem — passou décadas como agente dupla no Clube do Inferno. O isolamento (-2) é o custo de décadas vivendo como outra pessoa.\n---"",""iniciativa"":0}",true,,2026-04-09 01:20:42.164471+00,2026-07-13 16:50:57.438563+00,https://static.wikia.nocookie.net/marveldatabase/images/8/81/Sage_%28Earth-811%29_from_Paragon_Collection_Chris_Claremont_Vol_1_1_001.jpg/revision/latest/scale-to-width-down/600?cb=20210415143031
88f0d5c7-7e22-40f9-a795-dedfcfa66441,,Timeslip,Timeslip,novatos,medio,"{""tags"":[{""texto"":""Percepção Temporal Acelerada""},{""texto"":""Controle Imperfeito""},{""texto"":""Precognição Limitada ao Imediato""},{""texto"":""Personagem Menor""},{""texto"":""Tática e Estratégia""},{""texto"":""Treinamento de Combate""},{""texto"":""Culpa e Arrependimento""},{""texto"":""Limitações Humanas""},{""texto"":""Instinto de Sobrevivência""},{""texto"":""Resiliência Física e Mental""},{""texto"":""Perícia em Campo""},{""texto"":""Fama que Atrapalha""},{""texto"":""Responsabilidade que Pesa""},{""texto"":""Salto Temporal""},{""texto"":""Membro dos Novos Mutantes""},{""texto"":""Mutante Experiente""}],""stats"":{""aura"":6,""corpo"":4,""mente"":8,""força"":3,""vontade"":6,""destreza"":5,""espírito"":7,""influência"":5,""inteligência"":6},""temas"":[{""nome"":""Salto Temporal"",""poder"":[{""texto"":""Percepção Temporal Acelerada""}],""fraqueza"":[{""texto"":""Controle Imperfeito""}]},{""nome"":""Cronometrista"",""poder"":[{""texto"":""Precognição Limitada ao Imediato""}],""fraqueza"":[]},{""nome"":""3"",""poder"":[{""texto"":""Personagem Menor""},{""texto"":""Tática e Estratégia""},{""texto"":""Treinamento de Combate""}],""fraqueza"":[{""texto"":""Culpa e Arrependimento""},{""texto"":""Limitações Humanas""}]},{""nome"":""4"",""poder"":[{""texto"":""Instinto de Sobrevivência""},{""texto"":""Resiliência Física e Mental""},{""texto"":""Perícia em Campo""}],""fraqueza"":[{""texto"":""Fama que Atrapalha""},{""texto"":""Responsabilidade que Pesa""}]}],""descricao"":""MEN 8 reflete percepção temporal aguçada. A percepção grau 4 dá vantagem tática real em combate — vê ações antes de ocorrerem. A precognição (grau 3) é limitada ao imediato. Membra de equipe alternativa de Novos Mutantes. Potencial maior do que foi explorado.\n---"",""iniciativa"":0}",true,,2026-04-09 01:20:42.164471+00,2026-07-13 16:50:57.438563+00,https://static.wikia.nocookie.net/marveldatabase/images/7/7c/Rina_Patel_%28Earth-23203%29_from_Venom_The_End_Vol_1_1_001.jpg/revision/latest/scale-to-width-down/600?cb=20200414142944
8995f566-fa6f-4b86-9de3-43b18b538976,,Boggart,Boggart,x-men,medio,"{""tags"":[{""grau"":4,""texto"":""Metamorfose Aterrorizante""},{""grau"":4,""texto"":""Assume a Forma do Medo do Alvo""},{""grau"":3,""texto"":""Intimidação Psicológica""},{""grau"":2,""texto"":""Aparência Naturalmente Sinistra""},{""grau"":3,""texto"":""Humor Negro e Brincalhão""},{""grau"":3,""texto"":""Leal aos Amigos Ferozmente""},{""grau"":2,""texto"":""Alívio Cômico da Equipe""},{""grau"":3,""texto"":""Coração Gentil sob a Máscara""},{""grau"":2,""texto"":""Aluno do Instituto Xavier""},{""grau"":3,""texto"":""Aspecto Assustador Permanente""},{""grau"":3,""texto"":""Rejeitado por Estranhos""},{""grau"":2,""texto"":""Insegurança com a Aparência""},{""grau"":2,""texto"":""Inexperiente em Combate""}],""stats"":{""aura"":8,""corpo"":5,""mente"":7,""força"":4,""vontade"":7,""destreza"":6,""espírito"":6,""influência"":5,""inteligência"":6},""temas"":[{""nome"":""Pesadelo Vivo"",""poder"":[{""grau"":4,""texto"":""Metamorfose Aterrorizante""},{""grau"":4,""texto"":""Assume a Forma do Medo do Alvo""},{""grau"":3,""texto"":""Intimidação Psicológica""},{""grau"":2,""texto"":""Aparência Naturalmente Sinistra""}],""fraqueza"":[]},{""nome"":""Comediante Sombrio"",""poder"":[{""grau"":3,""texto"":""Humor Negro e Brincalhão""},{""grau"":3,""texto"":""Leal aos Amigos Ferozmente""},{""grau"":2,""texto"":""Alívio Cômico da Equipe""}],""fraqueza"":[]},{""nome"":""Incompreendido"",""poder"":[{""grau"":3,""texto"":""Coração Gentil sob a Máscara""},{""grau"":2,""texto"":""Aluno do Instituto Xavier""}],""fraqueza"":[]},{""nome"":""Rosto que Assusta"",""poder"":[],""fraqueza"":[{""grau"":3,""texto"":""Aspecto Assustador Permanente""},{""grau"":3,""texto"":""Rejeitado por Estranhos""},{""grau"":2,""texto"":""Insegurança com a Aparência""},{""grau"":2,""texto"":""Inexperiente em Combate""}]}],""descricao"":""Boggart é um ser místico cuja aparência é naturalmente sinistra, mas que se revela um companheiro leal e bem‑humorado. O seu poder de assumir formas aterrorizantes não é usado para magoar, mas para assustar com um toque de comédia negra – o que poucos apreciam. Vive num constante conflito entre o que parece e o que é."",""iniciativa"":20}",true,,2026-07-12 18:05:40.319941+00,2026-07-12 19:52:11.358358+00,
89dae405-fc6d-4ff1-88a4-136fe301a8f8,,Aurora,Jeanne-Marie Beaubier,vilao,medio,"{""tags"":[{""texto"":""Voo Supersônico""},{""texto"":""Luz Cegante quando em contato com Northstar""},{""texto"":""Gêmea de Northstar""},{""texto"":""Transtorno Dissociativo""},{""texto"":""Reflexos Aguçados""},{""texto"":""Tática e Estratégia""},{""texto"":""Treinamento de Combate""},{""texto"":""Transtorno Dissociativo de Identidade""},{""texto"":""Vontade Reduzida pelo TDI""},{""texto"":""Instinto de Sobrevivência""},{""texto"":""Resiliência Física e Mental""},{""texto"":""Perícia em Campo""},{""texto"":""Fama que Atrapalha""},{""texto"":""Responsabilidade que Pesa""},{""texto"":""Conhecido no Submundo Mutante""},{""texto"":""Mutante Experiente""}],""stats"":{""aura"":7,""corpo"":6,""mente"":7,""força"":5,""vontade"":6,""destreza"":10,""espírito"":7,""influência"":6,""inteligência"":7},""temas"":[{""nome"":""Velocidade Sobre-humana"",""poder"":[{""texto"":""Voo Supersônico""},{""texto"":""Luz Cegante quando em contato com Northstar""}],""fraqueza"":[]},{""nome"":""Dupla Personalidade"",""poder"":[{""texto"":""Gêmea de Northstar""}],""fraqueza"":[{""texto"":""Transtorno Dissociativo""}]},{""nome"":""3"",""poder"":[{""texto"":""Reflexos Aguçados""},{""texto"":""Tática e Estratégia""},{""texto"":""Treinamento de Combate""}],""fraqueza"":[{""texto"":""Transtorno Dissociativo de Identidade""},{""texto"":""Vontade Reduzida pelo TDI""}]},{""nome"":""4"",""poder"":[{""texto"":""Instinto de Sobrevivência""},{""texto"":""Resiliência Física e Mental""},{""texto"":""Perícia em Campo""}],""fraqueza"":[{""texto"":""Fama que Atrapalha""},{""texto"":""Responsabilidade que Pesa""}]}],""descricao"":""DEX 10 no pico absoluto — velocidade supersônica. O TDI (-4) é a maior vulnerabilidade: alternância entre personalidades tímida e extrovertida, cada uma com objetivos distintos. VON 6 abaixo do normal humano — reflexo de como o TDI mina a força de vontade unificada. Irmã gêmea de Northstar.\n---"",""iniciativa"":0}",true,,2026-04-09 01:20:42.164471+00,2026-07-13 16:50:57.438563+00,https://static.wikia.nocookie.net/marveldatabase/images/1/17/Jeanne-Marie_Baubier_%28Earth-295%29_from_X-Men_Age_of_Apocalypse_Vol_1_2_0001.jpg/revision/latest/scale-to-width-down/600?cb=20101205213731
8bf61492-a3c8-4675-85d3-a837b3c26e74,,Banshee,Sean Cassidy,x-men,medio,"{""tags"":[{""texto"":""Grito Sonar""},{""texto"":""Voo via Ondas Sonoras""},{""texto"":""Passado que Assombra""},{""texto"":""Impulsividade""},{""texto"":""Frequência Hipnótica""},{""texto"":""Ex-Agente da Interpol""},{""texto"":""Fundador da Geração X""},{""texto"":""Pai de Siryn""},{""texto"":""Instinto de Sobrevivência""},{""texto"":""Resiliência Física e Mental""},{""texto"":""Perícia em Campo""},{""texto"":""Fama que Atrapalha""},{""texto"":""Responsabilidade que Pesa""},{""texto"":""Membro dos X-Men""},{""texto"":""Mutante Experiente""},{""texto"":""Treinamento de Combate""}],""stats"":{""aura"":8,""corpo"":5,""mente"":7,""força"":4,""vontade"":7,""destreza"":6,""espírito"":7,""influência"":7,""inteligência"":7},""temas"":[{""nome"":""Grito Sônico"",""poder"":[{""texto"":""Grito Sonar""},{""texto"":""Voo via Ondas Sonoras""}],""fraqueza"":[{""texto"":""Passado que Assombra""},{""texto"":""Impulsividade""}]},{""nome"":""Veterano da Interpol"",""poder"":[{""texto"":""Frequência Hipnótica""},{""texto"":""Ex-Agente da Interpol""}],""fraqueza"":[]},{""nome"":""Pai e Mentor"",""poder"":[{""texto"":""Fundador da Geração X""},{""texto"":""Pai de Siryn""}],""fraqueza"":[]},{""nome"":""4"",""poder"":[{""texto"":""Instinto de Sobrevivência""},{""texto"":""Resiliência Física e Mental""},{""texto"":""Perícia em Campo""}],""fraqueza"":[{""texto"":""Fama que Atrapalha""},{""texto"":""Responsabilidade que Pesa""}]}],""descricao"":""Grito sonar grau 4 — pode destruir aço e atordoar oponentes em área. A frequência hipnótica (grau 3) é menos conhecida mas real. Ex-agente da Interpol e do Clube do Inferno (coagido). Fundou a Geração X com Emma Frost. Pai de Theresa Cassidy (Siryn).\n---"",""iniciativa"":0}",true,,2026-04-09 01:20:42.164471+00,2026-07-13 16:50:57.438563+00,https://static.wikia.nocookie.net/marveldatabase/images/f/fe/Theresa_Cassidy_%28Earth-616%29_from_X-Factor_Vol_3_209_001.jpg/revision/latest/scale-to-width-down/600?cb=20210429093221
8c6983c3-b419-49e1-8740-5486bebb0a16,,Dust (Poeira),Sooraya Qadir,x-men,medio,"{""tags"":[{""grau"":5,""texto"":""Transforma-se em Nuvem de Areia Abrasiva""},{""grau"":4,""texto"":""Controle de Partículas Finas""},{""grau"":4,""texto"":""Esfola Inimigos como Lixa""},{""grau"":3,""texto"":""Forma Intangível Evasiva""},{""grau"":4,""texto"":""Muçulmana Devota (usa niqab)""},{""grau"":4,""texto"":""Determinação Silenciosa""},{""grau"":3,""texto"":""Modéstia de Princípio""},{""grau"":3,""texto"":""Refugiada do Afeganistão""},{""grau"":2,""texto"":""Amizade Leal com Mercúrio""},{""grau"":2,""texto"":""Aluna do Instituto Xavier""},{""grau"":3,""texto"":""Timidez e Reserva""},{""grau"":2,""texto"":""Trauma de Cativeiro no Passado""},{""grau"":2,""texto"":""Estranheza Cultural a Isola""},{""grau"":2,""texto"":""Inexperiente em Combate""}],""stats"":{""aura"":8,""corpo"":5,""mente"":7,""força"":4,""vontade"":9,""destreza"":7,""espírito"":9,""influência"":6,""inteligência"":7},""temas"":[{""nome"":""Tempestade de Areia"",""poder"":[{""grau"":5,""texto"":""Transforma-se em Nuvem de Areia Abrasiva""},{""grau"":4,""texto"":""Controle de Partículas Finas""},{""grau"":4,""texto"":""Esfola Inimigos como Lixa""},{""grau"":3,""texto"":""Forma Intangível Evasiva""}],""fraqueza"":[]},{""nome"":""Fé Inabalável"",""poder"":[{""grau"":4,""texto"":""Muçulmana Devota (usa niqab)""},{""grau"":4,""texto"":""Determinação Silenciosa""},{""grau"":3,""texto"":""Modéstia de Princípio""}],""fraqueza"":[]},{""nome"":""Longe de Casa"",""poder"":[{""grau"":3,""texto"":""Refugiada do Afeganistão""},{""grau"":2,""texto"":""Amizade Leal com Mercúrio""},{""grau"":2,""texto"":""Aluna do Instituto Xavier""}],""fraqueza"":[]},{""nome"":""Reserva"",""poder"":[],""fraqueza"":[{""grau"":3,""texto"":""Timidez e Reserva""},{""grau"":2,""texto"":""Trauma de Cativeiro no Passado""},{""grau"":2,""texto"":""Estranheza Cultural a Isola""},{""grau"":2,""texto"":""Inexperiente em Combate""}]}],""descricao"":""Dust – Sooraya Qadir – é uma muçulmana devota que se pode transformar numa nuvem de"",""iniciativa"":20}",true,,2026-07-12 18:05:40.319941+00,2026-07-12 19:52:11.358358+00,
8f709dcd-9904-4d02-bf28-1630414bf532,,Donald Pierce,Donald Pierce,vilao,medio,"{""tags"":[{""texto"":""Corpo Robótico de Alta Tecnologia""},{""texto"":""Líder dos Reavers""},{""texto"":""Ódio a Mutantes""},{""texto"":""Engenheiro de Elite""},{""texto"":""Tática e Estratégia""},{""texto"":""Treinamento de Combate""},{""texto"":""Anti-Mutante Irracional""},{""texto"":""Limitações Humanas""},{""texto"":""Instinto de Sobrevivência""},{""texto"":""Resiliência Física e Mental""},{""texto"":""Perícia em Campo""},{""texto"":""Fama que Atrapalha""},{""texto"":""Responsabilidade que Pesa""},{""texto"":""Conhecido no Submundo Mutante""},{""texto"":""Mutante Experiente""}],""stats"":{""aura"":6,""corpo"":8,""mente"":6,""força"":8,""vontade"":7,""destreza"":6,""espírito"":6,""influência"":7,""inteligência"":7},""temas"":[{""nome"":""Ciborgue Reaver"",""poder"":[{""texto"":""Corpo Robótico de Alta Tecnologia""}],""fraqueza"":[]},{""nome"":""Líder dos Reavers"",""poder"":[{""texto"":""Líder dos Reavers""}],""fraqueza"":[{""texto"":""Ódio a Mutantes""}]},{""nome"":""3"",""poder"":[{""texto"":""Engenheiro de Elite""},{""texto"":""Tática e Estratégia""},{""texto"":""Treinamento de Combate""}],""fraqueza"":[{""texto"":""Anti-Mutante Irracional""},{""texto"":""Limitações Humanas""}]},{""nome"":""4"",""poder"":[{""texto"":""Instinto de Sobrevivência""},{""texto"":""Resiliência Física e Mental""},{""texto"":""Perícia em Campo""}],""fraqueza"":[{""texto"":""Fama que Atrapalha""},{""texto"":""Responsabilidade que Pesa""}]}],""descricao"":""STR 8 e BOD 8 — corpo robótico de combate. O corpo robótico grau 4 e o papel de engenheiro grau 4 fazem dele ameaça dupla: combate e criação de outros caçadores. O paradoxo (-1) — cyborg que odeia mutantes, sendo ele mesmo uma aberração tecnológica equivalente. Ex-membro do Clube do Inferno.\n---"",""iniciativa"":0}",true,,2026-04-09 01:20:42.164471+00,2026-07-13 16:50:57.438563+00,https://static.wikia.nocookie.net/marveldatabase/images/5/5b/Donald_Pierce_%28Earth-295%29_from_Point_One_Vol_1_1_001.jpg/revision/latest/scale-to-width-down/600?cb=20111109213156
90224d55-3a44-41cb-8802-3f54a9239bfe,,Chamber,Jono Starsmore,novatos,medio,"{""tags"":[{""texto"":""Plasma Psiônico Explodindo do Peito""},{""texto"":""Rosto e Peito Destruídos pelo Poder""},{""texto"":""Comunicação Telepática""},{""texto"":""Depressão e Isolamento""},{""texto"":""Reflexos Aguçados""},{""texto"":""Tática e Estratégia""},{""texto"":""Treinamento de Combate""},{""texto"":""Sem Boca ou Tórax""},{""texto"":""Medo do Próprio Poder""},{""texto"":""Instinto de Sobrevivência""},{""texto"":""Resiliência Física e Mental""},{""texto"":""Perícia em Campo""},{""texto"":""Fama que Atrapalha""},{""texto"":""Responsabilidade que Pesa""},{""texto"":""Explosão Psíquica""},{""texto"":""Silêncio""},{""texto"":""Rosto Desfigurado""},{""texto"":""Membro dos Novos Mutantes""},{""texto"":""Mutante Experiente""}],""stats"":{""aura"":8,""corpo"":4,""mente"":9,""força"":4,""vontade"":8,""destreza"":7,""espírito"":8,""influência"":6,""inteligência"":7},""temas"":[{""nome"":""Fornalha Psíquica"",""poder"":[{""texto"":""Plasma Psiônico Explodindo do Peito""}],""fraqueza"":[{""texto"":""Rosto e Peito Destruídos pelo Poder""}]},{""nome"":""Estrangeiro"",""poder"":[{""texto"":""Comunicação Telepática""}],""fraqueza"":[{""texto"":""Depressão e Isolamento""}]},{""nome"":""3"",""poder"":[{""texto"":""Reflexos Aguçados""},{""texto"":""Tática e Estratégia""},{""texto"":""Treinamento de Combate""}],""fraqueza"":[{""texto"":""Sem Boca ou Tórax""},{""texto"":""Medo do Próprio Poder""}]},{""nome"":""4"",""poder"":[{""texto"":""Instinto de Sobrevivência""},{""texto"":""Resiliência Física e Mental""},{""texto"":""Perícia em Campo""}],""fraqueza"":[{""texto"":""Fama que Atrapalha""},{""texto"":""Responsabilidade que Pesa""}]}],""descricao"":""O plasma psiônico grau 5 é devastador mas raramente usado pela tag -2 de medo. A tag -4 de ausência de boca e tórax é limitação física fundamental: não come, não respira convencionalmente, comunica-se só por telepatia. MEN 9 e ESP 8 refletem profundidade interior de alguém que vive inteiramente no mundo das ideias. Inglês melancólico com humor seco.\n---"",""iniciativa"":0}",true,,2026-04-09 01:20:42.164471+00,2026-07-13 16:50:57.438563+00,https://static.wikia.nocookie.net/marveldatabase/images/d/d1/Jonothon_Starsmore_%28Earth-295%29_from_Generation_Next_Vol_1_1_0001.jpg/revision/latest/scale-to-width-down/600?cb=20191201083204
902496ed-6444-416a-a4ca-09ddaf5d2b10,,Apocalipse,En Sabah Nur,vilao,extremo,"{""tags"":[{""texto"":""Manipulação Molecular do Próprio Corpo""},{""texto"":""Tecnologia Celestial""},{""texto"":""Imortalidade Real""},{""texto"":""Limitações Humanas""},{""texto"":""Os Quatro Cavaleiros""},{""texto"":""Darwinismo Social Extremo""},{""texto"":""Primeiro Mutante Registrado da Terra""},{""texto"":""Visão Distorcida de Evolução""},{""texto"":""Armadura de Tecnologia Celestial""},{""texto"":""Adaptador Molecular""},{""texto"":""Depende da Armadura Celestial""},{""texto"":""Habilidade de Luta""},{""texto"":""Determinação Inabalável""},{""texto"":""Reflexos Aguçados""},{""texto"":""Subestima Oponentes por Arrogância Milenar""},{""texto"":""Conflitos Internos""},{""texto"":""Primeiro Mutante""},{""texto"":""Sobrevivência do Mais Forte""},{""texto"":""Juiz Universal""},{""texto"":""Quatro Cavaleiros""},{""texto"":""Conhecido no Submundo Mutante""},{""texto"":""Mutante de Niveau Ômega ou Equivalente""},{""texto"":""Décadas de Experiência de Combate""},{""texto"":""Mestre Tático""},{""texto"":""Vontade Indomável""},{""texto"":""Rede de Contatos e Aliados""},{""texto"":""Ameaça Nível Global""}],""stats"":{""aura"":12,""corpo"":15,""mente"":11,""força"":15,""vontade"":14,""destreza"":6,""espírito"":13,""influência"":10,""inteligência"":12},""temas"":[{""nome"":""Primeiro Mutante"",""poder"":[{""texto"":""Manipulação Molecular do Próprio Corpo""},{""texto"":""Tecnologia Celestial""},{""texto"":""Imortalidade Real""}],""fraqueza"":[{""texto"":""Limitações Humanas""}]},{""nome"":""Sobrevivência do Mais Forte"",""poder"":[{""texto"":""Os Quatro Cavaleiros""},{""texto"":""Darwinismo Social Extremo""}],""fraqueza"":[]},{""nome"":""Pai dos Cavaleiros"",""poder"":[{""texto"":""Primeiro Mutante Registrado da Terra""}],""fraqueza"":[{""texto"":""Visão Distorcida de Evolução""}]},{""nome"":""Armadura Cósmica"",""poder"":[{""texto"":""Armadura de Tecnologia Celestial""},{""texto"":""Adaptador Molecular""}],""fraqueza"":[{""texto"":""Depende da Armadura Celestial""}]},{""nome"":""5"",""poder"":[{""texto"":""Habilidade de Luta""},{""texto"":""Determinação Inabalável""},{""texto"":""Reflexos Aguçados""}],""fraqueza"":[{""texto"":""Subestima Oponentes por Arrogância Milenar""},{""texto"":""Conflitos Internos""}]}],""descricao"":""Atributos massivamente acima do pico humano — tecnologia Celestial de 5000 anos transcende qualquer categoria. STR 15 e BOD 15 colossal. VON 14 supera o pico humano. AUR 12 e ESP 13 refletem presença de ser quase divino. Os dois graus 6 refletem poder de categoria cósmica. O único defeito (-1) é a arrogância milenar que às vezes subestima oponentes.\n---"",""iniciativa"":0}",true,,2026-04-09 01:20:42.164471+00,2026-07-13 16:50:57.438563+00,https://static.wikia.nocookie.net/marveldatabase/images/3/3e/En_Sabah_Nur_%28Earth-295%29_from_Age_of_Apocalypse_The_Chosen_Vol_1_1_0001.jpg/revision/latest/scale-to-width-down/600?cb=20050907062703
9050a0f2-2ace-4cbe-81a7-45a897daf398,,Avalanche,Dominikos Petrakis,irmandade,medio,"{""tags"":[{""texto"":""Geokinese""},{""texto"":""Mercenário Pragmático""},{""texto"":""Terremotos e Avalanches Localizados""},{""texto"":""Reflexos Aguçados""},{""texto"":""Tática e Estratégia""},{""texto"":""Treinamento de Combate""},{""texto"":""Sem Ideologia Forte""},{""texto"":""Limitações Humanas""},{""texto"":""Instinto de Sobrevivência""},{""texto"":""Resiliência Física e Mental""},{""texto"":""Perícia em Campo""},{""texto"":""Fama que Atrapalha""},{""texto"":""Responsabilidade que Pesa""},{""texto"":""Ondas Sísmicas""},{""texto"":""Demolidor""},{""texto"":""Membro da Irmandade de Mutantes""},{""texto"":""Mutante Experiente""}],""stats"":{""aura"":6,""corpo"":6,""mente"":6,""força"":5,""vontade"":7,""destreza"":6,""espírito"":6,""influência"":5,""inteligência"":5},""temas"":[{""nome"":""Ondas Sísmicas"",""poder"":[{""texto"":""Geokinese""},{""texto"":""Mercenário Pragmático""}],""fraqueza"":[]},{""nome"":""Demolidor"",""poder"":[{""texto"":""Terremotos e Avalanches Localizados""}],""fraqueza"":[]},{""nome"":""3"",""poder"":[{""texto"":""Reflexos Aguçados""},{""texto"":""Tática e Estratégia""},{""texto"":""Treinamento de Combate""}],""fraqueza"":[{""texto"":""Sem Ideologia Forte""},{""texto"":""Limitações Humanas""}]},{""nome"":""4"",""poder"":[{""texto"":""Instinto de Sobrevivência""},{""texto"":""Resiliência Física e Mental""},{""texto"":""Perícia em Campo""}],""fraqueza"":[{""texto"":""Fama que Atrapalha""},{""texto"":""Responsabilidade que Pesa""}]}],""descricao"":""A geokinese grau 4 faz qualquer material inorgânico vibrar e desfazer — terremotos, colapsos de edifícios, avalanches. Grego de origem, sem convicção ideológica forte (-2): juntou-se à Irmandade pelo dinheiro. A tag de mercenário pragmático (grau 2) pode ser vantagem para quem quer negociar.\n---"",""iniciativa"":0}",true,,2026-04-09 01:20:42.164471+00,2026-07-13 16:50:57.438563+00,https://static.wikia.nocookie.net/marveldatabase/images/4/49/Avalanche_%28Mesmero%27s_Brotherhood%29_%28Earth-616%29_from_X-Men_Gold_Vol_2_3_001.jpg/revision/latest/scale-to-width-down/600?cb=20170619012725
9084d29e-8cd2-479b-8268-c8ce69c953e5,,Magma,Amara Aquilla,novatos,medio,"{""tags"":[{""texto"":""Controle de Magma e Lava""},{""texto"":""Forma de Rocha Incandescente""},{""texto"":""Terremotos Localizados""},{""texto"":""Nobre Romana de Nova Roma""},{""texto"":""Ingênua ao Mundo Moderno""},{""texto"":""Reflexos Aguçados""},{""texto"":""Tática e Estratégia""},{""texto"":""Treinamento de Combate""},{""texto"":""Culpa e Arrependimento""},{""texto"":""Limitações Humanas""},{""texto"":""Instinto de Sobrevivência""},{""texto"":""Resiliência Física e Mental""},{""texto"":""Perícia em Campo""},{""texto"":""Fama que Atrapalha""},{""texto"":""Responsabilidade que Pesa""},{""texto"":""Forma de Rocha""},{""texto"":""Nobre de Nova Roma""},{""texto"":""Membro dos Novos Mutantes""},{""texto"":""Mutante Experiente""}],""stats"":{""aura"":9,""corpo"":6,""mente"":7,""força"":6,""vontade"":7,""destreza"":6,""espírito"":8,""influência"":7,""inteligência"":7},""temas"":[{""nome"":""Lava e Magma"",""poder"":[{""texto"":""Controle de Magma e Lava""},{""texto"":""Forma de Rocha Incandescente""},{""texto"":""Terremotos Localizados""}],""fraqueza"":[]},{""nome"":""Nobre de Nova Roma"",""poder"":[{""texto"":""Nobre Romana de Nova Roma""}],""fraqueza"":[{""texto"":""Ingênua ao Mundo Moderno""}]},{""nome"":""3"",""poder"":[{""texto"":""Reflexos Aguçados""},{""texto"":""Tática e Estratégia""},{""texto"":""Treinamento de Combate""}],""fraqueza"":[{""texto"":""Culpa e Arrependimento""},{""texto"":""Limitações Humanas""}]},{""nome"":""4"",""poder"":[{""texto"":""Instinto de Sobrevivência""},{""texto"":""Resiliência Física e Mental""},{""texto"":""Perícia em Campo""}],""fraqueza"":[{""texto"":""Fama que Atrapalha""},{""texto"":""Responsabilidade que Pesa""}]}],""descricao"":""AUR 9 reflete presença natural de nobre romana. A forma incandescente grau 4 protege e ataca simultaneamente. Os terremotos (grau 3) são precisos mas imprevisíveis. A ingenuidade cultural (-2) é vulnerabilidade real — cresceu em colônia romana oculta na América do Sul sem contato com o mundo moderno.\n---"",""iniciativa"":0}",true,,2026-04-09 01:20:42.164471+00,2026-07-13 16:50:57.438563+00,https://static.wikia.nocookie.net/marveldatabase/images/2/2a/Amara_Aquilla_%28Earth-295%29_from_Weapon_X_Vol_1_1_0001.jpg/revision/latest/scale-to-width-down/600?cb=20191221090402
92b36410-b036-4f52-9612-7f669c9fd103,,Sentinela Mk I,Unidade de Caça,vilao,medio,"{""tags"":[{""texto"":""Detector de Mutação por DNA""},{""texto"":""Foguetes de Alta Explosão""},{""texto"":""Armadura Estrutural Reforçada""},{""texto"":""Limitado por Programação""},{""texto"":""Supressor de Poderes""},{""texto"":""Tática e Estratégia""},{""texto"":""Treinamento de Combate""},{""texto"":""Sem Criatividade""},{""texto"":""Robô""},{""texto"":""Instinto de Sobrevivência""},{""texto"":""Resiliência Física e Mental""},{""texto"":""Perícia em Campo""},{""texto"":""Fama que Atrapalha""},{""texto"":""Responsabilidade que Pesa""},{""texto"":""Conhecido no Submundo Mutante""},{""texto"":""Mutante Experiente""}],""stats"":{""corpo"":12,""mente"":3,""força"":11,""destreza"":5,""inteligência"":4},""temas"":[{""nome"":""Caçador de Mutantes"",""poder"":[{""texto"":""Detector de Mutação por DNA""},{""texto"":""Foguetes de Alta Explosão""}],""fraqueza"":[]},{""nome"":""Máquina sem Piedada"",""poder"":[{""texto"":""Armadura Estrutural Reforçada""}],""fraqueza"":[{""texto"":""Limitado por Programação""}]},{""nome"":""3"",""poder"":[{""texto"":""Supressor de Poderes""},{""texto"":""Tática e Estratégia""},{""texto"":""Treinamento de Combate""}],""fraqueza"":[{""texto"":""Sem Criatividade""},{""texto"":""Robô""}]},{""nome"":""4"",""poder"":[{""texto"":""Instinto de Sobrevivência""},{""texto"":""Resiliência Física e Mental""},{""texto"":""Perícia em Campo""}],""fraqueza"":[{""texto"":""Fama que Atrapalha""},{""texto"":""Responsabilidade que Pesa""}]}],""descricao"":""STR 11 e BOD 12 colossal. VON 0, AUR 0, INF 0 — literalmente nenhuma personalidade. INT 4 e MEN 3 — processamento básico. As tags negativas (-3 e -2) são fraquezas táticas reais: combatentes experientes aprendem os padrões e os exploram. Modelos mais antigos são mais previsíveis; Mk VI+ são ameaças existenciais.\n---"",""iniciativa"":0}",true,,2026-04-09 01:20:42.164471+00,2026-07-13 16:50:57.438563+00,https://static.wikia.nocookie.net/marveldatabase/images/0/0b/X-Men_Gold_Vol_2_6_Textless.jpg/revision/latest/scale-to-width-down/600?cb=20170321173008
92cac28d-a62d-4cee-80be-f804ba58e89d,,Unus,Angelo Unuscione,irmandade,medio,"{""tags"":[{""texto"":""Campo de Força Pessoal""},{""texto"":""Campo Tem Limite de Absorção""},{""texto"":""Força Aumentada Dentro do Campo""},{""texto"":""Ex-Lutador de Circo""},{""texto"":""Determinação Inabalável""},{""texto"":""Vulnerável a Ataques de Energia Pura""},{""texto"":""Dificuldade de Confiar nos Outros""},{""texto"":""Reflexos Aguçados""},{""texto"":""Tática e Estratégia""},{""texto"":""Treinamento de Combate""},{""texto"":""Culpa e Arrependimento""},{""texto"":""Limitações Humanas""},{""texto"":""Instinto de Sobrevivência""},{""texto"":""Resiliência Física e Mental""},{""texto"":""Perícia em Campo""},{""texto"":""Fama que Atrapalha""},{""texto"":""Responsabilidade que Pesa""},{""texto"":""Membro da Irmandade de Mutantes""},{""texto"":""Mutante Experiente""}],""stats"":{""aura"":5,""corpo"":8,""mente"":4,""força"":6,""vontade"":5,""destreza"":4,""espírito"":5,""influência"":4,""inteligência"":4},""temas"":[{""nome"":""Campo de Força"",""poder"":[{""texto"":""Campo de Força Pessoal""}],""fraqueza"":[{""texto"":""Campo Tem Limite de Absorção""}]},{""nome"":""2"",""poder"":[{""texto"":""Força Aumentada Dentro do Campo""},{""texto"":""Ex-Lutador de Circo""},{""texto"":""Determinação Inabalável""}],""fraqueza"":[{""texto"":""Vulnerável a Ataques de Energia Pura""},{""texto"":""Dificuldade de Confiar nos Outros""}]},{""nome"":""3"",""poder"":[{""texto"":""Reflexos Aguçados""},{""texto"":""Tática e Estratégia""},{""texto"":""Treinamento de Combate""}],""fraqueza"":[{""texto"":""Culpa e Arrependimento""},{""texto"":""Limitações Humanas""}]},{""nome"":""4"",""poder"":[{""texto"":""Instinto de Sobrevivência""},{""texto"":""Resiliência Física e Mental""},{""texto"":""Perícia em Campo""}],""fraqueza"":[{""texto"":""Fama que Atrapalha""},{""texto"":""Responsabilidade que Pesa""}]}],""descricao"":""O campo de força grau 5 torna Unus virtualmente invulnerável a dano físico. STR 6 e BOD 8 acima do pico humano — campo e fisicalidade combinados. A vulnerabilidade a ataques de energia (-2) é o ponto cego que os X-Men aprenderam a explorar. Ex-artista de circo recrutado por Magneto.\n---"",""iniciativa"":0}",true,,2026-04-09 01:20:42.164471+00,2026-07-13 16:50:57.438563+00,https://static.wikia.nocookie.net/marveldatabase/images/f/f3/Gunther_Bain_%28Earth-295%29_from_X-Men_Alpha_Vol_1_1_001.jpg/revision/latest/scale-to-width-down/600?cb=20191221083935
935c5282-3eb6-47e0-bc87-00d6b1a21da7,,Noturno,Kurt Wagner,x-men,medio,"{""tags"":[{""texto"":""Teletransporte via Dimensão Sombria (bamf)""},{""texto"":""Agilidade Acrobática Extrema""},{""texto"":""Fama que Atrapalha""},{""texto"":""Passado que Assombra""},{""texto"":""Cauda Preênsil""},{""texto"":""Visão no Escuro""},{""texto"":""Fé Católica Profunda""},{""texto"":""Aparência Demoníaca""},{""texto"":""Humor como Defesa""},{""texto"":""Autoestima Frágil""},{""texto"":""Acrobata Consumado""},{""texto"":""Membro dos X-Men""},{""texto"":""Mutante Experiente""},{""texto"":""Treinamento de Combate""},{""texto"":""Cada Teleporte deixa rastro de enxofre""}],""stats"":{""aura"":8,""corpo"":5,""mente"":8,""força"":5,""vontade"":9,""destreza"":12,""espírito"":10,""influência"":7,""inteligência"":7},""temas"":[{""nome"":""Teletransporte Bamf"",""poder"":[{""texto"":""Teletransporte via Dimensão Sombria (bamf)""},{""texto"":""Agilidade Acrobática Extrema""}],""fraqueza"":[{""texto"":""Fama que Atrapalha""},{""texto"":""Passado que Assombra""}]},{""nome"":""Acrobata Sombrio"",""poder"":[{""texto"":""Cauda Preênsil""},{""texto"":""Visão no Escuro""}],""fraqueza"":[]},{""nome"":""Fé e Devoção"",""poder"":[{""texto"":""Fé Católica Profunda""}],""fraqueza"":[{""texto"":""Aparência Demoníaca""}]},{""nome"":""Palhaço Triste"",""poder"":[{""texto"":""Humor como Defesa""}],""fraqueza"":[{""texto"":""Autoestima Frágil""}]}],""descricao"":""DEX 12 no limite absoluto do humano. Iniciativa 11 é a mais alta dos X-Men. Teleporte grau 5 — instantâneo mas atravessa dimensão sombria. ESP 10 — paradoxo entre aparência de demônio e fé genuína. Filho biológico de Mystique, sem saber.\n---"",""iniciativa"":0}",true,,2026-04-09 01:20:42.164471+00,2026-07-13 16:50:57.438563+00,https://static.wikia.nocookie.net/marveldatabase/images/8/8c/Kurt_Wagner_%28Earth-12%29_from_Exiles_Vol_1_14_0001.jpg/revision/latest?cb=20191231020501
95b233fd-625e-4e94-b866-896012171ead,,Magneto,Erik Magnus Lehnsherr,irmandade,extremo,"{""tags"":[{""texto"":""Magnetismo Ômega""},{""texto"":""Campo de Força Magnético Pessoal""},{""texto"":""Voo por Levitação Magnética""},{""texto"":""Capacete Anti-Telepatia""},{""texto"":""Gênio Científico""},{""texto"":""Trauma do Holocausto""},{""texto"":""Sobrevivente de Auschwitz""},{""texto"":""Poderes se Apagando com a Idade""},{""texto"":""Visão de Supremacia Mutante""},{""texto"":""Carisma Revolucionário""},{""texto"":""Anti-Vilão a Anti-Herói""},{""texto"":""Extremismo Cega""},{""texto"":""Família Estilhaçada""},{""texto"":""Habilidade de Luta""},{""texto"":""Determinação Inabalável""},{""texto"":""Reflexos Aguçados""},{""texto"":""Convicção Obsessiva""},{""texto"":""Conflitos Internos""},{""texto"":""Campo de Força Magnético""},{""texto"":""Voo Magnético""},{""texto"":""Membro da Irmandade de Mutantes""},{""texto"":""Mutante de Niveau Ômega ou Equivalente""},{""texto"":""Décadas de Experiência de Combate""},{""texto"":""Mestre Tático""},{""texto"":""Vontade Indomável""},{""texto"":""Rede de Contatos e Aliados""},{""texto"":""Ameaça Nível Global""}],""stats"":{""aura"":12,""corpo"":6,""mente"":11,""força"":5,""vontade"":14,""destreza"":5,""espírito"":11,""influência"":11,""inteligência"":12},""temas"":[{""nome"":""Mestre do Magnetismo"",""poder"":[{""texto"":""Magnetismo Ômega""},{""texto"":""Campo de Força Magnético Pessoal""},{""texto"":""Voo por Levitação Magnética""}],""fraqueza"":[]},{""nome"":""Nunca Mais"",""poder"":[{""texto"":""Capacete Anti-Telepatia""},{""texto"":""Gênio Científico""}],""fraqueza"":[{""texto"":""Trauma do Holocausto""}]},{""nome"":""Poderes em Declínio"",""poder"":[{""texto"":""Sobrevivente de Auschwitz""}],""fraqueza"":[{""texto"":""Poderes se Apagando com a Idade""}]},{""nome"":""Causa Mutante"",""poder"":[{""texto"":""Visão de Supremacia Mutante""},{""texto"":""Carisma Revolucionário""},{""texto"":""Anti-Vilão a Anti-Herói""}],""fraqueza"":[{""texto"":""Extremismo Cega""},{""texto"":""Família Estilhaçada""}]},{""nome"":""5"",""poder"":[{""texto"":""Habilidade de Luta""},{""texto"":""Determinação Inabalável""},{""texto"":""Reflexos Aguçados""}],""fraqueza"":[{""texto"":""Convicção Obsessiva""},{""texto"":""Conflitos Internos""}]}],""descricao"":""VON 14 e AUR 12 acima ou no teto humano — forjados no holocausto e em décadas de liderança. INT 12 no pico absoluto. O magnetismo grau 6 opera em escala planetária — pode controlar o campo eletromagnético da Terra. A convicção (-2) é o ponto cego: a ideologia pode nublar o julgamento em momentos críticos.\n---"",""iniciativa"":0}",true,,2026-04-09 01:20:42.164471+00,2026-07-13 16:50:57.438563+00,https://static.wikia.nocookie.net/marveldatabase/images/4/43/Earth-27_from_Exiles_Vol_1_83_0001.jpg/revision/latest/scale-to-width-down/600?cb=20191209061256
96a1226b-1b1e-4b9c-88dd-d3c4ac88a753,,Lifeguard,Heather Cameron,x-men,medio,"{""tags"":[{""texto"":""Adaptação Reativa a Ameaças""},{""texto"":""Poderes Mudam Conforme o Perigo""},{""texto"":""Irmã de Slipstream""},{""texto"":""Tática e Estratégia""},{""texto"":""Treinamento de Combate""},{""texto"":""Culpa e Arrependimento""},{""texto"":""Limitações Humanas""},{""texto"":""Instinto de Sobrevivência""},{""texto"":""Resiliência Física e Mental""},{""texto"":""Perícia em Campo""},{""texto"":""Fama que Atrapalha""},{""texto"":""Responsabilidade que Pesa""},{""texto"":""Membro dos X-Men""},{""texto"":""Mutante Experiente""},{""texto"":""Habilidade de Luta""}],""stats"":{""aura"":7,""corpo"":6,""mente"":7,""força"":5,""vontade"":7,""destreza"":8,""espírito"":7,""influência"":6,""inteligência"":6},""temas"":[{""nome"":""Adaptação Reativa"",""poder"":[{""texto"":""Adaptação Reativa a Ameaças""}],""fraqueza"":[]},{""nome"":""Protetora Instintiva"",""poder"":[{""texto"":""Poderes Mudam Conforme o Perigo""}],""fraqueza"":[]},{""nome"":""3"",""poder"":[{""texto"":""Irmã de Slipstream""},{""texto"":""Tática e Estratégia""},{""texto"":""Treinamento de Combate""}],""fraqueza"":[{""texto"":""Culpa e Arrependimento""},{""texto"":""Limitações Humanas""}]},{""nome"":""4"",""poder"":[{""texto"":""Instinto de Sobrevivência""},{""texto"":""Resiliência Física e Mental""},{""texto"":""Perícia em Campo""}],""fraqueza"":[{""texto"":""Fama que Atrapalha""},{""texto"":""Responsabilidade que Pesa""}]}],""descricao"":""DEX 8 e STR/BOD no pico humano. A adaptação reativa grau 5 é poder único — seu corpo desenvolve automaticamente o poder necessário para a ameaça presente. Asas para voar, escamas para resistir, força para levantar. O aspecto \""sempre o certo\"" (grau 4) torna-a difícil de surpreender taticamente. Ex-membro dos X-Treme X-Men.\n---"",""iniciativa"":0}",true,,2026-04-09 01:20:42.164471+00,2026-07-13 16:50:57.438563+00,https://static.wikia.nocookie.net/marveldatabase/images/c/c4/Heather_Cameron_%28Earth-41001%29_from_X-Men_The_End_Vol_2_3_0001.jpg/revision/latest/scale-to-width-down/600?cb=20110619150020
983ad643-8e5a-49dd-9274-f1b95add09f4,,Magma (Alliance of Evil),Magma (Aliança),vilao,medio,"{""tags"":[{""texto"":""Corpo de Magma Fundido""},{""texto"":""Controle de Lava""},{""texto"":""Morto por Apocalipse""},{""texto"":""Tática e Estratégia""},{""texto"":""Treinamento de Combate""},{""texto"":""Culpa e Arrependimento""},{""texto"":""Limitações Humanas""},{""texto"":""Instinto de Sobrevivência""},{""texto"":""Resiliência Física e Mental""},{""texto"":""Perícia em Campo""},{""texto"":""Fama que Atrapalha""},{""texto"":""Responsabilidade que Pesa""},{""texto"":""Conhecido no Submundo Mutante""},{""texto"":""Mutante Experiente""},{""texto"":""Habilidade de Luta""}],""stats"":{""aura"":6,""corpo"":7,""mente"":4,""força"":7,""vontade"":5,""destreza"":5,""espírito"":5,""influência"":4,""inteligência"":4},""temas"":[{""nome"":""Lava"",""poder"":[{""texto"":""Corpo de Magma Fundido""}],""fraqueza"":[]},{""nome"":""Alliance of Evil"",""poder"":[{""texto"":""Controle de Lava""}],""fraqueza"":[]},{""nome"":""3"",""poder"":[{""texto"":""Morto por Apocalipse""},{""texto"":""Tática e Estratégia""},{""texto"":""Treinamento de Combate""}],""fraqueza"":[{""texto"":""Culpa e Arrependimento""},{""texto"":""Limitações Humanas""}]},{""nome"":""4"",""poder"":[{""texto"":""Instinto de Sobrevivência""},{""texto"":""Resiliência Física e Mental""},{""texto"":""Perícia em Campo""}],""fraqueza"":[{""texto"":""Fama que Atrapalha""},{""texto"":""Responsabilidade que Pesa""}]}],""descricao"":""STR 7 e BOD 7 ligeiramente acima do pico — corpo de magma dá resistência e força extras. O corpo de magma grau 4 é defesa e ataque simultaneamente. Vilão de segunda linha, membro da Aliança do Mal. Morreu quando Apocalipse eliminou a equipe.\n---"",""iniciativa"":0}",true,,2026-04-09 01:20:42.164471+00,2026-07-13 16:50:57.438563+00,https://static.wikia.nocookie.net/marveldatabase/images/2/2a/Amara_Aquilla_%28Earth-295%29_from_Weapon_X_Vol_1_1_0001.jpg/revision/latest/scale-to-width-down/600?cb=20191221090402
9ce8fa0d-0e87-4a6f-921b-6e959384ecab,,Husk,Paige Guthrie,novatos,medio,"{""tags"":[{""texto"":""Esfoliação em Qualquer Material""},{""texto"":""Cada Forma tem Propriedades Específicas""},{""texto"":""Sombra dos Irmãos Mais Famosos""},{""texto"":""Ambição Excepcional""},{""texto"":""Tática e Estratégia""},{""texto"":""Treinamento de Combate""},{""texto"":""Cada Forma tem Duração Limitada""},{""texto"":""Limitações Humanas""},{""texto"":""Instinto de Sobrevivência""},{""texto"":""Resiliência Física e Mental""},{""texto"":""Perícia em Campo""},{""texto"":""Fama que Atrapalha""},{""texto"":""Responsabilidade que Pesa""},{""texto"":""Descamação""},{""texto"":""Família Guthrie""},{""texto"":""Membro dos Novos Mutantes""},{""texto"":""Mutante Experiente""}],""stats"":{""aura"":7,""corpo"":7,""mente"":8,""força"":6,""vontade"":8,""destreza"":7,""espírito"":8,""influência"":7,""inteligência"":9},""temas"":[{""nome"":""Descamação"",""poder"":[{""texto"":""Esfoliação em Qualquer Material""}],""fraqueza"":[]},{""nome"":""Guthrie Determinada"",""poder"":[{""texto"":""Cada Forma tem Propriedades Específicas""}],""fraqueza"":[{""texto"":""Sombra dos Irmãos Mais Famosos""}]},{""nome"":""3"",""poder"":[{""texto"":""Ambição Excepcional""},{""texto"":""Tática e Estratégia""},{""texto"":""Treinamento de Combate""}],""fraqueza"":[{""texto"":""Cada Forma tem Duração Limitada""},{""texto"":""Limitações Humanas""}]},{""nome"":""4"",""poder"":[{""texto"":""Instinto de Sobrevivência""},{""texto"":""Resiliência Física e Mental""},{""texto"":""Perícia em Campo""}],""fraqueza"":[{""texto"":""Fama que Atrapalha""},{""texto"":""Responsabilidade que Pesa""}]}],""descricao"":""A esfoliação grau 4 cobre uma gama enorme: metal (STR aumentada), gelo (resistência ao calor), gás (intangível). Cada forma tem propriedades específicas (grau 4). A duração limitada (-2) é a restrição central — ela precisa trocar de forma periodicamente. Irmã mais nova de Sam (Cannonball), igualmente determinada. Kentucky farm girl.\n---"",""iniciativa"":0}",true,,2026-04-09 01:20:42.164471+00,2026-07-13 16:50:57.438563+00,https://static.wikia.nocookie.net/marveldatabase/images/c/ce/Paige_Guthrie_%28Earth-295%29_from_X-Men_Age_of_Apocalypse_Vol_1_4_0001.png/revision/latest/scale-to-width-down/600?cb=20120407193630
a01ec278-42b9-45e8-85bc-7312cf92af1d,,Mercenário Weapon X,Operativo do Programa,vilao,medio,"{""tags"":[{""texto"":""Armamento Anti-Mutante Especializado""},{""texto"":""Lavagem Cerebral""},{""texto"":""Treinamento de Combate de Elite""},{""texto"":""Inibidores de Telepatia Portáteis""},{""texto"":""Modificações Cibernéticas Menores""},{""texto"":""Treinamento de Combate""},{""texto"":""Motivado por Pagamento""},{""texto"":""Limitações Humanas""},{""texto"":""Instinto de Sobrevivência""},{""texto"":""Resiliência Física e Mental""},{""texto"":""Perícia em Campo""},{""texto"":""Fama que Atrapalha""},{""texto"":""Responsabilidade que Pesa""},{""texto"":""Conhecido no Submundo Mutante""},{""texto"":""Mutante Experiente""}],""stats"":{""aura"":4,""corpo"":7,""mente"":5,""força"":6,""vontade"":7,""destreza"":7,""espírito"":5,""influência"":4,""inteligência"":6},""temas"":[{""nome"":""Arma Humana"",""poder"":[{""texto"":""Armamento Anti-Mutante Especializado""}],""fraqueza"":[{""texto"":""Lavagem Cerebral""}]},{""nome"":""Mercenário"",""poder"":[{""texto"":""Treinamento de Combate de Elite""}],""fraqueza"":[]},{""nome"":""3"",""poder"":[{""texto"":""Inibidores de Telepatia Portáteis""},{""texto"":""Modificações Cibernéticas Menores""},{""texto"":""Treinamento de Combate""}],""fraqueza"":[{""texto"":""Motivado por Pagamento""},{""texto"":""Limitações Humanas""}]},{""nome"":""4"",""poder"":[{""texto"":""Instinto de Sobrevivência""},{""texto"":""Resiliência Física e Mental""},{""texto"":""Perícia em Campo""}],""fraqueza"":[{""texto"":""Fama que Atrapalha""},{""texto"":""Responsabilidade que Pesa""}]}],""descricao"":""Atributos físicos acima do pico humano — modificações do programa. Os supressores de fator de cura (grau 4) são particularmente perigosos contra Wolverine e X-23. A falta de lealdade (-2) representa risco: pode ser comprado ou intimidado. Mercenários profissionais, não fanáticos.\n---"",""iniciativa"":0}",true,,2026-04-09 01:20:42.164471+00,2026-07-13 16:50:57.438563+00,https://static.wikia.nocookie.net/marveldatabase/images/4/43/Weapon_X_%28Earth-65%29_from_Spider-Gwen_Vol_2_20.jpg/revision/latest/scale-to-width-down/600?cb=20181230160128
a03466c5-204a-477d-8947-ce3b1d1edbee,,Val Cooper,Valentine Cooper,humano,baixo,"{""tags"":[{""texto"":""Especialista em Relações com Mutantes""},{""texto"":""Sem Poderes""},{""texto"":""Conflitos Internos""},{""texto"":""Inteligência Política Excepcional""},{""texto"":""Burocracia""},{""texto"":""Humano com Acesso a Alto Escalão""},{""texto"":""Mutante de Nível Baixo""},{""texto"":""Força de Vontade Acima da Média""}],""stats"":{""aura"":7,""corpo"":4,""mente"":8,""força"":3,""vontade"":9,""destreza"":5,""espírito"":8,""influência"":8,""inteligência"":8},""temas"":[{""nome"":""Ligação Governamental"",""poder"":[{""texto"":""Especialista em Relações com Mutantes""}],""fraqueza"":[{""texto"":""Sem Poderes""},{""texto"":""Conflitos Internos""}]},{""nome"":""Aliada Relutante"",""poder"":[{""texto"":""Inteligência Política Excepcional""}],""fraqueza"":[{""texto"":""Burocracia""}]}],""descricao"":""INT 8, VON 9, MEN 8, INF 8 — todos acima do humano médio, refletindo talento político real. A especialização em mutantes (grau 4) e a inteligência política (grau 4) fazem dela aliada ou inimiga influente sem poderes físicos. A dependência de posição política (-1) significa que sem o cargo ela perde muito leverage.\n---"",""iniciativa"":0}",true,,2026-04-09 01:20:42.164471+00,2026-07-13 16:50:57.438563+00,https://static.wikia.nocookie.net/marveldatabase/images/8/8c/Valerie_Cooper_%28Earth-295%29_from_Factor-X_Vol_1_2_0001.jpg/revision/latest?cb=20191231223157
a5171a21-d8c9-41af-b2f1-4a967ed11e1c,,Graydon Creed (FOH),Soldado da FOH,vilao,baixo,"{""tags"":[{""texto"":""Humano Sem Poderes""},{""texto"":""Ódio a Mutantes""},{""texto"":""Armamento Leve""},{""texto"":""Fanatismo Anti-Mutante""},{""texto"":""Determinação Inabalável""},{""texto"":""Sem Treinamento Formal Contra Mutantes""},{""texto"":""Dificuldade de Confiar nos Outros""},{""texto"":""Conhecido no Submundo Mutante""},{""texto"":""Mutante de Nível Baixo""}],""stats"":{""aura"":3,""corpo"":4,""mente"":3,""força"":3,""vontade"":5,""destreza"":4,""espírito"":3,""influência"":3,""inteligência"":3},""temas"":[{""nome"":""Amigos da Humanidade"",""poder"":[{""texto"":""Humano Sem Poderes""}],""fraqueza"":[{""texto"":""Ódio a Mutantes""}]},{""nome"":""2"",""poder"":[{""texto"":""Armamento Leve""},{""texto"":""Fanatismo Anti-Mutante""},{""texto"":""Determinação Inabalável""}],""fraqueza"":[{""texto"":""Sem Treinamento Formal Contra Mutantes""},{""texto"":""Dificuldade de Confiar nos Outros""}]}],""descricao"":""Humano típico próximo ao baseline. Soldado da FOH (Friends of Humanity) — fanático sem poderes. O fanatismo grau 3 representa coragem irracional e disposição para morrer. A falta de treinamento específico (-2) é vulnerabilidade fatal contra qualquer mutante de combate.\n---"",""iniciativa"":0}",true,,2026-04-09 01:20:42.164471+00,2026-07-13 16:50:57.438563+00,https://static.wikia.nocookie.net/marveldatabase/images/4/4a/Graydon_Creed_%28Earth-295%29_from_Point_One_Vol_1_1_001.jpg/revision/latest/scale-to-width-down/600?cb=20111109213612
a932d122-652d-4c41-b055-f2abc334276a,,Psylocke,Betsy Braddock,x-men,alto,"{""tags"":[{""texto"":""Espada Psiônica""},{""texto"":""Telepatia de Combate""},{""texto"":""Ninjitsu e Artes Marciais de Elite""},{""texto"":""Telecinesia Precisa""},{""texto"":""Corpo Trocado com Kwannon""},{""texto"":""Determinação Fria""},{""texto"":""Passado na Mão""},{""texto"":""Instinto de Sobrevivência""},{""texto"":""Resiliência Física e Mental""},{""texto"":""Perícia em Campo""},{""texto"":""Ex-Ninja da Mão""},{""texto"":""Responsabilidade que Pesa""},{""texto"":""Ninjitsu e Artes Marciais""},{""texto"":""Membro dos X-Men""},{""texto"":""Mutante de Elite""},{""texto"":""Veterano de Combate""},{""texto"":""Reflexos Aguçados""},{""texto"":""Resistência Mental Treinada""},{""texto"":""Treinamento de Combate""},{""texto"":""Habilidade de Luta""}],""stats"":{""aura"":9,""corpo"":6,""mente"":11,""força"":6,""vontade"":9,""destreza"":10,""espírito"":9,""influência"":8,""inteligência"":8},""temas"":[{""nome"":""Espada Psiônica"",""poder"":[{""texto"":""Espada Psiônica""},{""texto"":""Telepatia de Combate""}],""fraqueza"":[]},{""nome"":""Ninja Psi"",""poder"":[{""texto"":""Ninjitsu e Artes Marciais de Elite""},{""texto"":""Telecinesia Precisa""}],""fraqueza"":[{""texto"":""Corpo Trocado com Kwannon""}]},{""nome"":""Guerreira Silenciosa"",""poder"":[{""texto"":""Determinação Fria""}],""fraqueza"":[{""texto"":""Passado na Mão""}]},{""nome"":""4"",""poder"":[{""texto"":""Instinto de Sobrevivência""},{""texto"":""Resiliência Física e Mental""},{""texto"":""Perícia em Campo""}],""fraqueza"":[{""texto"":""Ex-Ninja da Mão""},{""texto"":""Responsabilidade que Pesa""}]}],""descricao"":""DEX 10 no pico humano absoluto — ninja de elite. MEN 11 próxima ao teto. A Espada Psiônica grau 5 age diretamente na mente, ignorando armaduras físicas. A tag de identidade fragmentada (-2) reflete décadas de trauma pela troca de corpo. Irmã de Brian Braddock (Captain Britain).\n---"",""iniciativa"":0}",true,,2026-04-09 01:20:42.164471+00,2026-07-13 16:50:57.438563+00,https://static.wikia.nocookie.net/marveldatabase/images/0/08/Elizabeth_Braddock_%28Earth-616%29_from_Hunt_for_Wolverine_Mystery_in_Madripoor_Vol_1_4_Spoiler_Variant_cover_001.jpg/revision/latest/scale-to-width-down/600?cb=20180823221219
aa257936-3a65-4c3a-85ec-8a7494d9110b,,Bolivar Trask,Bolivar Trask,humano,baixo,"{""tags"":[{""texto"":""Gênio em Robótica e Bioengenharia""},{""texto"":""Pesadelo Realizado""},{""texto"":""Arrependido no Final da Vida""},{""texto"":""Habilidade de Luta""},{""texto"":""Determinação Inabalável""},{""texto"":""Criador das Sentinelas""},{""texto"":""Filho Mutante""},{""texto"":""Humano com Acesso a Alto Escalão""},{""texto"":""Mutante de Nível Baixo""}],""stats"":{""aura"":5,""corpo"":4,""mente"":8,""força"":3,""vontade"":7,""destreza"":3,""espírito"":5,""influência"":6,""inteligência"":9},""temas"":[{""nome"":""Criador das Sentinelas"",""poder"":[{""texto"":""Gênio em Robótica e Bioengenharia""}],""fraqueza"":[{""texto"":""Pesadelo Realizado""}]},{""nome"":""2"",""poder"":[{""texto"":""Arrependido no Final da Vida""},{""texto"":""Habilidade de Luta""},{""texto"":""Determinação Inabalável""}],""fraqueza"":[{""texto"":""Criador das Sentinelas""},{""texto"":""Filho Mutante""}]}],""descricao"":""INT 9 próxima ao pico humano — gênio real em robótica. A criação das Sentinelas (grau -4) é o maior fardo: criou algo que saiu do controle e continua causando dano. O arrependimento (grau 3) é genuíno — morreu tentando parar suas próprias criações. A culpa do filho mutante (-2) alimentou décadas de trabalho anti-mutante.\n---"",""iniciativa"":0}",true,,2026-04-09 01:20:42.164471+00,2026-07-13 16:50:57.438563+00,https://static.wikia.nocookie.net/marveldatabase/images/0/09/Bolivar_Trask_%28Earth-161%29_from_X-Men_Forever_Vol_2_9_001.jpg/revision/latest/scale-to-width-down/600?cb=20091016020444
aa2836d9-0607-43d2-95cf-b79dbaf022b3,,Catseye,Sharon Smith,clube-do-inferno,baixo,"{""tags"":[{""texto"":""Transformação em Felina Humanóide""},{""texto"":""Ingênua e Carente""},{""texto"":""Passado que Assombra""},{""texto"":""Garras, Agilidade e Visão Noturna""},{""texto"":""Mentalidade de Gato""},{""texto"":""Membro do Clube do Inferno""},{""texto"":""Mutante de Nível Baixo""},{""texto"":""Pouca Experiência em Combate""}],""stats"":{""aura"":6,""corpo"":5,""mente"":5,""força"":4,""vontade"":5,""destreza"":8,""espírito"":6,""influência"":5,""inteligência"":5},""temas"":[{""nome"":""Gato"",""poder"":[{""texto"":""Transformação em Felina Humanóide""}],""fraqueza"":[{""texto"":""Ingênua e Carente""},{""texto"":""Passado que Assombra""}]},{""nome"":""Hellion Leal"",""poder"":[{""texto"":""Garras, Agilidade e Visão Noturna""}],""fraqueza"":[{""texto"":""Mentalidade de Gato""}]}],""descricao"":""DEX 8 no teto humano — reflexos felinos. A transformação grau 3 dá garras e agilidade, não força sobrehumana. A ingenuidade (-2) é a maior vulnerabilidade — Emma Frost a recrutou exatamente porque é facilmente influenciável. Busca aceitação acima de tudo.\n---"",""iniciativa"":0}",true,,2026-04-09 01:20:42.164471+00,2026-07-13 16:50:57.438563+00,https://static.wikia.nocookie.net/marveldatabase/images/b/bf/Sharon_Smith_%28Earth-295%29_from_X-Men_Age_of_Apocalypse_Vol_1_1_0001.jpg/revision/latest?cb=20110823081058
aa99d0ae-5c26-4543-99c1-99d890db7063,,Bling!,Bling!,x-men,medio,"{""tags"":[{""grau"":5,""texto"":""Esqueleto de Diamante Semi-Orgânico""},{""grau"":4,""texto"":""Arremessa Projéteis de Diamante""},{""grau"":4,""texto"":""Resistência Excepcional a Dano""},{""grau"":3,""texto"":""Corte Afiado no Combate""},{""grau"":4,""texto"":""Autoconfiança Deslumbrante""},{""grau"":3,""texto"":""Assumidamente Lésbica e Estilosa""},{""grau"":2,""texto"":""Presença de Estrela""},{""grau"":2,""texto"":""Herança de Família Musical""},{""grau"":2,""texto"":""Aluna do Instituto Xavier""},{""grau"":3,""texto"":""Vaidade Exagerada""},{""grau"":2,""texto"":""Esconde Medos sob o Estilo""},{""grau"":2,""texto"":""Provoca Rivalidades""},{""grau"":2,""texto"":""Novata em Missões Reais""}],""stats"":{""aura"":9,""corpo"":8,""mente"":6,""força"":6,""vontade"":8,""destreza"":7,""espírito"":8,""influência"":8,""inteligência"":6},""temas"":[{""nome"":""Pele de Diamante"",""poder"":[{""grau"":5,""texto"":""Esqueleto de Diamante Semi-Orgânico""},{""grau"":4,""texto"":""Arremessa Projéteis de Diamante""},{""grau"":4,""texto"":""Resistência Excepcional a Dano""},{""grau"":3,""texto"":""Corte Afiado no Combate""}],""fraqueza"":[]},{""nome"":""Brilho Próprio"",""poder"":[{""grau"":4,""texto"":""Autoconfiança Deslumbrante""},{""grau"":3,""texto"":""Assumidamente Lésbica e Estilosa""},{""grau"":2,""texto"":""Presença de Estrela""}],""fraqueza"":[]},{""nome"":""Filha de Astros"",""poder"":[{""grau"":2,""texto"":""Herança de Família Musical""},{""grau"":2,""texto"":""Aluna do Instituto Xavier""}],""fraqueza"":[]},{""nome"":""Fachada Reluzente"",""poder"":[],""fraqueza"":[{""grau"":3,""texto"":""Vaidade Exagerada""},{""grau"":2,""texto"":""Esconde Medos sob o Estilo""},{""grau"":2,""texto"":""Provoca Rivalidades""},{""grau"":2,""texto"":""Novata em Missões Reais""}]}],""descricao"":""Bling! possui um esqueleto de diamante que lhe confere uma resistência excepcional e a capacidade de arremessar fragmentos cortantes. Afro‑americana, lésbica assumida, a sua autoconfiança é tão deslumbrante como os seus projécteis. É directa, estilosa e não pede desculpas por ser quem é – uma presença que brilha por si só."",""iniciativa"":21}",true,,2026-07-12 18:05:40.319941+00,2026-07-12 19:52:11.358358+00,
ad536fd4-884d-46a3-8a6a-69d636af9fc7,,Frenzy,Joanna Cargill,vilao,alto,"{""tags"":[{""texto"":""Força Sobrehumana e Pele Super-densa""},{""texto"":""Resistência Extrema ao Dano""},{""texto"":""Raiva Incontrolável""},{""texto"":""Ex-Acólita de Magneto""},{""texto"":""Eventual Aliada dos X-Men""},{""texto"":""Treinamento de Combate""},{""texto"":""Culpa e Arrependimento""},{""texto"":""Limitações Humanas""},{""texto"":""Instinto de Sobrevivência""},{""texto"":""Resiliência Física e Mental""},{""texto"":""Perícia em Campo""},{""texto"":""Fama que Atrapalha""},{""texto"":""Responsabilidade que Pesa""},{""texto"":""Força""},{""texto"":""Pele Indestrutível""},{""texto"":""Raiva""},{""texto"":""Conhecido no Submundo Mutante""},{""texto"":""Mutante de Elite""},{""texto"":""Veterano de Combate""},{""texto"":""Reflexos Aguçados""},{""texto"":""Resistência Mental Treinada""}],""stats"":{""aura"":7,""corpo"":11,""mente"":6,""força"":11,""vontade"":8,""destreza"":6,""espírito"":7,""influência"":6,""inteligência"":5},""temas"":[{""nome"":""Força Sobre-humana"",""poder"":[{""texto"":""Força Sobrehumana e Pele Super-densa""}],""fraqueza"":[]},{""nome"":""Pele Indestrutível"",""poder"":[{""texto"":""Resistência Extrema ao Dano""}],""fraqueza"":[{""texto"":""Raiva Incontrolável""}]},{""nome"":""3"",""poder"":[{""texto"":""Ex-Acólita de Magneto""},{""texto"":""Eventual Aliada dos X-Men""},{""texto"":""Treinamento de Combate""}],""fraqueza"":[{""texto"":""Culpa e Arrependimento""},{""texto"":""Limitações Humanas""}]},{""nome"":""4"",""poder"":[{""texto"":""Instinto de Sobrevivência""},{""texto"":""Resiliência Física e Mental""},{""texto"":""Perícia em Campo""}],""fraqueza"":[{""texto"":""Fama que Atrapalha""},{""texto"":""Responsabilidade que Pesa""}]}],""descricao"":""STR 11 e BOD 11 — força colossal e pele super-densa grau 5. VON 8 — determinação real. Serviu como acólita de Magneto e depois como membro da Aliança do Mal. A lealdade mutável (grau 2) representa o arco de Frenzy: eventualmente aliou-se aos X-Men. Uma das mais poderosas fisicamente da categoria.\n---"",""iniciativa"":0}",true,,2026-04-09 01:20:42.164471+00,2026-07-13 16:50:57.438563+00,https://static.wikia.nocookie.net/marveldatabase/images/2/2e/Joanna_Cargill_%28Earth-2149%29_from_Marvel_Zombies_Vol_1_3_0001.jpg/revision/latest/scale-to-width-down/600?cb=20200527205632
ad8fe322-afc3-4416-895e-b0a9dcc2ca7e,,Masque,Masque,morlock,medio,"{""tags"":[{""texto"":""Reshaping Biológico ao Toque""},{""texto"":""Obsessão com Beleza Distorcida""},{""texto"":""Crueldade Sádica""},{""texto"":""Líder Ocasional dos Morlocks""},{""texto"":""Tática e Estratégia""},{""texto"":""Treinamento de Combate""},{""texto"":""Físicamente Fraco""},{""texto"":""Limitações Humanas""},{""texto"":""Instinto de Sobrevivência""},{""texto"":""Resiliência Física e Mental""},{""texto"":""Perícia em Campo""},{""texto"":""Fama que Atrapalha""},{""texto"":""Responsabilidade que Pesa""},{""texto"":""Membro dos Morlocks""},{""texto"":""Mutante Experiente""}],""stats"":{""aura"":7,""corpo"":4,""mente"":7,""força"":3,""vontade"":8,""destreza"":5,""espírito"":6,""influência"":6,""inteligência"":7},""temas"":[{""nome"":""Moldar Carne"",""poder"":[{""texto"":""Reshaping Biológico ao Toque""}],""fraqueza"":[{""texto"":""Obsessão com Beleza Distorcida""}]},{""nome"":""Artista Macabro"",""poder"":[{""texto"":""Crueldade Sádica""}],""fraqueza"":[]},{""nome"":""3"",""poder"":[{""texto"":""Líder Ocasional dos Morlocks""},{""texto"":""Tática e Estratégia""},{""texto"":""Treinamento de Combate""}],""fraqueza"":[{""texto"":""Físicamente Fraco""},{""texto"":""Limitações Humanas""}]},{""nome"":""4"",""poder"":[{""texto"":""Instinto de Sobrevivência""},{""texto"":""Resiliência Física e Mental""},{""texto"":""Perícia em Campo""}],""fraqueza"":[{""texto"":""Fama que Atrapalha""},{""texto"":""Responsabilidade que Pesa""}]}],""descricao"":""O reshaping grau 5 é poder assustador: pode reformar rostos e corpos de qualquer pessoa ao toque. Usa isso com sadismo para desfigurar inimigos e manter Morlocks \""adequados\"". STR 3 e BOD 4 — Masque é fisicamente fraco, depende de proteção do grupo. Moralmente um dos Morlocks mais desprezíveis.\n---"",""iniciativa"":0}",true,,2026-04-09 01:20:42.164471+00,2026-07-13 16:50:57.438563+00,https://static.wikia.nocookie.net/marveldatabase/images/d/d2/Morlocks_%28Earth-161%29_from_X-Men_Forever_2_Vol_1_4_001.jpg/revision/latest/scale-to-width-down/600?cb=20100822025148
ade9eb83-c41c-4b80-a59a-256b282e6a2e,,Purificador,Soldado da Ordem dos Purificadores,vilao,baixo,"{""tags"":[{""texto"":""Fanatismo Religioso""},{""texto"":""Ódio Cego a Mutantes""},{""texto"":""Arma de Fogo e Faca""},{""texto"":""Treinamento Paramilitar Básico""},{""texto"":""Determinação Inabalável""},{""texto"":""Coragem Irracional por Fé""},{""texto"":""Sem Treinamento Contra Poderes Mutantes""},{""texto"":""Conhecido no Submundo Mutante""},{""texto"":""Mutante de Nível Baixo""}],""stats"":{""aura"":2,""corpo"":4,""mente"":3,""força"":3,""vontade"":6,""destreza"":4,""espírito"":5,""influência"":2,""inteligência"":3},""temas"":[{""nome"":""Humano Fanático"",""poder"":[{""texto"":""Fanatismo Religioso""}],""fraqueza"":[{""texto"":""Ódio Cego a Mutantes""}]},{""nome"":""2"",""poder"":[{""texto"":""Arma de Fogo e Faca""},{""texto"":""Treinamento Paramilitar Básico""},{""texto"":""Determinação Inabalável""}],""fraqueza"":[{""texto"":""Coragem Irracional por Fé""},{""texto"":""Sem Treinamento Contra Poderes Mutantes""}]}],""descricao"":""Humano típico com DEX 4, STR 3, BOD 4 próximos da linha de base. VON 6 acima da média — o fanatismo compensa. ESP 5 levemente acima pelo fervor. Tags de baixo grau (2-3). A tag -2 de despreparo contra mutantes é a fraqueza fatal em qualquer confronto real.\n---"",""iniciativa"":0}",true,,2026-04-09 01:20:42.164471+00,2026-07-13 16:50:57.438563+00,https://static.wikia.nocookie.net/marveldatabase/images/4/43/Purifiers_%28Earth-1610%29_from_Ultimate_X-Men_Vol_1_98_001.jpg/revision/latest/scale-to-width-down/600?cb=20180219161601
aea32d40-d95a-4128-ae67-2d76fc2ab422,,Sabretooth,Victor Creed,vilao,alto,"{""tags"":[{""texto"":""Fator de Cura Acelerado""},{""texto"":""Garras e Presas""},{""texto"":""Sentidos Aguçados""},{""texto"":""Instinto de Matar Sem Inibições""},{""texto"":""Obsessão por Wolverine""},{""texto"":""Instinto Assassino""},{""texto"":""Prazer em Tortura Psicológica""},{""texto"":""Rival de Logan""},{""texto"":""Tática e Estratégia""},{""texto"":""Treinamento de Combate""},{""texto"":""Sem Código Moral""},{""texto"":""Limitações Humanas""},{""texto"":""Instinto de Sobrevivência""},{""texto"":""Resiliência Física e Mental""},{""texto"":""Perícia em Campo""},{""texto"":""Fama que Atrapalha""},{""texto"":""Responsabilidade que Pesa""},{""texto"":""Caçador Sádico""},{""texto"":""Rivalidade com Wolverine""},{""texto"":""Conhecido no Submundo Mutante""},{""texto"":""Mutante de Elite""},{""texto"":""Veterano de Combate""},{""texto"":""Reflexos Aguçados""},{""texto"":""Resistência Mental Treinada""}],""stats"":{""aura"":8,""corpo"":10,""mente"":5,""força"":9,""vontade"":9,""destreza"":9,""espírito"":7,""influência"":5,""inteligência"":6},""temas"":[{""nome"":""Fera Selvagem"",""poder"":[{""texto"":""Fator de Cura Acelerado""},{""texto"":""Garras e Presas""},{""texto"":""Sentidos Aguçados""}],""fraqueza"":[]},{""nome"":""Espelho Sombrio"",""poder"":[{""texto"":""Instinto de Matar Sem Inibições""}],""fraqueza"":[{""texto"":""Obsessão por Wolverine""},{""texto"":""Instinto Assassino""},{""texto"":""Prazer em Tortura Psicológica""}]},{""nome"":""3"",""poder"":[{""texto"":""Rival de Logan""},{""texto"":""Tática e Estratégia""},{""texto"":""Treinamento de Combate""}],""fraqueza"":[{""texto"":""Sem Código Moral""},{""texto"":""Limitações Humanas""}]},{""nome"":""4"",""poder"":[{""texto"":""Instinto de Sobrevivência""},{""texto"":""Resiliência Física e Mental""},{""texto"":""Perícia em Campo""}],""fraqueza"":[{""texto"":""Fama que Atrapalha""},{""texto"":""Responsabilidade que Pesa""}]}],""descricao"":""STR 9 e BOD 10 sobrehumanos — mesmo conjunto de Logan mas sem adamantium. O fator de cura grau 5 cura ferimentos graves em minutos. AUR 8 reflete presença de predador puro. Usado como mercenário pela CIA, HYDRA e qualquer um que pague. A ausência de código moral (-1) é característica, não fraqueza.\n---"",""iniciativa"":0}",true,,2026-04-09 01:20:42.164471+00,2026-07-13 16:50:57.438563+00,https://static.wikia.nocookie.net/marveldatabase/images/c/ce/Victor_Creed_%28Earth-12%29_from_Sabretooth_%26_the_Exiles_Vol_1_5_002.jpg/revision/latest/scale-to-width-down/600?cb=20230329194323
af197a6c-946c-47fe-9bde-6b4101cf53af,,Rogue,Anna Marie,x-men,alto,"{""tags"":[{""texto"":""Absorção de Poderes e Memórias ao Toque""},{""texto"":""Voo e Força Sobrehumana (Ms. Marvel permanente)""},{""texto"":""Invulnerabilidade Parcial (Ms. Marvel permanente)""},{""texto"":""Absorve Poderes, Memórias e Personalidade""},{""texto"":""Não Pode Tocar Ninguém sem Absorver""},{""texto"":""Isolamento Emocional Permanente""},{""texto"":""Múltiplas Personalidades Absorvidas""},{""texto"":""Força e Voo (Miss Marvel)""},{""texto"":""Liderança de Equipe""},{""texto"":""Força de Vontade Inabalável""},{""texto"":""Passado na Irmandade Assombra""},{""texto"":""Casada com Gambit""},{""texto"":""Mystique a Manipulou por Anos""},{""texto"":""Força de Voo (Miss Marvel)""},{""texto"":""Força de Vontade""},{""texto"":""Membro dos X-Men""},{""texto"":""Mutante de Elite""},{""texto"":""Veterano de Combate""},{""texto"":""Reflexos Aguçados""},{""texto"":""Resistência Mental Treinada""}],""stats"":{""aura"":10,""corpo"":9,""mente"":7,""força"":9,""vontade"":9,""destreza"":8,""espírito"":8,""influência"":8,""inteligência"":6},""temas"":[{""nome"":""Absorção de Poderes"",""poder"":[{""texto"":""Absorção de Poderes e Memórias ao Toque""},{""texto"":""Voo e Força Sobrehumana (Ms. Marvel permanente)""},{""texto"":""Invulnerabilidade Parcial (Ms. Marvel permanente)""}],""fraqueza"":[]},{""nome"":""Toque Letal"",""poder"":[{""texto"":""Absorve Poderes, Memórias e Personalidade""}],""fraqueza"":[{""texto"":""Não Pode Tocar Ninguém sem Absorver""},{""texto"":""Isolamento Emocional Permanente""},{""texto"":""Múltiplas Personalidades Absorvidas""}]},{""nome"":""Villã Redimida"",""poder"":[{""texto"":""Força e Voo (Miss Marvel)""},{""texto"":""Liderança de Equipe""},{""texto"":""Força de Vontade Inabalável""}],""fraqueza"":[{""texto"":""Passado na Irmandade Assombra""}]},{""nome"":""Amor à Prova de Toque"",""poder"":[{""texto"":""Casada com Gambit""}],""fraqueza"":[{""texto"":""Mystique a Manipulou por Anos""}]}],""descricao"":""STR 9 e BOD 9 vêm dos poderes absorvidos permanentemente de Ms. Marvel. O toque grau 6 absorve tudo — memórias, personalidade, poderes. As três tags negativas (-4, -4, -3) representam o custo emocional devastador. Passou anos na Irmandade antes de pedir ajuda a Xavier.\n---"",""iniciativa"":0}",true,,2026-04-09 01:20:42.164471+00,2026-07-13 16:50:57.438563+00,https://static.wikia.nocookie.net/marveldatabase/images/0/0b/Rogue_%28Anna_Marie%29_%28Earth-27%29_from_Exiles_Vol_1_83_0001.jpg/revision/latest/scale-to-width-down/600?cb=20191209061419
b015380a-f700-4e22-8d49-98594fd224ac,,Silver Fox,Silver Fox,vilao,medio,"{""tags"":[{""texto"":""Garras Retráteis""},{""texto"":""Fator de Cura Limitado""},{""texto"":""Memórias Roubadas""},{""texto"":""Ex-Amante de Wolverine""},{""texto"":""Assassinada por Sabretooth""},{""texto"":""Treinamento de Combate""},{""texto"":""Culpa e Arrependimento""},{""texto"":""Limitações Humanas""},{""texto"":""Instinto de Sobrevivência""},{""texto"":""Resiliência Física e Mental""},{""texto"":""Perícia em Campo""},{""texto"":""Fama que Atrapalha""},{""texto"":""Responsabilidade que Pesa""},{""texto"":""Conhecido no Submundo Mutante""},{""texto"":""Mutante Experiente""}],""stats"":{""aura"":5,""corpo"":5,""mente"":5,""força"":4,""vontade"":6,""destreza"":7,""espírito"":5,""influência"":5,""inteligência"":5},""temas"":[{""nome"":""Fator de Cura"",""poder"":[{""texto"":""Garras Retráteis""}],""fraqueza"":[]},{""nome"":""Sedutora Letal"",""poder"":[{""texto"":""Fator de Cura Limitado""}],""fraqueza"":[{""texto"":""Memórias Roubadas""}]},{""nome"":""3"",""poder"":[{""texto"":""Ex-Amante de Wolverine""},{""texto"":""Assassinada por Sabretooth""},{""texto"":""Treinamento de Combate""}],""fraqueza"":[{""texto"":""Culpa e Arrependimento""},{""texto"":""Limitações Humanas""}]},{""nome"":""4"",""poder"":[{""texto"":""Instinto de Sobrevivência""},{""texto"":""Resiliência Física e Mental""},{""texto"":""Perícia em Campo""}],""fraqueza"":[{""texto"":""Fama que Atrapalha""},{""texto"":""Responsabilidade que Pesa""}]}],""descricao"":""Atributos próximos ao pico humano. Garras e fator de cura grau 2 — versão limitada dos poderes de Logan. A ligação emocional com Wolverine (grau 3) é o aspecto mais estrategicamente relevante. Foi assassinada por Sabretooth. Status ressuscitado em alguns contextos.\n---"",""iniciativa"":0}",true,,2026-04-09 01:20:42.164471+00,2026-07-13 16:50:57.438563+00,https://static.wikia.nocookie.net/marveldatabase/images/0/0a/Silver_Fox_%28Earth-717%29_from_What_If_Wolverine_Vol_1_1_0001.jpg/revision/latest/scale-to-width-down/600?cb=20250621073209
b07c9f51-573b-451d-bfa6-e7c8a89892a3,,Karma,Xi'an Coy Manh,novatos,medio,"{""tags"":[{""texto"":""Possessão Mental""},{""texto"":""Pode Controlar Múltiplos Alvos Simultaneamente""},{""texto"":""Possuída pelo Rei das Sombras""},{""texto"":""Refugiada Vietnamita""},{""texto"":""Responsabilidade pelos Irmãos Menores""},{""texto"":""Amputada (Perna)""},{""texto"":""Instinto de Sobrevivência""},{""texto"":""Resiliência Física e Mental""},{""texto"":""Perícia em Campo""},{""texto"":""Múltipla Possessão Drena a Consciência""},{""texto"":""Responsabilidade que Pesa""},{""texto"":""Controle Múltiplo""},{""texto"":""Responsabilidade pelos Irmãos""},{""texto"":""Amputada""},{""texto"":""Membro dos Novos Mutantes""},{""texto"":""Mutante Experiente""},{""texto"":""Treinamento de Combate""}],""stats"":{""aura"":8,""corpo"":4,""mente"":10,""força"":3,""vontade"":8,""destreza"":5,""espírito"":9,""influência"":7,""inteligência"":8},""temas"":[{""nome"":""Possessão Mental"",""poder"":[{""texto"":""Possessão Mental""},{""texto"":""Pode Controlar Múltiplos Alvos Simultaneamente""}],""fraqueza"":[{""texto"":""Possuída pelo Rei das Sombras""}]},{""nome"":""Sobrevivente Vietnamita"",""poder"":[{""texto"":""Refugiada Vietnamita""}],""fraqueza"":[]},{""nome"":""Família Acima de Tudo"",""poder"":[{""texto"":""Responsabilidade pelos Irmãos Menores""}],""fraqueza"":[{""texto"":""Amputada (Perna)""}]},{""nome"":""4"",""poder"":[{""texto"":""Instinto de Sobrevivência""},{""texto"":""Resiliência Física e Mental""},{""texto"":""Perícia em Campo""}],""fraqueza"":[{""texto"":""Múltipla Possessão Drena a Consciência""},{""texto"":""Responsabilidade que Pesa""}]}],""descricao"":""MEN 10 reflete poder psiônico real. A possessão grau 5 — entra na consciência de outros e os controla como fantoches, pode controlar múltiplos (grau 3). A amputação (-1) é limitação física real. O dreno mental (-2) ao controlar múltiplos alvos representa o risco de se perder nas outras mentes.\n---"",""iniciativa"":0}",true,,2026-04-09 01:20:42.164471+00,2026-07-13 16:50:57.438563+00,https://static.wikia.nocookie.net/marveldatabase/images/3/3f/Xu%C3%A2n_Cao_M%E1%BA%A1nh_%28Earth-295%29_from_Amazing_X-Men_Vol_1_2_0001.jpg/revision/latest/scale-to-width-down/600?cb=20191221092443
b28ba7fe-6aa6-4421-a859-e0acb9a7edb4,,Boomer,Tabitha Smith / Boom-Boom / Meltdown,novatos,medio,"{""tags"":[{""texto"":""Bombas de Plasma com Timer Psiônico""},{""texto"":""Bombas de Meltdown""},{""texto"":""Atitude Rebelde""},{""texto"":""Chamariz de Problemas""},{""texto"":""Impulsiva""},{""texto"":""Reflexos Aguçados""},{""texto"":""Tática e Estratégia""},{""texto"":""Treinamento de Combate""},{""texto"":""Chamariz para Problemas""},{""texto"":""Limitações Humanas""},{""texto"":""Instinto de Sobrevivência""},{""texto"":""Resiliência Física e Mental""},{""texto"":""Perícia em Campo""},{""texto"":""Fama que Atrapalha""},{""texto"":""Responsabilidade que Pesa""},{""texto"":""Membro dos Novos Mutantes""},{""texto"":""Mutante Experiente""}],""stats"":{""aura"":8,""corpo"":5,""mente"":7,""força"":4,""vontade"":7,""destreza"":7,""espírito"":7,""influência"":7,""inteligência"":6},""temas"":[{""nome"":""Bombas de Plasma"",""poder"":[{""texto"":""Bombas de Plasma com Timer Psiônico""},{""texto"":""Bombas de Meltdown""}],""fraqueza"":[]},{""nome"":""Atitude Rebelde"",""poder"":[{""texto"":""Atitude Rebelde""}],""fraqueza"":[{""texto"":""Chamariz de Problemas""},{""texto"":""Impulsiva""}]},{""nome"":""3"",""poder"":[{""texto"":""Reflexos Aguçados""},{""texto"":""Tática e Estratégia""},{""texto"":""Treinamento de Combate""}],""fraqueza"":[{""texto"":""Chamariz para Problemas""},{""texto"":""Limitações Humanas""}]},{""nome"":""4"",""poder"":[{""texto"":""Instinto de Sobrevivência""},{""texto"":""Resiliência Física e Mental""},{""texto"":""Perícia em Campo""}],""fraqueza"":[{""texto"":""Fama que Atrapalha""},{""texto"":""Responsabilidade que Pesa""}]}],""descricao"":""As bombas de plasma grau 4 explodem em qualquer tempo determinado mentalmente — tática versátil. As bombas de Meltdown (grau 4) são maiores mas menos controladas. As tags negativas (-2 cada) refletem o padrão de vida de Tabitha: fugiu de pai abusivo, nunca aprendeu a planejar. O humor mascara trauma sério.\n---"",""iniciativa"":0}",true,,2026-04-09 01:20:42.164471+00,2026-07-13 16:50:57.438563+00,https://static.wikia.nocookie.net/marveldatabase/images/5/52/Tabitha_Smith_%28Earth-616%29_from_All-New_X-Men_Vol_1_40_001.jpg/revision/latest/scale-to-width-down/600?cb=20150424020909
b4f5cab7-85a8-448e-9211-a4111d31ca63,,Surge,Noriko Ashida,novatos,medio,"{""tags"":[{""texto"":""Absorção e Liberação de Eletricidade""},{""texto"":""Velocidade em Rajadas Elétricas""},{""texto"":""Precisa de Luvas Amortecedoras""},{""texto"":""Líder dos Estudantes""},{""texto"":""Reflexos Aguçados""},{""texto"":""Tática e Estratégia""},{""texto"":""Treinamento de Combate""},{""texto"":""Luvas Especiais para Controle""},{""texto"":""Limitações Humanas""},{""texto"":""Instinto de Sobrevivência""},{""texto"":""Resiliência Física e Mental""},{""texto"":""Perícia em Campo""},{""texto"":""Fama que Atrapalha""},{""texto"":""Responsabilidade que Pesa""},{""texto"":""Liderança dos Novos X-Men""},{""texto"":""Eletricidade""},{""texto"":""Precisa de Luvas""},{""texto"":""Membro dos Novos Mutantes""},{""texto"":""Mutante Experiente""}],""stats"":{""aura"":7,""corpo"":5,""mente"":7,""força"":5,""vontade"":8,""destreza"":9,""espírito"":7,""influência"":6,""inteligência"":6},""temas"":[{""nome"":""Eletricidade"",""poder"":[{""texto"":""Absorção e Liberação de Eletricidade""},{""texto"":""Velocidade em Rajadas Elétricas""}],""fraqueza"":[{""texto"":""Precisa de Luvas Amortecedoras""}]},{""nome"":""Líder dos Novos X-Men"",""poder"":[{""texto"":""Líder dos Estudantes""}],""fraqueza"":[]},{""nome"":""3"",""poder"":[{""texto"":""Reflexos Aguçados""},{""texto"":""Tática e Estratégia""},{""texto"":""Treinamento de Combate""}],""fraqueza"":[{""texto"":""Luvas Especiais para Controle""},{""texto"":""Limitações Humanas""}]},{""nome"":""4"",""poder"":[{""texto"":""Instinto de Sobrevivência""},{""texto"":""Resiliência Física e Mental""},{""texto"":""Perícia em Campo""}],""fraqueza"":[{""texto"":""Fama que Atrapalha""},{""texto"":""Responsabilidade que Pesa""}]}],""descricao"":""DEX 9 próxima ao pico humano — velocidade explosiva. Iniciativa 10 reflete a velocidade. A absorção de eletricidade e velocidade grau 4 são combinadas. As luvas (-3) são vulnerabilidade crítica: sem elas o poder é incontrolável e afeta aliados. Fugiu do Japão sem controle; encontrou estabilidade no Instituto.\n---"",""iniciativa"":0}",true,,2026-04-09 01:20:42.164471+00,2026-07-13 16:50:57.438563+00,https://static.wikia.nocookie.net/marveldatabase/images/c/c3/Noriko_Ashida_%28Earth-5631%29_Wolverine_and_Power_Pack_Vol_1_2.jpg/revision/latest?cb=20140724153754
b7da9b1f-1375-4fdf-8055-985f4a448e25,,Moça de Borracha,Rubber Maid,x-men,medio,"{""tags"":[{""grau"":5,""texto"":""Elasticidade e Maleabilidade Total""},{""grau"":4,""texto"":""Amortece Impactos""},{""grau"":4,""texto"":""Estica-se a Grandes Distâncias""},{""grau"":3,""texto"":""Molda-se a Qualquer Forma""},{""grau"":4,""texto"":""Humor Físico e Palhaçadas""},{""grau"":3,""texto"":""Otimismo Inabalável""},{""grau"":3,""texto"":""Usa o Riso como Armadura""},{""grau"":3,""texto"":""Adapta-se a Qualquer Situação""},{""grau"":2,""texto"":""Aluna do Instituto Xavier""},{""grau"":3,""texto"":""Desajeitada e Distraída""},{""grau"":2,""texto"":""Esconde Inseguranças no Humor""},{""grau"":2,""texto"":""Leva Combate Pouco a Sério""},{""grau"":2,""texto"":""Novata em Missões""}],""stats"":{""aura"":7,""corpo"":7,""mente"":6,""força"":4,""vontade"":7,""destreza"":8,""espírito"":8,""influência"":7,""inteligência"":6},""temas"":[{""nome"":""Corpo Elástico"",""poder"":[{""grau"":5,""texto"":""Elasticidade e Maleabilidade Total""},{""grau"":4,""texto"":""Amortece Impactos""},{""grau"":4,""texto"":""Estica-se a Grandes Distâncias""},{""grau"":3,""texto"":""Molda-se a Qualquer Forma""}],""fraqueza"":[]},{""nome"":""Otimismo Blindado"",""poder"":[{""grau"":4,""texto"":""Humor Físico e Palhaçadas""},{""grau"":3,""texto"":""Otimismo Inabalável""},{""grau"":3,""texto"":""Usa o Riso como Armadura""}],""fraqueza"":[]},{""nome"":""Espírito de Equipe"",""poder"":[{""grau"":3,""texto"":""Adapta-se a Qualquer Situação""},{""grau"":2,""texto"":""Aluna do Instituto Xavier""}],""fraqueza"":[]},{""nome"":""Distração"",""poder"":[],""fraqueza"":[{""grau"":3,""texto"":""Desajeitada e Distraída""},{""grau"":2,""texto"":""Esconde Inseguranças no Humor""},{""grau"":2,""texto"":""Leva Combate Pouco a Sério""},{""grau"":2,""texto"":""Novata em Missões""}]}],""descricao"":""A Moça de Borracha possui um corpo tão flexível que pode esticar‑se, achatar‑se e moldar‑se a qualquer forma. A sua personalidade é igualmente adaptável – sempre descontraída, sempre a rir, mesmo nos momentos mais tensos. A sua aparente leviandade esconde uma resiliência que a mantém de pé quando os outros caem."",""iniciativa"":20}",true,,2026-07-12 18:05:40.319941+00,2026-07-12 19:52:11.358358+00,
baebccb5-a8d9-4df2-ab20-10da744c5c55,,M (Monet St. Croix),M,novatos,alto,"{""tags"":[{""texto"":""Pacote de Perfeição Mutante""},{""texto"":""Intelecto Prodigioso""},{""texto"":""Arrogância Desarmante""},{""texto"":""Segredos Ligados ao Irmão Emplate""},{""texto"":""4""},{""texto"":""Arrogância Refinada""},{""texto"":""Instinto de Sobrevivência""},{""texto"":""Anos como Penance Muda sem Voz""},{""texto"":""Pensamentos Suicidas Diários""},{""texto"":""Resiliência Física e Mental""},{""texto"":""Perícia em Campo""},{""texto"":""Fama que Atrapalha""},{""texto"":""Responsabilidade que Pesa""},{""texto"":""Força Sobre-humana""},{""texto"":""Telepatia""},{""texto"":""Herdeira Bilionária""},{""texto"":""Voo""},{""texto"":""Membro dos Novos Mutantes""},{""texto"":""Mutante de Elite""},{""texto"":""Veterano de Combate""},{""texto"":""Reflexos Aguçados""},{""texto"":""Resistência Mental Treinada""}],""stats"":{""aura"":10,""corpo"":9,""mente"":10,""força"":9,""vontade"":9,""destreza"":9,""espírito"":9,""influência"":9,""inteligência"":11},""temas"":[{""nome"":""Penteto Perfeito"",""poder"":[{""texto"":""Pacote de Perfeição Mutante""},{""texto"":""Intelecto Prodigioso""},{""texto"":""Arrogância Desarmante""},{""texto"":""Segredos Ligados ao Irmão Emplate""}],""fraqueza"":[]},{""nome"":""Herdeira Bilionária"",""poder"":[{""texto"":""4""}],""fraqueza"":[{""texto"":""Arrogância Refinada""}]},{""nome"":""Trauma de Penance"",""poder"":[{""texto"":""Instinto de Sobrevivência""}],""fraqueza"":[{""texto"":""Anos como Penance Muda sem Voz""},{""texto"":""Pensamentos Suicidas Diários""}]},{""nome"":""4"",""poder"":[{""texto"":""Instinto de Sobrevivência""},{""texto"":""Resiliência Física e Mental""},{""texto"":""Perícia em Campo""}],""fraqueza"":[{""texto"":""Fama que Atrapalha""},{""texto"":""Responsabilidade que Pesa""}]}],""descricao"":""Múltiplos atributos acima do pico humano (STR 9, BOD 9). O pacote de perfeição grau 5 inclui força, velocidade, voo, telepatia e invulnerabilidade simultâneos. A arrogância (-2) afasta aliados. Os segredos de Emplate (-2) são vulnerabilidade explorada por inimigos que conhecem sua família.\n---"",""iniciativa"":0}",true,,2026-04-09 01:20:42.164471+00,2026-07-13 16:50:57.438563+00,https://static.wikia.nocookie.net/marveldatabase/images/4/44/Monet_St._Croix_%28Earth-295%29_from_Age_of_Apocalypse_Vol_1_9_001.jpg/revision/latest/scale-to-width-down/600?cb=20121109060346
bb7a059d-d5cf-4925-a1a5-bf1d2f0a223f,,Slipstream,Davis Cameron,x-men,medio,"{""tags"":[{""texto"":""Portais de Energia para Teletransporte""},{""texto"":""Pode Transportar Grupos Através dos Portais""},{""texto"":""Inseguro""},{""texto"":""Irmão de Lifeguard""},{""texto"":""Tática e Estratégia""},{""texto"":""Treinamento de Combate""},{""texto"":""Culpa e Arrependimento""},{""texto"":""Limitações Humanas""},{""texto"":""Instinto de Sobrevivência""},{""texto"":""Resiliência Física e Mental""},{""texto"":""Perícia em Campo""},{""texto"":""Fama que Atrapalha""},{""texto"":""Responsabilidade que Pesa""},{""texto"":""Membro dos X-Men""},{""texto"":""Mutante Experiente""}],""stats"":{""aura"":6,""corpo"":5,""mente"":6,""força"":4,""vontade"":6,""destreza"":6,""espírito"":6,""influência"":5,""inteligência"":5},""temas"":[{""nome"":""Portal Dimensional"",""poder"":[{""texto"":""Portais de Energia para Teletransporte""}],""fraqueza"":[]},{""nome"":""Irmão de Lifeguard"",""poder"":[{""texto"":""Pode Transportar Grupos Através dos Portais""}],""fraqueza"":[{""texto"":""Inseguro""}]},{""nome"":""3"",""poder"":[{""texto"":""Irmão de Lifeguard""},{""texto"":""Tática e Estratégia""},{""texto"":""Treinamento de Combate""}],""fraqueza"":[{""texto"":""Culpa e Arrependimento""},{""texto"":""Limitações Humanas""}]},{""nome"":""4"",""poder"":[{""texto"":""Instinto de Sobrevivência""},{""texto"":""Resiliência Física e Mental""},{""texto"":""Perícia em Campo""}],""fraqueza"":[{""texto"":""Fama que Atrapalha""},{""texto"":""Responsabilidade que Pesa""}]}],""descricao"":""O teletransporte por portais grau 4 é versátil e pode transportar grupos (grau 3) — valioso como extração e mobilidade tática. Atributos próximos ao pico humano. Irmão de Lifeguard (Heather Cameron). Ex-membro dos X-Treme X-Men. Surfista — estilo descontraído que contrasta com a seriedade dos X-Men.\n---"",""iniciativa"":0}",true,,2026-04-09 01:20:42.164471+00,2026-07-13 16:50:57.438563+00,https://static.wikia.nocookie.net/marveldatabase/images/2/22/Davis_Cameron_%28Earth-41001%29_from_X-Men_The_End_Vol_1_1_001.png/revision/latest/scale-to-width-down/600?cb=20220715034542
bc76380b-9112-4edb-8814-eabd42de1fec,,Morbius,Dr. Michael Morbius,midnight-sons,alto,"{""tags"":[""Voo Sobre-humano 4"",""Garras e Presas Retráteis 4"",""Fator de Cura Acelerado 4"",""Hipnose e Controle Mental 4"",""Gênio em Bioquímica e Hematologia 5"",""Mordida Transforma Vítimas em Vampiros 5"",""Soro de Sangue Irradiado (transformação temporária em humano) 3"",""Identidade Falsa (Morgan Michaels) 3"",""Aversão à Luz Solar 3"",""Sede Incontrolável por Sangue 4"",""Ausência de Alma (confirmada por Doutor Estranho) 5"",""Sangue Lilin Corruptor (pode perder o controle) 3""],""descricao"":""Dr. Michael Morbius, o Vampiro Vivo – uma tragédia científica forjada na tentativa de curar sua própria doença sanguínea. Nobel em bioquímica, sua experiência com DNA de morcego-vampiro o transformou em um pseudo-vampiro com força, velocidade, voo e sede insaciável. Sua mente genial ainda busca uma cura definitiva, enquanto seu corpo clama por sangue – preferencialmente dos culpados, como jurou após o Julgamento do Motoqueiro Fantasma. Sem alma, mas com um código moral tortuoso, Morbius transita entre herói e monstro, já tendo liderado os Midnight Sons contra Lilith e enganado o próprio Doutor Estranho. Sua maior fraqueza é a constante batalha interna contra o instinto predatório e a essência demoníaca de Lilin que carrega.""}",true,,2026-07-12 03:54:45.011063+00,2026-07-12 03:54:45.011063+00,
bcfc2551-cb38-41bf-a8ea-8bb3097ce0a6,,Empath,Manuel Rodrigo,clube-do-inferno,medio,"{""tags"":[{""texto"":""Projeção Emocional""},{""texto"":""Tortura Psicológica""},{""texto"":""Sádico""},{""texto"":""Reflexos Aguçados""},{""texto"":""Tática e Estratégia""},{""texto"":""Treinamento de Combate""},{""texto"":""Narcisismo e Sadismo""},{""texto"":""Perdeu os Poderes no M-Day""},{""texto"":""Instinto de Sobrevivência""},{""texto"":""Resiliência Física e Mental""},{""texto"":""Perícia em Campo""},{""texto"":""Fama que Atrapalha""},{""texto"":""Responsabilidade que Pesa""},{""texto"":""Membro do Clube do Inferno""},{""texto"":""Mutante Experiente""}],""stats"":{""aura"":10,""corpo"":4,""mente"":7,""força"":3,""vontade"":6,""destreza"":5,""espírito"":6,""influência"":11,""inteligência"":6},""temas"":[{""nome"":""Manipulação Emocional"",""poder"":[{""texto"":""Projeção Emocional""}],""fraqueza"":[]},{""nome"":""Bruto do Clube"",""poder"":[{""texto"":""Tortura Psicológica""}],""fraqueza"":[{""texto"":""Sádico""}]},{""nome"":""3"",""poder"":[{""texto"":""Reflexos Aguçados""},{""texto"":""Tática e Estratégia""},{""texto"":""Treinamento de Combate""}],""fraqueza"":[{""texto"":""Narcisismo e Sadismo""},{""texto"":""Perdeu os Poderes no M-Day""}]},{""nome"":""4"",""poder"":[{""texto"":""Instinto de Sobrevivência""},{""texto"":""Resiliência Física e Mental""},{""texto"":""Perícia em Campo""}],""fraqueza"":[{""texto"":""Fama que Atrapalha""},{""texto"":""Responsabilidade que Pesa""}]}],""descricao"":""INF 11 e AUR 10 — projeção emocional grau 5 injetando qualquer sentimento diretamente. O sadismo (-2) é ao mesmo tempo traço de personalidade e vulnerabilidade — toma decisões imprudentes para prolongar o sofrimento alheio. A perda de poderes (-2) destruiu sua identidade. Ex-líder dos Hellions do Clube do Inferno.\n---"",""iniciativa"":0}",true,,2026-04-09 01:20:42.164471+00,2026-07-13 16:50:57.438563+00,https://static.wikia.nocookie.net/marveldatabase/images/a/a8/Manuel_de_la_Rocha_%28Earth-295%29_from_X-Universe_Vol_1_1_0001.jpg/revision/latest/scale-to-width-down/600?cb=20191221171446
bd1fafad-e15c-4382-9355-d9a00021d515,,Ícone,Bobby Drake,x-men,alto,"{""tags"":[{""texto"":""Criocinese Ômega""},{""texto"":""Transformação em Ser de Gelo Puro""},{""texto"":""Armadura de Gelo Instantânea""},{""texto"":""Culpa e Arrependimento""},{""texto"":""Criação de Estruturas de Gelo Complexas""},{""texto"":""Humor Defensivo""},{""texto"":""Herança de Política Africana""},{""texto"":""Potencial Ômega raramente utilizado""},{""texto"":""Resiliência Física e Mental""},{""texto"":""Perícia em Campo""},{""texto"":""Fama que Atrapalha""},{""texto"":""Responsabilidade que Pesa""},{""texto"":""Potencial Ômega Raramente Usado""},{""texto"":""Herança de Serval""},{""texto"":""Membro dos X-Men""},{""texto"":""Mutante de Elite""},{""texto"":""Veterano de Combate""},{""texto"":""Reflexos Aguçados""},{""texto"":""Resistência Mental Treinada""},{""texto"":""Treinamento de Combate""}],""stats"":{""aura"":8,""corpo"":5,""mente"":7,""força"":5,""vontade"":7,""destreza"":7,""espírito"":7,""influência"":6,""inteligência"":7},""temas"":[{""nome"":""Criocinese Ômega"",""poder"":[{""texto"":""Criocinese Ômega""},{""texto"":""Transformação em Ser de Gelo Puro""},{""texto"":""Armadura de Gelo Instantânea""}],""fraqueza"":[{""texto"":""Culpa e Arrependimento""}]},{""nome"":""Poder Gelado"",""poder"":[{""texto"":""Criação de Estruturas de Gelo Complexas""},{""texto"":""Humor Defensivo""}],""fraqueza"":[{""texto"":""Humor Defensivo""}]},{""nome"":""Príncipe de Serval"",""poder"":[{""texto"":""Herança de Política Africana""}],""fraqueza"":[]},{""nome"":""4"",""poder"":[{""texto"":""Potencial Ômega raramente utilizado""},{""texto"":""Resiliência Física e Mental""},{""texto"":""Perícia em Campo""}],""fraqueza"":[{""texto"":""Fama que Atrapalha""},{""texto"":""Responsabilidade que Pesa""}]}],""descricao"":""Mutante de nível Ômega que raramente usa o potencial completo (tag -2 explica o gap). Pode transformar o corpo inteiro em gelo cristalino puro. A criocinese grau 6 inclui controle de temperatura ambiente, criação de pontes de gelo, aprisionamento de oponentes inteiros. Usa humor para evitar responsabilidade.\n---"",""iniciativa"":0}",true,,2026-04-09 01:20:42.164471+00,2026-07-13 16:50:57.438563+00,https://static.wikia.nocookie.net/marveldatabase/images/1/1a/Piotr_Rasputin_%28Earth-63%29_from_Bishop_War_College_Vol_1_1_cover.jpg/revision/latest/scale-to-width-down/600?cb=20230426195333
bebe08bf-293d-4fa2-820e-de41777bd05e,,Impulse,Impulse,novatos,baixo,"{""tags"":[{""texto"":""Supervelocidade""},{""texto"":""Dificuldade de Confiar nos Outros""},{""texto"":""Limitações Humanas""},{""texto"":""Personagem Menor""},{""texto"":""Impulsivo Demais""},{""texto"":""Explosão Cinética""},{""texto"":""Impulsivo""},{""texto"":""Membro dos Novos Mutantes""},{""texto"":""Mutante de Nível Baixo""}],""stats"":{""aura"":4,""corpo"":4,""mente"":4,""força"":3,""vontade"":4,""destreza"":8,""espírito"":4,""influência"":4,""inteligência"":4},""temas"":[{""nome"":""Explosão Cinética"",""poder"":[{""texto"":""Supervelocidade""}],""fraqueza"":[{""texto"":""Dificuldade de Confiar nos Outros""},{""texto"":""Limitações Humanas""}]},{""nome"":""Sem Freio"",""poder"":[{""texto"":""Personagem Menor""}],""fraqueza"":[{""texto"":""Impulsivo Demais""}]}],""descricao"":""DEX 8 no limite humano. Supervelocidade grau 3 é útil mas não impressionante. Velocista mutante de baixo nível. Membro de equipe alternativa de Novos Mutantes com pouco desenvolvimento.\n---"",""iniciativa"":0}",true,,2026-04-09 01:20:42.164471+00,2026-07-13 16:50:57.438563+00,https://static.wikia.nocookie.net/marveldatabase/images/0/09/Impulse_II_%28Earth-616%29_from_War_of_Kings_Vol_1_1_001.jpg/revision/latest/scale-to-width-down/600?cb=20200414222814
bf0fc5f6-9b11-487f-85f4-e46ab3915375,,Pyro,St. John Allerdyce,irmandade,medio,"{""tags"":[{""texto"":""Controle de Fogo Existente""},{""texto"":""Criação de Criaturas de Fogo Complexas""},{""texto"":""Traje com Lança-Chamas Integrado""},{""texto"":""Escritor Frustrado""},{""texto"":""Fogo Sem Controle""},{""texto"":""Reflexos Aguçados""},{""texto"":""Tática e Estratégia""},{""texto"":""Treinamento de Combate""},{""texto"":""Não Cria Fogo""},{""texto"":""Esclerose Múltipla Terminal""},{""texto"":""Instinto de Sobrevivência""},{""texto"":""Resiliência Física e Mental""},{""texto"":""Perícia em Campo""},{""texto"":""Fama que Atrapalha""},{""texto"":""Responsabilidade que Pesa""},{""texto"":""Manipula Fogo""},{""texto"":""Incendiário""},{""texto"":""Membro da Irmandade de Mutantes""},{""texto"":""Mutante Experiente""}],""stats"":{""aura"":8,""corpo"":5,""mente"":7,""força"":4,""vontade"":7,""destreza"":7,""espírito"":7,""influência"":6,""inteligência"":7},""temas"":[{""nome"":""Pirocinese"",""poder"":[{""texto"":""Controle de Fogo Existente""},{""texto"":""Criação de Criaturas de Fogo Complexas""},{""texto"":""Traje com Lança-Chamas Integrado""}],""fraqueza"":[]},{""nome"":""Incendiário"",""poder"":[{""texto"":""Escritor Frustrado""}],""fraqueza"":[{""texto"":""Fogo Sem Controle""}]},{""nome"":""3"",""poder"":[{""texto"":""Reflexos Aguçados""},{""texto"":""Tática e Estratégia""},{""texto"":""Treinamento de Combate""}],""fraqueza"":[{""texto"":""Não Cria Fogo""},{""texto"":""Esclerose Múltipla Terminal""}]},{""nome"":""4"",""poder"":[{""texto"":""Instinto de Sobrevivência""},{""texto"":""Resiliência Física e Mental""},{""texto"":""Perícia em Campo""}],""fraqueza"":[{""texto"":""Fama que Atrapalha""},{""texto"":""Responsabilidade que Pesa""}]}],""descricao"":""O controle de fogo grau 5 mas não o cria (-2). AUR 8 reflete carisma criativo e humor sarcástico. A esclerose múltipla (-3) é progressiva e terminal — mina capacidade de combate. Australiano que entrou para a Irmandade por falta de opções. Morreu defendendo o senador Kelly — ato final de redenção.\n---"",""iniciativa"":0}",true,,2026-04-09 01:20:42.164471+00,2026-07-13 16:50:57.438563+00,https://static.wikia.nocookie.net/marveldatabase/images/1/13/St._John_Allerdyce_%28Earth-295%29_from_Factor-X_Vol_1_1_001.jpg/revision/latest/scale-to-width-down/600?cb=20191223012349
c08974a2-3d0d-4f88-a3ad-82a637ae6af2,,Persuasion,Kara Killgrave,vilao,medio,"{""tags"":[{""texto"":""Controle Mental por Voz""},{""texto"":""Filha do Purple Man""},{""texto"":""Tenta se Redimir""},{""texto"":""Tática e Estratégia""},{""texto"":""Treinamento de Combate""},{""texto"":""Telepatas são Imunes ao Poder""},{""texto"":""Recaídas sob Estresse""},{""texto"":""Instinto de Sobrevivência""},{""texto"":""Resiliência Física e Mental""},{""texto"":""Perícia em Campo""},{""texto"":""Fama que Atrapalha""},{""texto"":""Responsabilidade que Pesa""},{""texto"":""Conhecido no Submundo Mutante""},{""texto"":""Mutante Experiente""},{""texto"":""Habilidade de Luta""}],""stats"":{""aura"":10,""corpo"":4,""mente"":8,""força"":3,""vontade"":7,""destreza"":4,""espírito"":7,""influência"":11,""inteligência"":6},""temas"":[{""nome"":""Persuasão"",""poder"":[{""texto"":""Controle Mental por Voz""}],""fraqueza"":[]},{""nome"":""Voz de Controle"",""poder"":[{""texto"":""Filha do Purple Man""}],""fraqueza"":[]},{""nome"":""3"",""poder"":[{""texto"":""Tenta se Redimir""},{""texto"":""Tática e Estratégia""},{""texto"":""Treinamento de Combate""}],""fraqueza"":[{""texto"":""Telepatas são Imunes ao Poder""},{""texto"":""Recaídas sob Estresse""}]},{""nome"":""4"",""poder"":[{""texto"":""Instinto de Sobrevivência""},{""texto"":""Resiliência Física e Mental""},{""texto"":""Perícia em Campo""}],""fraqueza"":[{""texto"":""Fama que Atrapalha""},{""texto"":""Responsabilidade que Pesa""}]}],""descricao"":""INF 11 e AUR 10 — a voz como arma de controle absoluto grau 5. A imunidade de telepatas (-2) é fraqueza estratégica significativa. As recaídas (-2) refletem o peso da herança: em momentos de estresse usa o poder involuntariamente. Diferente do pai, tenta genuinamente usar o poder para o bem.\n---"",""iniciativa"":0}",true,,2026-04-09 01:20:42.164471+00,2026-07-13 16:50:57.438563+00,https://static.wikia.nocookie.net/marveldatabase/images/f/f7/Kara_Killgrave_%28Earth-616%29_from_Jessica_Jones_Purple_Daughter_-_Marvel_Digital_Original_Vol_1_1_001.png/revision/latest/scale-to-width-down/600?cb=20220213142329
c0aea5b2-02af-4888-9d04-3e33f63c8d0d,,Vic Slaughter,Vic Slaughter (Cria Vampírica),midnight-sons,medio,"{""tags"":[""Força e Velocidade Vampíricas Aprimoradas 4"",""Fator de Cura Moderado 3"",""Garras e Presas 3"",""Distorção Corporal (pode estender membros) 3"",""Lealdade Forçada a Morbius 3"",""Ex-líder dos Hardcases 3"",""Sede de Sangue (menos controlada que Morbius) 4"",""Vulnerável a Luz Solar e Símbolos Sagrados 3"",""Sem Habilidades Científicas 2""],""descricao"":""Vic Slaughter era um mercenário implacável, líder dos Hardcases, até que uma tentativa de matar Morbius terminou com ele sendo enterrado vivo – e depois mordido, transformando-se na primeira cria vampírica conhecida do Dr. Morbius. Sua força e agilidade são significativamente aumentadas, e ele herdou a capacidade de distorcer o próprio corpo de forma grotesca. Ao contrário de seu criador, Vic não tem qualquer escrúpulo científico ou moral; sua sede é brutal e sua lealdade a Morbius é mais um reflexo do vínculo de sangue do que de respeito. Já enfrentou os Nightstalkers e serviu como capanga em esquemas de Morbius, mas frequentemente age por conta própria quando a fome aperta. Sua falta de intelecto e de controle emocional o tornam mais previsível, mas também mais perigoso em confrontos diretos.""}",true,,2026-07-12 03:54:45.648226+00,2026-07-12 03:54:45.648226+00,
c35c978e-7405-4b0a-979c-346fb700571d,,Blob,Fred Dukes,irmandade,medio,"{""tags"":[{""texto"":""Campo de Força Inercial""},{""texto"":""Pele Praticamente Invulnerável ao Dano Físico""},{""texto"":""Força Colossal""},{""texto"":""Nenhuma Sensibilidade à Dor Física""},{""texto"":""Treinamento de Combate""},{""texto"":""Inteligência Limitada""},{""texto"":""Limitações Humanas""},{""texto"":""Instinto de Sobrevivência""},{""texto"":""Resiliência Física e Mental""},{""texto"":""Perícia em Campo""},{""texto"":""Fama que Atrapalha""},{""texto"":""Responsabilidade que Pesa""},{""texto"":""Membro da Irmandade de Mutantes""},{""texto"":""Mutante Experiente""},{""texto"":""Habilidade de Luta""}],""stats"":{""aura"":3,""corpo"":16,""mente"":3,""força"":12,""vontade"":6,""destreza"":3,""espírito"":5,""influência"":2,""inteligência"":3},""temas"":[{""nome"":""Imóvel"",""poder"":[{""texto"":""Campo de Força Inercial""}],""fraqueza"":[]},{""nome"":""Tanque da Irmandade"",""poder"":[{""texto"":""Pele Praticamente Invulnerável ao Dano Físico""}],""fraqueza"":[]},{""nome"":""3"",""poder"":[{""texto"":""Força Colossal""},{""texto"":""Nenhuma Sensibilidade à Dor Física""},{""texto"":""Treinamento de Combate""}],""fraqueza"":[{""texto"":""Inteligência Limitada""},{""texto"":""Limitações Humanas""}]},{""nome"":""4"",""poder"":[{""texto"":""Instinto de Sobrevivência""},{""texto"":""Resiliência Física e Mental""},{""texto"":""Perícia em Campo""}],""fraqueza"":[{""texto"":""Fama que Atrapalha""},{""texto"":""Responsabilidade que Pesa""}]}],""descricao"":""BOD 16 é o mais alto da Irmandade. STR 12 colossal. INT 3 e MEN 3 bem abaixo da média humana — a tag -3 de inteligência é fraqueza tática real: inimigos inteligentes o envolvem com facilidade. O campo inercial grau 5 — nem Hulk o move quando ele não quer. Ex-artista de circo que se juntou à Irmandade por falta de opções.\n---"",""iniciativa"":0}",true,,2026-04-09 01:20:42.164471+00,2026-07-13 16:50:57.438563+00,https://static.wikia.nocookie.net/marveldatabase/images/b/be/Frederick_Dukes_%28Earth-12%29_from_Exiles_Vol_1_14_0001.jpg/revision/latest?cb=20191231012359
c3ecd35b-2b43-4d9d-9a13-1eb0f87943f1,,Moira MacTaggert,Dra. Moira MacTaggert,humano,baixo,"{""tags"":[{""texto"":""Geneticista Mutante Líder Mundial""},{""texto"":""Mãe de Proteus""},{""texto"":""Passado que Assombra""},{""texto"":""Parceira Científica e Ex-Noiva de Xavier""},{""texto"":""Humana""},{""texto"":""Geneticista""},{""texto"":""Aliada dos X-Men""},{""texto"":""Humano com Acesso a Alto Escalão""},{""texto"":""Mutante de Nível Baixo""},{""texto"":""Dirige a Ilha Muir""},{""texto"":""Mutante Secreta""}],""stats"":{""aura"":8,""corpo"":3,""mente"":11,""força"":2,""vontade"":9,""destreza"":3,""espírito"":9,""influência"":9,""inteligência"":13},""temas"":[{""nome"":""Geneticista de Elite"",""poder"":[{""texto"":""Geneticista Mutante Líder Mundial""}],""fraqueza"":[{""texto"":""Mãe de Proteus""},{""texto"":""Passado que Assombra""}]},{""nome"":""Aliada dos X-Men"",""poder"":[{""texto"":""Parceira Científica e Ex-Noiva de Xavier""}],""fraqueza"":[{""texto"":""Humana""}]}],""descricao"":""INT 13 ligeiramente acima do pico — o poder mutante eleva a cognição. Geneticista mais importante aliada dos X-Men. A tag mutante secreta (grau 5) é revelação recente (Hickman) — poder de reencarnação que ela usou para reiniciar linhas temporais. A tragédia de Proteus (-2) é peso emocional constante.\n---"",""iniciativa"":0}",true,,2026-04-09 01:20:42.164471+00,2026-07-13 16:50:57.438563+00,https://static.wikia.nocookie.net/marveldatabase/images/7/7c/Moira_MacTaggert_%28Earth-63%29_from_Bishop_War_College_Vol_1_3.jpg/revision/latest/scale-to-width-down/600?cb=20230526202258
c4d046ad-0592-4626-a0a3-3c41caa4ebd0,,Blockbuster,Blockbuster,vilao,alto,"{""tags"":[{""texto"":""Força e Resistência Colossais""},{""texto"":""Inteligência Limitada""},{""texto"":""Capanga Leal de Sinister""},{""texto"":""Habilidade de Luta""},{""texto"":""Determinação Inabalável""},{""texto"":""Inteligência Muito Limitada""},{""texto"":""Dificuldade de Confiar nos Outros""},{""texto"":""Reflexos Aguçados""},{""texto"":""Tática e Estratégia""},{""texto"":""Treinamento de Combate""},{""texto"":""Culpa e Arrependimento""},{""texto"":""Limitações Humanas""},{""texto"":""Instinto de Sobrevivência""},{""texto"":""Resiliência Física e Mental""},{""texto"":""Perícia em Campo""},{""texto"":""Fama que Atrapalha""},{""texto"":""Responsabilidade que Pesa""},{""texto"":""Conhecido no Submundo Mutante""},{""texto"":""Mutante de Elite""},{""texto"":""Veterano de Combate""},{""texto"":""Resistência Mental Treinada""}],""stats"":{""aura"":3,""corpo"":13,""mente"":2,""força"":12,""vontade"":4,""destreza"":3,""espírito"":3,""influência"":2,""inteligência"":2},""temas"":[{""nome"":""Superforça"",""poder"":[{""texto"":""Força e Resistência Colossais""}],""fraqueza"":[{""texto"":""Inteligência Limitada""}]},{""nome"":""2"",""poder"":[{""texto"":""Capanga Leal de Sinister""},{""texto"":""Habilidade de Luta""},{""texto"":""Determinação Inabalável""}],""fraqueza"":[{""texto"":""Inteligência Muito Limitada""},{""texto"":""Dificuldade de Confiar nos Outros""}]},{""nome"":""3"",""poder"":[{""texto"":""Reflexos Aguçados""},{""texto"":""Tática e Estratégia""},{""texto"":""Treinamento de Combate""}],""fraqueza"":[{""texto"":""Culpa e Arrependimento""},{""texto"":""Limitações Humanas""}]},{""nome"":""4"",""poder"":[{""texto"":""Instinto de Sobrevivência""},{""texto"":""Resiliência Física e Mental""},{""texto"":""Perícia em Campo""}],""fraqueza"":[{""texto"":""Fama que Atrapalha""},{""texto"":""Responsabilidade que Pesa""}]}],""descricao"":""STR 12 e BOD 13 colossal. INT 2 e MEN 2 muito abaixo da média — a inteligência (-4) é fraqueza fatal. Qualquer oponente com mobilidade e estratégia básica frustra Blockbuster indefinidamente. Inicia combates diretos que nunca deveria. Serviu como capanga nos Marotos de Mister Sinister.\n---"",""iniciativa"":0}",true,,2026-04-09 01:20:42.164471+00,2026-07-13 16:50:57.438563+00,https://static.wikia.nocookie.net/marveldatabase/images/0/05/Michael_Baer_%28Earth-161%29_from_X-Men_Forever_2_Vol_1_6_001.jpg/revision/latest/scale-to-width-down/600?cb=20100907013719
c5004232-93ef-4f5e-88b0-464016c2b491,,Forge,Forge,x-men,medio,"{""tags"":[{""texto"":""Poder Mutante de Invenção""},{""texto"":""Inventor Oficial dos X-Men""},{""texto"":""Perna e Mão Protéticas de Alta Tecnologia (próprias)""},{""texto"":""Xamã Cheyenne""},{""texto"":""Criou o Neutralizador de Mutantes""},{""texto"":""Reflexos Aguçados""},{""texto"":""Tática e Estratégia""},{""texto"":""Treinamento de Combate""},{""texto"":""Veterano do Vietnã""},{""texto"":""Limitações Humanas""},{""texto"":""Instinto de Sobrevivência""},{""texto"":""Resiliência Física e Mental""},{""texto"":""Perícia em Campo""},{""texto"":""Fama que Atrapalha""},{""texto"":""Responsabilidade que Pesa""},{""texto"":""Neutralizador de Mutantes""},{""texto"":""Membro dos X-Men""},{""texto"":""Mutante Experiente""}],""stats"":{""aura"":7,""corpo"":6,""mente"":8,""força"":5,""vontade"":7,""destreza"":7,""espírito"":8,""influência"":6,""inteligência"":13},""temas"":[{""nome"":""Gênio Inventor"",""poder"":[{""texto"":""Poder Mutante de Invenção""},{""texto"":""Inventor Oficial dos X-Men""}],""fraqueza"":[]},{""nome"":""Xamã Tecnológico"",""poder"":[{""texto"":""Perna e Mão Protéticas de Alta Tecnologia (próprias)""},{""texto"":""Xamã Cheyenne""}],""fraqueza"":[{""texto"":""Criou o Neutralizador de Mutantes""}]},{""nome"":""3"",""poder"":[{""texto"":""Reflexos Aguçados""},{""texto"":""Tática e Estratégia""},{""texto"":""Treinamento de Combate""}],""fraqueza"":[{""texto"":""Veterano do Vietnã""},{""texto"":""Limitações Humanas""}]},{""nome"":""4"",""poder"":[{""texto"":""Instinto de Sobrevivência""},{""texto"":""Resiliência Física e Mental""},{""texto"":""Perícia em Campo""}],""fraqueza"":[{""texto"":""Fama que Atrapalha""},{""texto"":""Responsabilidade que Pesa""}]}],""descricao"":""INT 13 ligeiramente acima do pico humano — o poder mutante de invenção eleva também sua cognição técnica. A capacidade de criar qualquer dispositivo grau 6 é de categoria Ômega. A tag -2 do Neutralizador reflete culpa real: a arma que criou foi usada contra mutantes. Próteses da própria criação.\n---"",""iniciativa"":0}",true,,2026-04-09 01:20:42.164471+00,2026-07-13 16:50:57.438563+00,https://static.wikia.nocookie.net/marveldatabase/images/2/24/Forge_%28Earth-161%29_from_X-Men_Forever_Vol_2_10_001.jpg/revision/latest/scale-to-width-down/600?cb=20091101022350
c7e6382f-9fbf-4b1f-bca0-d3b5e274ed5d,,Stacy X,Stacy X,x-men,medio,"{""tags"":[{""texto"":""Feromonas""},{""texto"":""Camuflagem de Pele""},{""texto"":""Subestimada Pelos Heróis""},{""texto"":""Presença Sexual Dominante""},{""texto"":""Tática e Estratégia""},{""texto"":""Treinamento de Combate""},{""texto"":""Perdeu os Poderes no M-Day""},{""texto"":""Limitações Humanas""},{""texto"":""Instinto de Sobrevivência""},{""texto"":""Resiliência Física e Mental""},{""texto"":""Perícia em Campo""},{""texto"":""Fama que Atrapalha""},{""texto"":""Responsabilidade que Pesa""},{""texto"":""Membro dos X-Men""},{""texto"":""Mutante Experiente""}],""stats"":{""aura"":9,""corpo"":5,""mente"":6,""força"":4,""vontade"":6,""destreza"":7,""espírito"":7,""influência"":8,""inteligência"":5},""temas"":[{""nome"":""Feromônios"",""poder"":[{""texto"":""Feromonas""}],""fraqueza"":[]},{""nome"":""Trabalhadora do Sexo"",""poder"":[{""texto"":""Camuflagem de Pele""}],""fraqueza"":[{""texto"":""Subestimada Pelos Heróis""}]},{""nome"":""3"",""poder"":[{""texto"":""Presença Sexual Dominante""},{""texto"":""Tática e Estratégia""},{""texto"":""Treinamento de Combate""}],""fraqueza"":[{""texto"":""Perdeu os Poderes no M-Day""},{""texto"":""Limitações Humanas""}]},{""nome"":""4"",""poder"":[{""texto"":""Instinto de Sobrevivência""},{""texto"":""Resiliência Física e Mental""},{""texto"":""Perícia em Campo""}],""fraqueza"":[{""texto"":""Fama que Atrapalha""},{""texto"":""Responsabilidade que Pesa""}]}],""descricao"":""INF 8 e AUR 9 — feromonas com presença dominante. Os feromonas grau 4 ao toque e a camuflagem grau 3 fazem dela adversária versátil. A presença estratégica (grau 3) — usa a sexualidade como ferramenta tática deliberada. Perdeu os poderes no M-Day (-2). Ex-X-Man recrutada por Wolverine.\n---"",""iniciativa"":0}",true,,2026-04-09 01:20:42.164471+00,2026-07-13 16:50:57.438563+00,https://static.wikia.nocookie.net/marveldatabase/images/d/da/Miranda_Leevald_%28Earth-1610%29_from_Ultimate_Comics_X_Men_Vol_1_10_001.jpg/revision/latest/scale-to-width-down/600?cb=20170109021321
c895f0ae-3159-4387-a538-fa8e618dec2f,,Rockslide,Santo Vaccaro,novatos,medio,"{""tags"":[{""texto"":""Corpo de Rocha Silicosa""},{""texto"":""Força Colossal""},{""texto"":""Desmontagem e Remontagem Telecinética""},{""texto"":""Cabeça como Projétil""},{""texto"":""Sem Sistema Nervoso Convencional""},{""texto"":""Personalidade Descontraída que Subestima o Risco""},{""texto"":""Culpa e Arrependimento""},{""texto"":""Limitações Humanas""},{""texto"":""Instinto de Sobrevivência""},{""texto"":""Resiliência Física e Mental""},{""texto"":""Perícia em Campo""},{""texto"":""Fama que Atrapalha""},{""texto"":""Responsabilidade que Pesa""},{""texto"":""Força Bruta""},{""texto"":""Humor""},{""texto"":""Aluno do Instituto""},{""texto"":""Membro dos Novos Mutantes""},{""texto"":""Mutante Experiente""},{""texto"":""Treinamento de Combate""}],""stats"":{""aura"":6,""corpo"":15,""mente"":6,""força"":13,""vontade"":7,""destreza"":5,""espírito"":7,""influência"":6,""inteligência"":5},""temas"":[{""nome"":""Corpo de Rocha"",""poder"":[{""texto"":""Corpo de Rocha Silicosa""},{""texto"":""Força Colossal""}],""fraqueza"":[]},{""nome"":""Comediante da Equipe"",""poder"":[{""texto"":""Desmontagem e Remontagem Telecinética""}],""fraqueza"":[]},{""nome"":""3"",""poder"":[{""texto"":""Cabeça como Projétil""},{""texto"":""Sem Sistema Nervoso Convencional""},{""texto"":""Personalidade Descontraída que Subestima o Risco""}],""fraqueza"":[{""texto"":""Culpa e Arrependimento""},{""texto"":""Limitações Humanas""}]},{""nome"":""4"",""poder"":[{""texto"":""Instinto de Sobrevivência""},{""texto"":""Resiliência Física e Mental""},{""texto"":""Perícia em Campo""}],""fraqueza"":[{""texto"":""Fama que Atrapalha""},{""texto"":""Responsabilidade que Pesa""}]}],""descricao"":""STR 13 e BOD 15 — entre os mais fortes dos estudantes. O corpo de rocha grau 5 é invulnerável a dano físico convencional. A desmontagem grau 4 — pode separar partes do corpo e recontrolá-las telecineticamente. A iniciativa baixa (5) reflete o peso da forma. Personalidade surpreendentemente leve e humorística.\n---"",""iniciativa"":0}",true,,2026-04-09 01:20:42.164471+00,2026-07-13 16:50:57.438563+00,https://static.wikia.nocookie.net/marveldatabase/images/3/3d/Santo_Vaccarro_%28Earth-295%29_from_Uncanny_X-Men_Vol_5_7_001.png/revision/latest/scale-to-width-down/600?cb=20190826233938
ca8cdc38-875c-4c82-bd12-b658f2c92774,,Toad,Mortimer Toynbee,irmandade,baixo,"{""tags"":[{""texto"":""Salto Sobrehumano""},{""texto"":""Língua Preênsil Longa""},{""texto"":""Autoestima Destruída""},{""texto"":""Subserviência a Figuras de Autoridade""},{""texto"":""Secreção Pegajosa""},{""texto"":""Subserviente""},{""texto"":""Membro da Irmandade de Mutantes""},{""texto"":""Mutante de Nível Baixo""}],""stats"":{""aura"":4,""corpo"":5,""mente"":5,""força"":5,""vontade"":5,""destreza"":8,""espírito"":5,""influência"":3,""inteligência"":6},""temas"":[{""nome"":""Sapo Mutante"",""poder"":[{""texto"":""Salto Sobrehumano""},{""texto"":""Língua Preênsil Longa""}],""fraqueza"":[{""texto"":""Autoestima Destruída""},{""texto"":""Subserviência a Figuras de Autoridade""}]},{""nome"":""Lacaio Leal"",""poder"":[{""texto"":""Secreção Pegajosa""}],""fraqueza"":[{""texto"":""Subserviente""}]}],""descricao"":""DEX 8 e STR/BOD 5 no pico humano para os físicos. O salto grau 4 é claramente sobrehumano. As tags negativas (-3 e -2) refletem décadas de abuso — de humanos e do próprio Magneto. Fisicamente capaz, psicologicamente quebrado. Perigoso apenas em grupo ou com contexto favorável.\n---"",""iniciativa"":0}",true,,2026-04-09 01:20:42.164471+00,2026-07-13 16:50:57.438563+00,https://static.wikia.nocookie.net/marveldatabase/images/9/94/Mortimer_Toynbee_%28Earth-12%29_from_Exiles_Vol_1_14_0001.jpg/revision/latest?cb=20191231012014
cb3df073-b310-476a-adb6-c6a2b42883d3,,Rachel Summers,Fênix / Marvel Girl,x-men,extremo,"{""tags"":[{""texto"":""Anfitrião da Força Fênix""},{""texto"":""Rastreadora de Mutantes""},{""texto"":""Telepatia Ômega""},{""texto"":""Telecinesia Devastadora""},{""texto"":""Rastreadora Mutante Implacável""},{""texto"":""Determinação Inabalável""},{""texto"":""Trauma de Escrava do Futuro""},{""texto"":""Laço Familiar com Cable""},{""texto"":""Poder Instável sob Estresse""},{""texto"":""Isolamento por Ser do Futuro""},{""texto"":""Habilidade de Luta""},{""texto"":""Reflexos Aguçados""},{""texto"":""Trauma do Futuro Distópico""},{""texto"":""Marcada como Hound""},{""texto"":""Rastreadora do Futuro""},{""texto"":""Trauma de Escrava""},{""texto"":""Membro dos X-Men""},{""texto"":""Mutante de Niveau Ômega ou Equivalente""},{""texto"":""Décadas de Experiência de Combate""},{""texto"":""Mestre Tático""},{""texto"":""Vontade Indomável""},{""texto"":""Rede de Contatos e Aliados""},{""texto"":""Ameaça Nível Global""},{""texto"":""Treinamento de Combate""},{""texto"":""Instinto de Sobrevivência""}],""stats"":{""aura"":11,""corpo"":5,""mente"":12,""força"":5,""vontade"":9,""destreza"":6,""espírito"":11,""influência"":8,""inteligência"":9},""temas"":[{""nome"":""Fênix do Amanhã"",""poder"":[{""texto"":""Anfitrião da Força Fênix""},{""texto"":""Rastreadora de Mutantes""}],""fraqueza"":[]},{""nome"":""Telepatia e Telecinese do Futuro"",""poder"":[{""texto"":""Telepatia Ômega""},{""texto"":""Telecinesia Devastadora""}],""fraqueza"":[]},{""nome"":""Hound Arrependida"",""poder"":[{""texto"":""Rastreadora Mutante Implacável""},{""texto"":""Determinação Inabalável""}],""fraqueza"":[{""texto"":""Trauma de Escrava do Futuro""}]},{""nome"":""Asurak"",""poder"":[{""texto"":""Laço Familiar com Cable""}],""fraqueza"":[{""texto"":""Poder Instável sob Estresse""},{""texto"":""Isolamento por Ser do Futuro""}]},{""nome"":""5"",""poder"":[{""texto"":""Habilidade de Luta""},{""texto"":""Reflexos Aguçados""}],""fraqueza"":[{""texto"":""Trauma do Futuro Distópico""},{""texto"":""Marcada como Hound""}]}],""descricao"":""MEN 12 no teto. AUR 11 e ESP 11 refletem conexão cósmica via Fênix. O trauma grau -3 é debilitante — flashbacks de ser escravizada como caçadora de mutantes. A tag hound (-2) é o condicionamento que pode ser reativado por estressores específicos. Filha de Scott e Jean de linha temporal alternativa.\n---"",""iniciativa"":0}",true,,2026-04-09 01:20:42.164471+00,2026-07-13 16:50:57.438563+00,https://static.wikia.nocookie.net/marveldatabase/images/e/ed/Rachel_Summers_%28Earth-904%29_from_What_If...%3F_Vol_1_12_0001.jpg/revision/latest?cb=20110829034720
cbdf9b56-606a-4613-8340-da9890dc892c,,Red Lotus,Red Lotus,x-men,medio,"{""tags"":[{""texto"":""Artes Marciais de Elite""},{""texto"":""Humano no Pico da Perfeição""},{""texto"":""Passado Criminoso""},{""texto"":""Ex-Agente Chinês""},{""texto"":""Tática e Estratégia""},{""texto"":""Treinamento de Combate""},{""texto"":""Sem Poderes Mutantes""},{""texto"":""Limitações Humanas""},{""texto"":""Instinto de Sobrevivência""},{""texto"":""Resiliência Física e Mental""},{""texto"":""Perícia em Campo""},{""texto"":""Fama que Atrapalha""},{""texto"":""Responsabilidade que Pesa""},{""texto"":""Membro dos X-Men""},{""texto"":""Mutante Experiente""}],""stats"":{""aura"":6,""corpo"":6,""mente"":6,""força"":5,""vontade"":7,""destreza"":10,""espírito"":6,""influência"":6,""inteligência"":6},""temas"":[{""nome"":""Lâminas Psíquicas"",""poder"":[{""texto"":""Artes Marciais de Elite""}],""fraqueza"":[]},{""nome"":""Ninja Chinês"",""poder"":[{""texto"":""Humano no Pico da Perfeição""}],""fraqueza"":[{""texto"":""Passado Criminoso""}]},{""nome"":""3"",""poder"":[{""texto"":""Ex-Agente Chinês""},{""texto"":""Tática e Estratégia""},{""texto"":""Treinamento de Combate""}],""fraqueza"":[{""texto"":""Sem Poderes Mutantes""},{""texto"":""Limitações Humanas""}]},{""nome"":""4"",""poder"":[{""texto"":""Instinto de Sobrevivência""},{""texto"":""Resiliência Física e Mental""},{""texto"":""Perícia em Campo""}],""fraqueza"":[{""texto"":""Fama que Atrapalha""},{""texto"":""Responsabilidade que Pesa""}]}],""descricao"":""DEX 10 no pico absoluto humano e STR/BOD no limite — reflete treinamento de décadas. Iniciativa 9 de combatente de elite. As artes marciais grau 5 representam o máximo possível sem mutação. A ausência de poderes mutantes (-2) é vulnerabilidade real contra oponentes sobrehumanos. Ex-agente do governo chinês, aliado dos X-Men.\n---"",""iniciativa"":0}",true,,2026-04-09 01:20:42.164471+00,2026-07-13 16:50:57.438563+00,https://static.wikia.nocookie.net/marveldatabase/images/d/de/Paul_Hark_%28Earth-13122%29_from_LEGO_Marvel_Avengers_Code_Red.jpg/revision/latest/scale-to-width-down/600?cb=20231127185230
cd33d88a-0ab4-4658-bf70-52bc5a685593,,Rede (Network),Network,x-men,medio,"{""tags"":[{""grau"":5,""texto"":""Transmissão Telepática em Massa""},{""grau"":4,""texto"":""Leitura de Pensamentos como Rede Social""},{""grau"":3,""texto"":""Irreverência e Fofoca""},{""grau"":2,""texto"":""Maturidade em Crescimento""},{""grau"":3,""texto"":""Pode Invadir a Privacidade Alheia""}],""stats"":{""aura"":8,""corpo"":4,""mente"":9,""força"":3,""vontade"":7,""destreza"":5,""espírito"":7,""influência"":8,""inteligência"":8},""temas"":[{""nome"":""Rede Telepática"",""poder"":[{""grau"":5,""texto"":""Transmissão Telepática em Massa""},{""grau"":4,""texto"":""Leitura de Pensamentos como Rede Social""}],""fraqueza"":[]},{""nome"":""Fofoca Digital"",""poder"":[{""grau"":3,""texto"":""Irreverência e Fofoca""}],""fraqueza"":[{""grau"":2,""texto"":""Maturidade em Crescimento""},{""grau"":3,""texto"":""Pode Invadir a Privacidade Alheia""}]}],""descricao"":""Rede é uma telepata iniciante com um talento especial para transmitir pensamentos a grandes grupos – como se estivesse a fazer um post para todos verem. A sua irreverência e amor por fofocas tornam‑na ocasionalmente irritante, mas a sua lealdade e maturidade crescente fazem dela uma elo vital na equipa."",""iniciativa"":23}",true,,2026-07-12 18:05:40.319941+00,2026-07-12 18:05:40.319941+00,
ce77d95d-7b22-4c29-b09c-7cb69a7c33ec,,Stinger,Stinger,vilao,baixo,"{""tags"":[{""texto"":""Projéteis Bioelétricos""},{""texto"":""Conflitos Internos""},{""texto"":""Personagem Menor""},{""texto"":""Habilidade de Luta""},{""texto"":""Determinação Inabalável""},{""texto"":""Impulsividade""},{""texto"":""Dificuldade de Confiar nos Outros""},{""texto"":""Conhecido no Submundo Mutante""},{""texto"":""Mutante de Nível Baixo""}],""stats"":{""aura"":4,""corpo"":4,""mente"":4,""força"":3,""vontade"":4,""destreza"":7,""espírito"":4,""influência"":4,""inteligência"":4},""temas"":[{""nome"":""Ferrão"",""poder"":[{""texto"":""Projéteis Bioelétricos""}],""fraqueza"":[{""texto"":""Conflitos Internos""}]},{""nome"":""2"",""poder"":[{""texto"":""Personagem Menor""},{""texto"":""Habilidade de Luta""},{""texto"":""Determinação Inabalável""}],""fraqueza"":[{""texto"":""Impulsividade""},{""texto"":""Dificuldade de Confiar nos Outros""}]}],""descricao"":""DEX 7 próxima ao teto humano. Os ferrões bioelétricos grau 2 são modestos. Vilã de segunda linha da Aliança do Mal. Morreu em combate — curto histórico.\n---"",""iniciativa"":0}",true,,2026-04-09 01:20:42.164471+00,2026-07-13 16:50:57.438563+00,https://static.wikia.nocookie.net/marveldatabase/images/a/a4/Cassandra_Lang_%28Earth-982%29_from_A-Next_Vol_1_1_001.jpg/revision/latest/scale-to-width-down/600?cb=20220717050504
d4862490-ee9c-4355-9aef-24aa362176c3,,Flubber,Flubber,x-men,baixo,"{""tags"":[{""grau"":4,""texto"":""Massa Gelatinosa e Elástica""},{""grau"":3,""texto"":""Maleabilidade Extrema""},{""grau"":3,""texto"":""Espreme-se por Qualquer Fresta""},{""grau"":4,""texto"":""Entusiasmo Contagiante""},{""grau"":2,""texto"":""Não Tem Um Osso Mau (literalmente)""},{""grau"":2,""texto"":""Aluno do Instituto Xavier""},{""grau"":3,""texto"":""Desastre Desajeitado""},{""grau"":3,""texto"":""Alvo Fácil e Frágil""},{""grau"":2,""texto"":""Leva Pouco a Sério""}],""stats"":{""aura"":6,""corpo"":5,""mente"":4,""força"":3,""vontade"":6,""destreza"":4,""espírito"":7,""influência"":6,""inteligência"":4},""temas"":[{""nome"":""Geleia Viva"",""poder"":[{""grau"":4,""texto"":""Massa Gelatinosa e Elástica""},{""grau"":3,""texto"":""Maleabilidade Extrema""},{""grau"":3,""texto"":""Espreme-se por Qualquer Fresta""}],""fraqueza"":[]},{""nome"":""Alma Boba"",""poder"":[{""grau"":4,""texto"":""Entusiasmo Contagiante""},{""grau"":2,""texto"":""Não Tem Um Osso Mau (literalmente)""},{""grau"":2,""texto"":""Aluno do Instituto Xavier""}],""fraqueza"":[]},{""nome"":""Trapalhão"",""poder"":[],""fraqueza"":[{""grau"":3,""texto"":""Desastre Desajeitado""},{""grau"":3,""texto"":""Alvo Fácil e Frágil""},{""grau"":2,""texto"":""Leva Pouco a Sério""}]}],""descricao"":""Flubber é uma massa gelatinosa e elástica que lembra a famosa criatura de cinema – bobo, desajeitado e sempre a rir de si mesmo. A sua forma permite‑lhe espremer‑se por qualquer fresta, mas também o torna um alvo fácil. O seu entusiasmo é tão contagiante que até os inimigos mais sérios hesitam em magoá‑lo."",""iniciativa"":16}",true,,2026-07-12 18:05:40.319941+00,2026-07-12 19:52:11.358358+00,
d9ef7571-f8ec-4acb-82b9-02e5c647472a,,Sauron,Karl Lykos,vilao,alto,"{""tags"":[{""texto"":""Transformação em Pterossauro Humanóide""},{""texto"":""Drenagem de Energia Vital""},{""texto"":""Voo""},{""texto"":""Hipocrisia Ambiental""},{""texto"":""Reflexos Aguçados""},{""texto"":""Tática e Estratégia""},{""texto"":""Treinamento de Combate""},{""texto"":""Necessita Drenar Energia para se Manter na Forma""},{""texto"":""Karl Lykos (médico) tenta resistir à forma""},{""texto"":""Instinto de Sobrevivência""},{""texto"":""Resiliência Física e Mental""},{""texto"":""Perícia em Campo""},{""texto"":""Fama que Atrapalha""},{""texto"":""Responsabilidade que Pesa""},{""texto"":""Pterossauro""},{""texto"":""Doutor""},{""texto"":""Hipocrisia""},{""texto"":""Conhecido no Submundo Mutante""},{""texto"":""Mutante de Elite""},{""texto"":""Veterano de Combate""},{""texto"":""Resistência Mental Treinada""}],""stats"":{""aura"":7,""corpo"":8,""mente"":6,""força"":9,""vontade"":6,""destreza"":7,""espírito"":6,""influência"":5,""inteligência"":6},""temas"":[{""nome"":""Pterossauro"",""poder"":[{""texto"":""Transformação em Pterossauro Humanóide""},{""texto"":""Drenagem de Energia Vital""}],""fraqueza"":[]},{""nome"":""Doutor Sáurio"",""poder"":[{""texto"":""Voo""}],""fraqueza"":[{""texto"":""Hipocrisia Ambiental""}]},{""nome"":""3"",""poder"":[{""texto"":""Reflexos Aguçados""},{""texto"":""Tática e Estratégia""},{""texto"":""Treinamento de Combate""}],""fraqueza"":[{""texto"":""Necessita Drenar Energia para se Manter na Forma""},{""texto"":""Karl Lykos (médico) tenta resistir à forma""}]},{""nome"":""4"",""poder"":[{""texto"":""Instinto de Sobrevivência""},{""texto"":""Resiliência Física e Mental""},{""texto"":""Perícia em Campo""}],""fraqueza"":[{""texto"":""Fama que Atrapalha""},{""texto"":""Responsabilidade que Pesa""}]}],""descricao"":""STR 9 e BOD 8 sobrehumanos em forma de Sauron. A drenagem de energia vital grau 4 é devastadora e alimenta a transformação. A dependência de drenagem (-3) é o problema central: precisa drenar constantemente. O conflito interno de Karl Lykos (-2) — o médico resiste à forma monstruosa, criando hesitação em momentos críticos.\n---"",""iniciativa"":0}",true,,2026-04-09 01:20:42.164471+00,2026-07-13 16:50:57.438563+00,https://static.wikia.nocookie.net/marveldatabase/images/f/f7/Karl_Lykos_%28Earth-138%29_from_Spider-Punk_Arms_Race_Vol_1_1_001.jpg/revision/latest/scale-to-width-down/600?cb=20240229095448
dbe5b860-eab4-4456-8a43-f02c8523ef2d,,Lockheed,Lockheed,x-men,medio,"{""tags"":[{""texto"":""Fogo Violeta Anti-Mágico""},{""texto"":""Voo""},{""texto"":""Inteligência Elevadíssima Deliberadamente Escondida""},{""texto"":""Parceiro Leal de Kitty Pryde""},{""texto"":""Ex-Agente Duplo da SWORD""},{""texto"":""Parece Animal de Estimação""},{""texto"":""Culpa e Arrependimento""},{""texto"":""Limitações Humanas""},{""texto"":""Instinto de Sobrevivência""},{""texto"":""Resiliência Física e Mental""},{""texto"":""Perícia em Campo""},{""texto"":""Fama que Atrapalha""},{""texto"":""Responsabilidade que Pesa""},{""texto"":""Membro dos X-Men""},{""texto"":""Mutante Experiente""},{""texto"":""Treinamento de Combate""}],""stats"":{""aura"":8,""corpo"":6,""mente"":7,""força"":5,""vontade"":8,""destreza"":9,""espírito"":8,""influência"":5,""inteligência"":8},""temas"":[{""nome"":""Dragão Pequeno"",""poder"":[{""texto"":""Fogo Violeta Anti-Mágico""},{""texto"":""Voo""}],""fraqueza"":[]},{""nome"":""Companheiro Fiel"",""poder"":[{""texto"":""Inteligência Elevadíssima Deliberadamente Escondida""}],""fraqueza"":[]},{""nome"":""3"",""poder"":[{""texto"":""Parceiro Leal de Kitty Pryde""},{""texto"":""Ex-Agente Duplo da SWORD""},{""texto"":""Parece Animal de Estimação""}],""fraqueza"":[{""texto"":""Culpa e Arrependimento""},{""texto"":""Limitações Humanas""}]},{""nome"":""4"",""poder"":[{""texto"":""Instinto de Sobrevivência""},{""texto"":""Resiliência Física e Mental""},{""texto"":""Perícia em Campo""}],""fraqueza"":[{""texto"":""Fama que Atrapalha""},{""texto"":""Responsabilidade que Pesa""}]}],""descricao"":""INT 8 — não é instinto animal, é inteligência real que ele esconde. O fogo violeta grau 4 com propriedades anti-mágicas é raro e estrategicamente valioso. A tag de subestimação (grau 3) é vantagem tática: ninguém leva o dragão a sério até ser tarde. Trabalhou secretamente como agente da SWORD sem o conhecimento de Kitty.\n---"",""iniciativa"":0}",true,,2026-04-09 01:20:42.164471+00,2026-07-13 16:50:57.438563+00,https://static.wikia.nocookie.net/marveldatabase/images/c/c2/Lockheed_%28Earth-161%29_from_X-Men_Forever_Vol_2_1_0001.jpg/revision/latest/scale-to-width-down/600?cb=20090808174722
dcbad312-ac42-4994-8086-b16838ba4c82,,Wild Child,Kyle Gibney,vilao,medio,"{""tags"":[{""texto"":""Fator de Cura Acelerado""},{""texto"":""Instinto Animal Domina""},{""texto"":""Garras e Dentes Afiados""},{""texto"":""Sentidos Lupinos""},{""texto"":""Ex-Parceiro de Sabretooth""},{""texto"":""Treinamento de Combate""},{""texto"":""Instabilidade Mental Severa""},{""texto"":""Limitações Humanas""},{""texto"":""Instinto de Sobrevivência""},{""texto"":""Resiliência Física e Mental""},{""texto"":""Perícia em Campo""},{""texto"":""Fama que Atrapalha""},{""texto"":""Responsabilidade que Pesa""},{""texto"":""Conhecido no Submundo Mutante""},{""texto"":""Mutante Experiente""}],""stats"":{""aura"":5,""corpo"":7,""mente"":4,""força"":6,""vontade"":5,""destreza"":9,""espírito"":5,""influência"":3,""inteligência"":4},""temas"":[{""nome"":""Feral"",""poder"":[{""texto"":""Fator de Cura Acelerado""}],""fraqueza"":[{""texto"":""Instinto Animal Domina""}]},{""nome"":""Weapon X"",""poder"":[{""texto"":""Garras e Dentes Afiados""}],""fraqueza"":[]},{""nome"":""3"",""poder"":[{""texto"":""Sentidos Lupinos""},{""texto"":""Ex-Parceiro de Sabretooth""},{""texto"":""Treinamento de Combate""}],""fraqueza"":[{""texto"":""Instabilidade Mental Severa""},{""texto"":""Limitações Humanas""}]},{""nome"":""4"",""poder"":[{""texto"":""Instinto de Sobrevivência""},{""texto"":""Resiliência Física e Mental""},{""texto"":""Perícia em Campo""}],""fraqueza"":[{""texto"":""Fama que Atrapalha""},{""texto"":""Responsabilidade que Pesa""}]}],""descricao"":""DEX 9 e BOD 7 sobrehumanos. O fator de cura grau 4 e os sentidos lupinos grau 4 — produto do Programa Arma X. A instabilidade mental (-4) é o elemento mais perigoso: pode perder o controle e atacar aliados. INT 4 e MEN 4 bem abaixo da média — a sanidade é frágil.\n---"",""iniciativa"":0}",true,,2026-04-09 01:20:42.164471+00,2026-07-13 16:50:57.438563+00,https://static.wikia.nocookie.net/marveldatabase/images/6/67/Kyle_Gibney_%28Earth-295%29_from_X-Men_of_Apocalypse_Alpha_Vol_1_1_001.jpg/revision/latest/scale-to-width-down/600?cb=20251101223819
dd81ee1c-8aed-4e14-a140-ba8648d8eeed,,Scrambler,Scrambler,vilao,medio,"{""tags"":[{""texto"":""Interferência em Sistemas Elétricos e Biológicos""},{""texto"":""Desativa Poderes Mutantes ao Toque""},{""texto"":""Habilidade de Luta""},{""texto"":""Determinação Inabalável""},{""texto"":""Fisicamente Fraco""},{""texto"":""Dificuldade de Confiar nos Outros""},{""texto"":""Reflexos Aguçados""},{""texto"":""Tática e Estratégia""},{""texto"":""Treinamento de Combate""},{""texto"":""Culpa e Arrependimento""},{""texto"":""Limitações Humanas""},{""texto"":""Instinto de Sobrevivência""},{""texto"":""Resiliência Física e Mental""},{""texto"":""Perícia em Campo""},{""texto"":""Fama que Atrapalha""},{""texto"":""Responsabilidade que Pesa""},{""texto"":""Conhecido no Submundo Mutante""},{""texto"":""Mutante Experiente""}],""stats"":{""aura"":4,""corpo"":4,""mente"":5,""força"":3,""vontade"":4,""destreza"":4,""espírito"":4,""influência"":4,""inteligência"":4},""temas"":[{""nome"":""Scramble de Poderes"",""poder"":[{""texto"":""Interferência em Sistemas Elétricos e Biológicos""}],""fraqueza"":[]},{""nome"":""2"",""poder"":[{""texto"":""Desativa Poderes Mutantes ao Toque""},{""texto"":""Habilidade de Luta""},{""texto"":""Determinação Inabalável""}],""fraqueza"":[{""texto"":""Fisicamente Fraco""},{""texto"":""Dificuldade de Confiar nos Outros""}]},{""nome"":""3"",""poder"":[{""texto"":""Reflexos Aguçados""},{""texto"":""Tática e Estratégia""},{""texto"":""Treinamento de Combate""}],""fraqueza"":[{""texto"":""Culpa e Arrependimento""},{""texto"":""Limitações Humanas""}]},{""nome"":""4"",""poder"":[{""texto"":""Instinto de Sobrevivência""},{""texto"":""Resiliência Física e Mental""},{""texto"":""Perícia em Campo""}],""fraqueza"":[{""texto"":""Fama que Atrapalha""},{""texto"":""Responsabilidade que Pesa""}]}],""descricao"":""Atributos próximos ao baseline. A interferência grau 4 é estrategicamente valioso: desativa eletrônicos e também poderes mutantes ao toque. O problema (-2) é que precisa alcançar o alvo fisicamente — BOD 4 com DEX 4 significa que qualquer oponente móvel pode evitá-lo. Membro dos Marotos.\n---"",""iniciativa"":0}",true,,2026-04-09 01:20:42.164471+00,2026-07-13 16:50:57.438563+00,https://static.wikia.nocookie.net/marveldatabase/images/7/7f/Kim_Il_Sung_%28Earth-161%29_from_X-Men_Forever_2_Vol_1_6_001.jpg/revision/latest/scale-to-width-down/600?cb=20101011202351
dd93d4d7-b60c-44a0-a5c3-6a5176f7cefe,,Polaris,Lorna Dane,x-men,alto,"{""tags"":[{""texto"":""Magnetismo""},{""texto"":""Campo de Força Magnético Pessoal""},{""texto"":""Cabelo Verde""},{""texto"":""Instabilidade Mental""},{""texto"":""Identidade Incerta""},{""texto"":""Voo por Levitação Magnética""},{""texto"":""Tática e Estratégia""},{""texto"":""Treinamento de Combate""},{""texto"":""Identidade incerta como filha de Magneto""},{""texto"":""Limitações Humanas""},{""texto"":""Instinto de Sobrevivência""},{""texto"":""Resiliência Física e Mental""},{""texto"":""Perícia em Campo""},{""texto"":""Fama que Atrapalha""},{""texto"":""Responsabilidade que Pesa""},{""texto"":""Campo de Força Magnético""},{""texto"":""Voo Magnético""},{""texto"":""Membro dos X-Men""},{""texto"":""Mutante de Elite""},{""texto"":""Veterano de Combate""},{""texto"":""Reflexos Aguçados""},{""texto"":""Resistência Mental Treinada""}],""stats"":{""aura"":7,""corpo"":6,""mente"":7,""força"":5,""vontade"":7,""destreza"":6,""espírito"":7,""influência"":6,""inteligência"":7},""temas"":[{""nome"":""Magnetismo"",""poder"":[{""texto"":""Magnetismo""},{""texto"":""Campo de Força Magnético Pessoal""}],""fraqueza"":[]},{""nome"":""Filha de Magneto"",""poder"":[{""texto"":""Cabelo Verde""}],""fraqueza"":[{""texto"":""Instabilidade Mental""},{""texto"":""Identidade Incerta""}]},{""nome"":""3"",""poder"":[{""texto"":""Voo por Levitação Magnética""},{""texto"":""Tática e Estratégia""},{""texto"":""Treinamento de Combate""}],""fraqueza"":[{""texto"":""Identidade incerta como filha de Magneto""},{""texto"":""Limitações Humanas""}]},{""nome"":""4"",""poder"":[{""texto"":""Instinto de Sobrevivência""},{""texto"":""Resiliência Física e Mental""},{""texto"":""Perícia em Campo""}],""fraqueza"":[{""texto"":""Fama que Atrapalha""},{""texto"":""Responsabilidade que Pesa""}]}],""descricao"":""Poderes magnéticos comparáveis ao pai mas ainda em desenvolvimento (grau 4 vs grau 6 de Magneto). A instabilidade mental (-3) é histórica — foi possuída por entidades externas múltiplas vezes. A incerteza de identidade (-2) reflete décadas sem saber sua origem real. Líder ocasional do X-Factor.\n---"",""iniciativa"":0}",true,,2026-04-09 01:20:42.164471+00,2026-07-13 16:50:57.438563+00,https://static.wikia.nocookie.net/marveldatabase/images/6/6f/Lorna_Dane_%28Earth-161%29_from_X-Men_Forever_Vol_2_18_0001.jpg/revision/latest/scale-to-width-down/600?cb=20120118042957
de0797d9-aba1-411a-b3f1-da045f4d738e,,Lady Mastermind,Regan Wyngarde,vilao,medio,"{""tags"":[{""texto"":""Ilusões Realistas Indistinguíveis da Realidade""},{""texto"":""Filha de Jason Wyngarde""},{""texto"":""Arrogância""},{""texto"":""Manipuladora Narcisista""},{""texto"":""Tática e Estratégia""},{""texto"":""Treinamento de Combate""},{""texto"":""Vingança como Motivação Principal""},{""texto"":""Limitações Humanas""},{""texto"":""Instinto de Sobrevivência""},{""texto"":""Resiliência Física e Mental""},{""texto"":""Perícia em Campo""},{""texto"":""Fama que Atrapalha""},{""texto"":""Responsabilidade que Pesa""},{""texto"":""Conhecido no Submundo Mutante""},{""texto"":""Mutante Experiente""}],""stats"":{""aura"":8,""corpo"":4,""mente"":9,""força"":3,""vontade"":7,""destreza"":5,""espírito"":7,""influência"":9,""inteligência"":7},""temas"":[{""nome"":""Ilusões"",""poder"":[{""texto"":""Ilusões Realistas Indistinguíveis da Realidade""}],""fraqueza"":[]},{""nome"":""Mestre do Engano"",""poder"":[{""texto"":""Filha de Jason Wyngarde""}],""fraqueza"":[{""texto"":""Arrogância""}]},{""nome"":""3"",""poder"":[{""texto"":""Manipuladora Narcisista""},{""texto"":""Tática e Estratégia""},{""texto"":""Treinamento de Combate""}],""fraqueza"":[{""texto"":""Vingança como Motivação Principal""},{""texto"":""Limitações Humanas""}]},{""nome"":""4"",""poder"":[{""texto"":""Instinto de Sobrevivência""},{""texto"":""Resiliência Física e Mental""},{""texto"":""Perícia em Campo""}],""fraqueza"":[{""texto"":""Fama que Atrapalha""},{""texto"":""Responsabilidade que Pesa""}]}],""descricao"":""MEN 9 e INF 9 — ilusões grau 5 indistinguíveis da realidade. Narcisismo e vingança (-2 de previsibilidade) — pode ser manipulada provocando sua vaidade ou seu ódio pelos X-Men. Ex-membro da Irmandade. Busca vingança pela morte do pai Mastermind.\n---"",""iniciativa"":0}",true,,2026-04-09 01:20:42.164471+00,2026-07-13 16:50:57.438563+00,https://static.wikia.nocookie.net/marveldatabase/images/2/21/Regan_Wyngarde_%28Earth-11326%29_from_Age_of_X_Alpha_Vol_1_1_0001.jpg/revision/latest/scale-to-width-down/600?cb=20110220081711
de3c34be-2186-4e46-a0cb-b5fd440f4239,,Harpoon,Harpoon,vilao,medio,"{""tags"":[{""texto"":""Arpões Energéticos""},{""texto"":""Poder de Penetrar Qualquer Defesa""},{""texto"":""Assassino Calculista""},{""texto"":""Determinação Inabalável""},{""texto"":""Impulsividade""},{""texto"":""Dificuldade de Confiar nos Outros""},{""texto"":""Reflexos Aguçados""},{""texto"":""Tática e Estratégia""},{""texto"":""Treinamento de Combate""},{""texto"":""Culpa e Arrependimento""},{""texto"":""Limitações Humanas""},{""texto"":""Instinto de Sobrevivência""},{""texto"":""Resiliência Física e Mental""},{""texto"":""Perícia em Campo""},{""texto"":""Fama que Atrapalha""},{""texto"":""Responsabilidade que Pesa""},{""texto"":""Conhecido no Submundo Mutante""},{""texto"":""Mutante Experiente""}],""stats"":{""aura"":4,""corpo"":6,""mente"":4,""força"":6,""vontade"":5,""destreza"":6,""espírito"":4,""influência"":4,""inteligência"":4},""temas"":[{""nome"":""Arpões Energéticos"",""poder"":[{""texto"":""Arpões Energéticos""}],""fraqueza"":[]},{""nome"":""2"",""poder"":[{""texto"":""Poder de Penetrar Qualquer Defesa""},{""texto"":""Assassino Calculista""},{""texto"":""Determinação Inabalável""}],""fraqueza"":[{""texto"":""Impulsividade""},{""texto"":""Dificuldade de Confiar nos Outros""}]},{""nome"":""3"",""poder"":[{""texto"":""Reflexos Aguçados""},{""texto"":""Tática e Estratégia""},{""texto"":""Treinamento de Combate""}],""fraqueza"":[{""texto"":""Culpa e Arrependimento""},{""texto"":""Limitações Humanas""}]},{""nome"":""4"",""poder"":[{""texto"":""Instinto de Sobrevivência""},{""texto"":""Resiliência Física e Mental""},{""texto"":""Perícia em Campo""}],""fraqueza"":[{""texto"":""Fama que Atrapalha""},{""texto"":""Responsabilidade que Pesa""}]}],""descricao"":""Atributos no pico humano para combate físico. Os arpões energéticos grau 5 são excepcionalmente perigosos: ignoram invulnerabilidade física — podem ferir Colossus em forma de aço. A penetração de defesa grau 4 confirma o alcance. Participou do Massacre dos Morlocks, matando dezenas de Morlocks com defesas físicas.\n---"",""iniciativa"":0}",true,,2026-04-09 01:20:42.164471+00,2026-07-13 16:50:57.438563+00,https://static.wikia.nocookie.net/marveldatabase/images/1/1a/Kodiak_Noatak_%28Earth-161%29_from_X-Men_Forever_2_Vol_1_6_001.jpg/revision/latest/scale-to-width-down/600?cb=20101004004347
e11f2d8d-c1ff-4524-a8a8-5a31c1442a41,,Gambit,Remy LeBeau,x-men,alto,"{""tags"":[{""texto"":""Carga Cinética em Qualquer Objeto""},{""texto"":""Cartas de Baralho como Projéteis Explosivos""},{""texto"":""Mestre Ladrão e Acrobata de Elite""},{""texto"":""Cajado Bo""},{""texto"":""Passado na Guilda dos Ladrões""},{""texto"":""Charme Mutante""},{""texto"":""Lealdade Questionável""},{""texto"":""Casado com Rogue""},{""texto"":""Culpa pelo Massacre dos Morlocks""},{""texto"":""Poder Limitado por Sinister""},{""texto"":""Mestre Ladrão""},{""texto"":""Passado Obscuro na Guilda""},{""texto"":""Desconfiança dos Outros""},{""texto"":""Membro dos X-Men""},{""texto"":""Mutante de Elite""},{""texto"":""Veterano de Combate""},{""texto"":""Reflexos Aguçados""},{""texto"":""Resistência Mental Treinada""},{""texto"":""Passado Obscuro na Guilda dos Ladrões""},{""texto"":""Treinamento de Combate""}],""stats"":{""aura"":11,""corpo"":6,""mente"":7,""força"":5,""vontade"":8,""destreza"":11,""espírito"":8,""influência"":10,""inteligência"":7},""temas"":[{""nome"":""Carga Cinética"",""poder"":[{""texto"":""Carga Cinética em Qualquer Objeto""},{""texto"":""Cartas de Baralho como Projéteis Explosivos""}],""fraqueza"":[]},{""nome"":""Rei dos Ladrões"",""poder"":[{""texto"":""Mestre Ladrão e Acrobata de Elite""},{""texto"":""Cajado Bo""}],""fraqueza"":[{""texto"":""Passado na Guilda dos Ladrões""}]},{""nome"":""Charme Cajun"",""poder"":[{""texto"":""Charme Mutante""}],""fraqueza"":[{""texto"":""Lealdade Questionável""}]},{""nome"":""Busca por Redenção"",""poder"":[{""texto"":""Casado com Rogue""}],""fraqueza"":[{""texto"":""Culpa pelo Massacre dos Morlocks""},{""texto"":""Poder Limitado por Sinister""}]}],""descricao"":""DEX 11 e AUR 11 — mestre ladrão e sedutor com charme de nível quase mutante. Carga cinética grau 5 — qualquer objeto vira explosivo com timing perfeito. INF 10 com carisma desarmante que esconde o passado de escolhas moralmente duvidosas.\n---"",""iniciativa"":0}",true,,2026-04-09 01:20:42.164471+00,2026-07-13 16:50:57.438563+00,https://static.wikia.nocookie.net/marveldatabase/images/4/43/Remy_LeBeau_%28Earth-12%29_from_Exiles_Vol_1_14_0001.jpg/revision/latest?cb=20191231020037
e1514a22-e9c6-41da-9935-1cfa461a37b9,,Adepto (Magneto),Seguidor da Causa,irmandade,baixo,"{""tags"":[{""texto"":""Poder Mutante de Baixo Nível""},{""texto"":""Sem Julgamento Individual""},{""texto"":""Impulsividade""},{""texto"":""Fanatismo Ideológico""},{""texto"":""Conflitos Internos""},{""texto"":""Membro da Irmandade de Mutantes""},{""texto"":""Mutante de Nível Baixo""},{""texto"":""Disposto a Morrer pela Causa""},{""texto"":""Treinamento Básico de Combate""}],""stats"":{""aura"":5,""corpo"":5,""mente"":5,""força"":4,""vontade"":7,""destreza"":4,""espírito"":6,""influência"":4,""inteligência"":5},""temas"":[{""nome"":""Acolyte"",""poder"":[{""texto"":""Poder Mutante de Baixo Nível""}],""fraqueza"":[{""texto"":""Sem Julgamento Individual""},{""texto"":""Impulsividade""}]},{""nome"":""Fiel a Magneto"",""poder"":[{""texto"":""Fanatismo Ideológico""}],""fraqueza"":[{""texto"":""Conflitos Internos""}]}],""descricao"":""Humano acima da média em Vontade (7) — o fanatismo compensa a falta de poder. Os poderes mutantes são grau 2 — modestos, variados. As tags de fanatismo grau 3 representam disposição real para sacrifício. A tag -2 de julgamento cego é perigosa: executa ordens sem avaliar consequências.\n---"",""iniciativa"":0}",true,,2026-04-09 01:20:42.164471+00,2026-07-13 16:50:57.438563+00,https://static.wikia.nocookie.net/marveldatabase/images/5/55/Jelene_Anderson_%28Earth-77640%29_from_Marvel_Age_Annual_Vol_1_3_0001.jpg/revision/latest?cb=20190718045410
e1c5b686-851b-4c72-b6db-8dd81a6dc8a8,,Espinho,Quill,x-men,medio,"{""tags"":[{""grau"":5,""texto"":""Projeta Espinhos pelo Corpo""},{""grau"":4,""texto"":""Defesa e Ataque à Distância""},{""grau"":3,""texto"":""Manto Perfurante""},{""grau"":3,""texto"":""Cobertura de Supressão""},{""grau"":2,""texto"":""Lealdade Extrema aos Próximos""},{""grau"":2,""texto"":""Coragem Silenciosa""},{""grau"":3,""texto"":""Personalidade Eriçada e Reclusa""},{""grau"":2,""texto"":""Anseia por Aceitação""},{""grau"":2,""texto"":""Aluno do Instituto Xavier""},{""grau"":3,""texto"":""Fecha-se num Casulo de Desconfiança""},{""grau"":2,""texto"":""Dificuldade de Fazer Amigos""},{""grau"":2,""texto"":""Autoimagem Negativa""}],""stats"":{""aura"":6,""corpo"":5,""mente"":6,""força"":4,""vontade"":6,""destreza"":7,""espírito"":6,""influência"":4,""inteligência"":6},""temas"":[{""nome"":""Chuva de Espinhos"",""poder"":[{""grau"":5,""texto"":""Projeta Espinhos pelo Corpo""},{""grau"":4,""texto"":""Defesa e Ataque à Distância""},{""grau"":3,""texto"":""Manto Perfurante""},{""grau"":3,""texto"":""Cobertura de Supressão""}],""fraqueza"":[]},{""nome"":""Casca Defensiva"",""poder"":[{""grau"":2,""texto"":""Lealdade Extrema aos Próximos""},{""grau"":2,""texto"":""Coragem Silenciosa""}],""fraqueza"":[{""grau"":3,""texto"":""Personalidade Eriçada e Reclusa""}]},{""nome"":""Desejo de Pertencer"",""poder"":[{""grau"":2,""texto"":""Anseia por Aceitação""},{""grau"":2,""texto"":""Aluno do Instituto Xavier""}],""fraqueza"":[]},{""nome"":""Muros Internos"",""poder"":[],""fraqueza"":[{""grau"":3,""texto"":""Fecha-se num Casulo de Desconfiança""},{""grau"":2,""texto"":""Dificuldade de Fazer Amigos""},{""grau"":2,""texto"":""Autoimagem Negativa""}]}],""descricao"":""Espinho é um porco‑espinho humanoide, coberto de espinhos que pode disparar contra inimigos. A sua personalidade é igualmente defensiva – fecha‑se num casulo de desconfiança para se proteger, mas anseia por ser aceite. Aqueles que persistem em aproximar‑se descobrem um amigo ferozmente leal."",""iniciativa"":19}",true,,2026-07-12 18:05:40.319941+00,2026-07-12 19:52:11.358358+00,
e39728d4-bcbb-4efd-bed3-fef1b0dff327,,Timeshadow,Harriet,clube-do-inferno,baixo,"{""tags"":[{""texto"":""Ilusões Temporais de Si Mesma""},{""texto"":""Impulsividade""},{""texto"":""Perícia em Campo""},{""texto"":""Habilidade de Luta""},{""texto"":""Determinação Inabalável""},{""texto"":""Pouco Treinada""},{""texto"":""Dificuldade de Confiar nos Outros""},{""texto"":""Membro do Clube do Inferno""},{""texto"":""Mutante de Nível Baixo""}],""stats"":{""aura"":5,""corpo"":4,""mente"":6,""força"":3,""vontade"":5,""destreza"":5,""espírito"":5,""influência"":4,""inteligência"":5},""temas"":[{""nome"":""Sombra do Tempo"",""poder"":[{""texto"":""Ilusões Temporais de Si Mesma""}],""fraqueza"":[{""texto"":""Impulsividade""}]},{""nome"":""2"",""poder"":[{""texto"":""Perícia em Campo""},{""texto"":""Habilidade de Luta""},{""texto"":""Determinação Inabalável""}],""fraqueza"":[{""texto"":""Pouco Treinada""},{""texto"":""Dificuldade de Confiar nos Outros""}]}],""descricao"":""A criação de ilusões temporais grau 3 — confunde inimigos com versões passadas e futuras de si mesma. Atributos próximos ao humano médio. Pouco treinada (-2) — nunca atingiu o potencial real. Desapareceu após o M-Day.\n---"",""iniciativa"":0}",true,,2026-04-09 01:20:42.164471+00,2026-07-13 16:50:57.438563+00,https://static.wikia.nocookie.net/marveldatabase/images/6/6e/Timeshadow_%28Earth-616%29_from_Official_Handbook_of_the_Marvel_Universe_Update_%2789_Vol_1_1_0001.jpg/revision/latest/scale-to-width-down/600?cb=20240809161031
e42f24ba-831b-4fcf-99b9-8d9307f6680f,,Bevatron,Bevatron,clube-do-inferno,baixo,"{""tags"":[{""texto"":""Rajadas de Energia""},{""texto"":""Limitações Humanas""},{""texto"":""Personagem Menor""},{""texto"":""Habilidade de Luta""},{""texto"":""Determinação Inabalável""},{""texto"":""Impulsividade""},{""texto"":""Dificuldade de Confiar nos Outros""},{""texto"":""Membro do Clube do Inferno""},{""texto"":""Mutante de Nível Baixo""}],""stats"":{""aura"":4,""corpo"":5,""mente"":4,""força"":5,""vontade"":4,""destreza"":4,""espírito"":4,""influência"":3,""inteligência"":4},""temas"":[{""nome"":""Partículas"",""poder"":[{""texto"":""Rajadas de Energia""}],""fraqueza"":[{""texto"":""Limitações Humanas""}]},{""nome"":""2"",""poder"":[{""texto"":""Personagem Menor""},{""texto"":""Habilidade de Luta""},{""texto"":""Determinação Inabalável""}],""fraqueza"":[{""texto"":""Impulsividade""},{""texto"":""Dificuldade de Confiar nos Outros""}]}],""descricao"":""Atributos próximos ao humano médio. Rajadas de energia grau 2 — modestas. Membro menor dos Hellions, morreu em um dos primeiros confrontos. Pouco desenvolvimento antes da morte.\n---"",""iniciativa"":0}",true,,2026-04-09 01:20:42.164471+00,2026-07-13 16:50:57.438563+00,https://static.wikia.nocookie.net/marveldatabase/images/0/00/Fabian_Marechal-Julbin_%28Earth-12934%29_from_New_Mutants_Vol_3_48_0001.jpg/revision/latest/scale-to-width-down/600?cb=20140302235733
e44c01df-2ebc-42b9-9c3b-3c87d4eeacd5,,Bishop,Lucas Bishop,x-men,alto,"{""tags"":[{""texto"":""Absorção e Redirecionamento de Energia""},{""texto"":""Armamento Pesado""},{""texto"":""Treinamento XSE""},{""texto"":""Instinto de Sobrevivência""},{""texto"":""Obsessão com a Segurança""},{""texto"":""Pesa o Futuro que Perdeu""},{""texto"":""Marcado com \""M\"" no rosto""},{""texto"":""Resiliência Física e Mental""},{""texto"":""Perícia em Campo""},{""texto"":""Obsessão com Ameaças ao Futuro""},{""texto"":""Responsabilidade que Pesa""},{""texto"":""Marcado com M no Rosto""},{""texto"":""Obsessão com Ameaças""},{""texto"":""Membro dos X-Men""},{""texto"":""Mutante de Elite""},{""texto"":""Veterano de Combate""},{""texto"":""Reflexos Aguçados""},{""texto"":""Resistência Mental Treinada""},{""texto"":""Treinamento de Combate""},{""texto"":""Habilidade de Luta""}],""stats"":{""aura"":7,""corpo"":8,""mente"":7,""força"":8,""vontade"":8,""destreza"":7,""espírito"":8,""influência"":6,""inteligência"":7},""temas"":[{""nome"":""Absorção de Energia"",""poder"":[{""texto"":""Absorção e Redirecionamento de Energia""},{""texto"":""Armamento Pesado""}],""fraqueza"":[]},{""nome"":""XSE"",""poder"":[{""texto"":""Treinamento XSE""}],""fraqueza"":[]},{""nome"":""Sobrevivente do Futuro"",""poder"":[{""texto"":""Instinto de Sobrevivência""}],""fraqueza"":[{""texto"":""Obsessão com a Segurança""},{""texto"":""Pesa o Futuro que Perdeu""}]},{""nome"":""4"",""poder"":[{""texto"":""Marcado com \""M\"" no rosto""},{""texto"":""Resiliência Física e Mental""},{""texto"":""Perícia em Campo""}],""fraqueza"":[{""texto"":""Obsessão com Ameaças ao Futuro""},{""texto"":""Responsabilidade que Pesa""}]}],""descricao"":""STR 8 e BOD 8 sobrehumanos para um policial — refletem treinamento e fisicalidade do futuro. Absorção grau 5 inclui qualquer forma de energia. A marca \""M\"" no rosto é símbolo de campo de concentração de mutantes do futuro. A obsessão (-2) com Cable quase destruiu sua aliança com os X-Men.\n---"",""iniciativa"":0}",true,,2026-04-09 01:20:42.164471+00,2026-07-13 16:50:57.438563+00,https://static.wikia.nocookie.net/marveldatabase/images/e/ee/Lucas_Bishop_%28Earth-12%29_from_Exiles_Vol_1_1_0001.jpg/revision/latest?cb=20191228080600
e987bdcc-5281-4eb5-800a-f7ef0e941089,,Espectro,Specter,x-men,medio,"{""tags"":[{""grau"":5,""texto"":""Intangibilidade""},{""grau"":4,""texto"":""Invisibilidade Parcial""},{""grau"":4,""texto"":""Atravessa Paredes""},{""grau"":3,""texto"":""Evasão e Fuga""},{""grau"":3,""texto"":""Humor Seco e Sussurrado""},{""grau"":2,""texto"":""Observador Perspicaz""},{""grau"":3,""texto"":""Surge do Nada quando a Equipe Precisa""},{""grau"":2,""texto"":""Aluno do Instituto Xavier""},{""grau"":3,""texto"":""Foge dos Conflitos""},{""grau"":3,""texto"":""Introversão e Melancolia""},{""grau"":2,""texto"":""Distante e Esquivo""},{""grau"":2,""texto"":""Evita Compromisso""}],""stats"":{""aura"":7,""corpo"":4,""mente"":8,""força"":3,""vontade"":7,""destreza"":8,""espírito"":7,""influência"":4,""inteligência"":7},""temas"":[{""nome"":""Fantasma Andante"",""poder"":[{""grau"":5,""texto"":""Intangibilidade""},{""grau"":4,""texto"":""Invisibilidade Parcial""},{""grau"":4,""texto"":""Atravessa Paredes""},{""grau"":3,""texto"":""Evasão e Fuga""}],""fraqueza"":[]},{""nome"":""Alma Distante"",""poder"":[{""grau"":3,""texto"":""Humor Seco e Sussurrado""},{""grau"":2,""texto"":""Observador Perspicaz""}],""fraqueza"":[]},{""nome"":""Aparece na Hora Certa"",""poder"":[{""grau"":3,""texto"":""Surge do Nada quando a Equipe Precisa""},{""grau"":2,""texto"":""Aluno do Instituto Xavier""}],""fraqueza"":[]},{""nome"":""Fuga Constante"",""poder"":[],""fraqueza"":[{""grau"":3,""texto"":""Foge dos Conflitos""},{""grau"":3,""texto"":""Introversão e Melancolia""},{""grau"":2,""texto"":""Distante e Esquivo""},{""grau"":2,""texto"":""Evita Compromisso""}]}],""descricao"":""Espectro é um fantasma andante – pode tornar‑se intangível e quase invisível, deslizando através de paredes e fugindo de problemas. A sua personalidade é evasiva como o seu poder; parece sempre distante, com um humor seco que surge em sussurros. Foge dos conflitos, mas, quando a equipa precisa, aparece do nada."",""iniciativa"":21}",true,,2026-07-12 18:05:40.319941+00,2026-07-12 19:52:11.358358+00,
eb3a138b-19bc-4967-b5a2-0bcdc3004aee,,Wallflower,Laurie Collins,novatos,medio,"{""tags"":[{""texto"":""Feromonas Emocionais""},{""texto"":""Induz Medo, Amor, Agressão ou Calma em Grupos""},{""texto"":""Baixa Autoestima""},{""texto"":""Introversão Severa""},{""texto"":""Filha de Persuasão (vilã)""},{""texto"":""Treinamento de Combate""},{""texto"":""Poder Difícil de Controlar""},{""texto"":""Limitações Humanas""},{""texto"":""Instinto de Sobrevivência""},{""texto"":""Resiliência Física e Mental""},{""texto"":""Perícia em Campo""},{""texto"":""Fama que Atrapalha""},{""texto"":""Responsabilidade que Pesa""},{""texto"":""Feromônios""},{""texto"":""Invisível""},{""texto"":""Membro dos Novos Mutantes""},{""texto"":""Mutante Experiente""}],""stats"":{""aura"":11,""corpo"":4,""mente"":8,""força"":3,""vontade"":6,""destreza"":4,""espírito"":8,""influência"":10,""inteligência"":7},""temas"":[{""nome"":""Feromônios"",""poder"":[{""texto"":""Feromonas Emocionais""}],""fraqueza"":[]},{""nome"":""Invisível Social"",""poder"":[{""texto"":""Induz Medo, Amor, Agressão ou Calma em Grupos""}],""fraqueza"":[{""texto"":""Baixa Autoestima""}]},{""nome"":""3"",""poder"":[{""texto"":""Introversão Severa""},{""texto"":""Filha de Persuasão (vilã)""},{""texto"":""Treinamento de Combate""}],""fraqueza"":[{""texto"":""Poder Difícil de Controlar""},{""texto"":""Limitações Humanas""}]},{""nome"":""4"",""poder"":[{""texto"":""Instinto de Sobrevivência""},{""texto"":""Resiliência Física e Mental""},{""texto"":""Perícia em Campo""}],""fraqueza"":[{""texto"":""Fama que Atrapalha""},{""texto"":""Responsabilidade que Pesa""}]}],""descricao"":""INF 10 e AUR 11 — feromonas de nível Ômega. A dificuldade de controle (-3) é o problema central: o poder ativa passivamente e afeta todos ao redor, inclusive aliados. BOD 4 — fisicamente frágil. Foi assassinada por atirador dos Purificadores durante o conflito com Stryker. Amor com Bobby Drake (Ícone).\n---"",""iniciativa"":0}",true,,2026-04-09 01:20:42.164471+00,2026-07-13 16:50:57.438563+00,https://static.wikia.nocookie.net/marveldatabase/images/6/68/Laurie_Garrison_%28Earth-58163%29_from_New_X-Men_Vol_2_18_0001.jpg/revision/latest/scale-to-width-down/600?cb=20100526181243
f9374575-cec5-4154-957e-c0808d3a6757,,Kitty Pryde,Shadowcat / Sprite,x-men,medio,"{""tags"":[{""texto"":""Intangibilidade""},{""texto"":""Disrupção de Circuitos Eletrônicos ao Atravessar""},{""texto"":""Responsabilidade que Pesa""},{""texto"":""Conflitos Internos""},{""texto"":""Hacking e Programação de Elite""},{""texto"":""Ninjitsu""},{""texto"":""Lockheed""},{""texto"":""Liderança Natural""},{""texto"":""Fisicamente Frágil""},{""texto"":""Coração Partido por Colossus""},{""texto"":""Mestra em Hacking""},{""texto"":""Knight de Solano""},{""texto"":""Membro dos X-Men""},{""texto"":""Mutante Experiente""},{""texto"":""Treinamento de Combate""}],""stats"":{""aura"":8,""corpo"":4,""mente"":9,""força"":3,""vontade"":9,""destreza"":8,""espírito"":9,""influência"":7,""inteligência"":10},""temas"":[{""nome"":""Fase"",""poder"":[{""texto"":""Intangibilidade""},{""texto"":""Disrupção de Circuitos Eletrônicos ao Atravessar""}],""fraqueza"":[{""texto"":""Responsabilidade que Pesa""},{""texto"":""Conflitos Internos""}]},{""nome"":""Mestra da Tecnologia"",""poder"":[{""texto"":""Hacking e Programação de Elite""}],""fraqueza"":[]},{""nome"":""Knight de Solano"",""poder"":[{""texto"":""Ninjitsu""},{""texto"":""Lockheed""}],""fraqueza"":[]},{""nome"":""Coração Valente"",""poder"":[{""texto"":""Liderança Natural""}],""fraqueza"":[{""texto"":""Fisicamente Frágil""},{""texto"":""Coração Partido por Colossus""}]}],""descricao"":""INT 10 próxima ao pico humano. Intangibilidade grau 5 — atravessa qualquer matéria, incluindo campos de força. BOD 4 é fraqueza real (-3 quando tangível). A disrupção de eletrônicos ao atravessar pode ser tática ou problemática. Entrou no Instituto aos 13 anos como prodígio.\n---"",""iniciativa"":0}",true,,2026-04-09 01:20:42.164471+00,2026-07-13 16:50:57.438563+00,https://static.wikia.nocookie.net/marveldatabase/images/6/6d/Katherine_Pryde_%28Earth-12%29_from_Exiles_Vol_1_14_0001.jpg/revision/latest?cb=20191231020639
f994c50c-acd6-4a67-81ef-87523d33f00d,,Leech,Leech,morlock,medio,"{""tags"":[{""texto"":""Campo de Supressão de Mutantes""},{""texto"":""Inocência Infantil""},{""texto"":""Vulnerável sem o Campo""},{""texto"":""Presença Cativante Apesar da Aparência""},{""texto"":""Tática e Estratégia""},{""texto"":""Treinamento de Combate""},{""texto"":""Não Controla o Raio do Campo""},{""texto"":""Criança Frágil""},{""texto"":""Instinto de Sobrevivência""},{""texto"":""Resiliência Física e Mental""},{""texto"":""Perícia em Campo""},{""texto"":""Fama que Atrapalha""},{""texto"":""Responsabilidade que Pesa""},{""texto"":""Membro dos Morlocks""},{""texto"":""Mutante Experiente""}],""stats"":{""aura"":8,""corpo"":3,""mente"":7,""força"":2,""vontade"":6,""destreza"":4,""espírito"":7,""influência"":5,""inteligência"":5},""temas"":[{""nome"":""Campo de Neutralização"",""poder"":[{""texto"":""Campo de Supressão de Mutantes""}],""fraqueza"":[]},{""nome"":""Criança dos Túneis"",""poder"":[{""texto"":""Inocência Infantil""}],""fraqueza"":[{""texto"":""Vulnerável sem o Campo""}]},{""nome"":""3"",""poder"":[{""texto"":""Presença Cativante Apesar da Aparência""},{""texto"":""Tática e Estratégia""},{""texto"":""Treinamento de Combate""}],""fraqueza"":[{""texto"":""Não Controla o Raio do Campo""},{""texto"":""Criança Frágil""}]},{""nome"":""4"",""poder"":[{""texto"":""Instinto de Sobrevivência""},{""texto"":""Resiliência Física e Mental""},{""texto"":""Perícia em Campo""}],""fraqueza"":[{""texto"":""Fama que Atrapalha""},{""texto"":""Responsabilidade que Pesa""}]}],""descricao"":""O campo de supressão grau 6 é de categoria Ômega estratégica — desativa Wolverine, cega Ciclope, silencia Xavier. STR 2 e BOD 3 — criança completamente frágil. A tag -2 de controle do raio é perigosa: afeta aliados também. AUR 8 reflete presença estranhamente cativante apesar da aparência incomum.\n---"",""iniciativa"":0}",true,,2026-04-09 01:20:42.164471+00,2026-07-13 16:50:57.438563+00,https://static.wikia.nocookie.net/marveldatabase/images/4/45/Leech_%28Earth-295%29_from_X-Men_Age_of_Apocalypse_Vol_1_2_0001.png/revision/latest?cb=20120409065706
fad35a38-ec41-47a5-98a3-25ac35f311e8,,Loa,Loa,x-men,alto,"{""tags"":[{""grau"":5,""texto"":""Fase Através da Matéria Sólida""},{""grau"":5,""texto"":""Desintegração por Contato""},{""grau"":4,""texto"":""Rastros de Decomposição""},{""grau"":4,""texto"":""Intangibilidade Defensiva""},{""grau"":3,""texto"":""Ataque que Ignora Armaduras""},{""grau"":4,""texto"":""Espírito Livre e Praiano""},{""grau"":3,""texto"":""Misticismo das Ilhas""},{""grau"":3,""texto"":""Otimismo Contagiante""},{""grau"":3,""texto"":""Sobreviveu à Mordida de um Vampiro""},{""grau"":3,""texto"":""Amizade com Anole e Match""},{""grau"":2,""texto"":""Aluna do Instituto Xavier""},{""grau"":3,""texto"":""Poder Destrutivo que a Assusta""},{""grau"":3,""texto"":""Medo de Machucar Quem Ama""},{""grau"":2,""texto"":""Controle Instável sob Emoção""},{""grau"":2,""texto"":""Inexperiente em Batalha""},{""grau"":3,""texto"":""Curiosidade Insaciável""},{""grau"":2,""texto"":""Lealdade aos Corsários""},{""grau"":2,""texto"":""Distrai-se Facilmente""},{""grau"":2,""texto"":""Adolescente Impulsiva""}],""stats"":{""aura"":9,""corpo"":5,""mente"":7,""força"":4,""vontade"":8,""destreza"":8,""espírito"":9,""influência"":7,""inteligência"":7},""temas"":[{""nome"":""Toque Dissipador"",""poder"":[{""grau"":5,""texto"":""Fase Através da Matéria Sólida""},{""grau"":5,""texto"":""Desintegração por Contato""},{""grau"":4,""texto"":""Rastros de Decomposição""},{""grau"":4,""texto"":""Intangibilidade Defensiva""},{""grau"":3,""texto"":""Ataque que Ignora Armaduras""}],""fraqueza"":[]},{""nome"":""Alma Havaiana"",""poder"":[{""grau"":4,""texto"":""Espírito Livre e Praiano""},{""grau"":3,""texto"":""Misticismo das Ilhas""},{""grau"":3,""texto"":""Otimismo Contagiante""}],""fraqueza"":[]},{""nome"":""Provação Vampírica"",""poder"":[{""grau"":3,""texto"":""Sobreviveu à Mordida de um Vampiro""},{""grau"":3,""texto"":""Amizade com Anole e Match""},{""grau"":2,""texto"":""Aluna do Instituto Xavier""}],""fraqueza"":[]},{""nome"":""Deslize Perigoso"",""poder"":[],""fraqueza"":[{""grau"":3,""texto"":""Poder Destrutivo que a Assusta""},{""grau"":3,""texto"":""Medo de Machucar Quem Ama""},{""grau"":2,""texto"":""Controle Instável sob Emoção""},{""grau"":2,""texto"":""Inexperiente em Batalha""}]},{""nome"":""Sonhadora"",""poder"":[{""grau"":3,""texto"":""Curiosidade Insaciável""},{""grau"":2,""texto"":""Lealdade aos Corsários""}],""fraqueza"":[{""grau"":2,""texto"":""Distrai-se Facilmente""},{""grau"":2,""texto"":""Adolescente Impulsiva""}]}],""descricao"":""Loa, uma havaiana de alma livre, desliza através da matéria sólida como se fosse água – deixando para trás rastros de desintegração. A sua personalidade é um paradoxo: etérea e sonhadora como uma onda, mas capaz de uma destruição silenciosa que a assusta. Equilibra a leveza do mar com a escuridão do seu dom."",""iniciativa"":24}",true,,2026-07-12 18:05:40.319941+00,2026-07-12 19:52:11.358358+00,https://static.wikia.nocookie.net/marveldatabase/images/8/8e/Alani_Ryan_%28Earth-11069%29_from_Namor_The_First_Mutant_Vol_1_11_0001.jpg/revision/latest/scale-to-width-down/600?cb=20111216193151
fae563be-8fc1-4752-a139-741c39ebe070,,Vertigo,Vertigo,vilao,medio,"{""tags"":[{""texto"":""Indução de Vertigem e Desorientação Severa""},{""texto"":""Poder Funciona em Área""},{""texto"":""Reflexos Aguçados""},{""texto"":""Tática e Estratégia""},{""texto"":""Treinamento de Combate""},{""texto"":""Fisicamente Frágil""},{""texto"":""Limitações Humanas""},{""texto"":""Instinto de Sobrevivência""},{""texto"":""Resiliência Física e Mental""},{""texto"":""Perícia em Campo""},{""texto"":""Fama que Atrapalha""},{""texto"":""Responsabilidade que Pesa""},{""texto"":""Conhecido no Submundo Mutante""},{""texto"":""Mutante Experiente""},{""texto"":""Habilidade de Luta""}],""stats"":{""aura"":7,""corpo"":4,""mente"":6,""força"":3,""vontade"":5,""destreza"":5,""espírito"":6,""influência"":7,""inteligência"":5},""temas"":[{""nome"":""Desorientação"",""poder"":[{""texto"":""Indução de Vertigem e Desorientação Severa""}],""fraqueza"":[]},{""nome"":""Maroto"",""poder"":[{""texto"":""Poder Funciona em Área""}],""fraqueza"":[]},{""nome"":""3"",""poder"":[{""texto"":""Reflexos Aguçados""},{""texto"":""Tática e Estratégia""},{""texto"":""Treinamento de Combate""}],""fraqueza"":[{""texto"":""Fisicamente Frágil""},{""texto"":""Limitações Humanas""}]},{""nome"":""4"",""poder"":[{""texto"":""Instinto de Sobrevivência""},{""texto"":""Resiliência Física e Mental""},{""texto"":""Perícia em Campo""}],""fraqueza"":[{""texto"":""Fama que Atrapalha""},{""texto"":""Responsabilidade que Pesa""}]}],""descricao"":""INF 7 e AUR 7 — a vertigem se manifesta como presença quase magnética. A indução grau 4 é debilitante — torna oponentes incapazes de lutar. O efeito em área (grau 3) multiplica a eficácia. A fragilidade física (-2) — se alguém atravessar a névoa de desorientação e alcançá-la fisicamente, ela cai. Membra dos Marotos e da Irmandade.\n---"",""iniciativa"":0}",true,,2026-04-09 01:20:42.164471+00,2026-07-13 16:50:57.438563+00,https://static.wikia.nocookie.net/marveldatabase/images/9/94/Vertigo_%28Savage_Land_Mutate%29_%28Earth-616%29_from_X-Men_Annual_Vol_2_1_001.jpg/revision/latest/scale-to-width-down/600?cb=20210606191217
fe404a8b-6407-4ccb-8523-06b728598ca9,,Elixir,Josh Foley,novatos,alto,"{""tags"":[{""texto"":""Biomassa Dourada""},{""texto"":""Biomassa Negra""},{""texto"":""Potencial Nível Ômega não totalmente desbloqueado""},{""texto"":""Poder de Matar com Toque""},{""texto"":""Pele Dourada quando Ativo""},{""texto"":""Tática e Estratégia""},{""texto"":""Treinamento de Combate""},{""texto"":""Trauma do Uso Destrutivo""},{""texto"":""Limitações Humanas""},{""texto"":""Instinto de Sobrevivência""},{""texto"":""Resiliência Física e Mental""},{""texto"":""Perícia em Campo""},{""texto"":""Fama que Atrapalha""},{""texto"":""Responsabilidade que Pesa""},{""texto"":""Biocinese de Cura""},{""texto"":""Controle Molecular""},{""texto"":""Pode Matar com Toque""},{""texto"":""Médico dos Novos X-Men""},{""texto"":""Membro dos Novos Mutantes""},{""texto"":""Mutante de Elite""},{""texto"":""Veterano de Combate""},{""texto"":""Reflexos Aguçados""},{""texto"":""Resistência Mental Treinada""}],""stats"":{""aura"":9,""corpo"":5,""mente"":9,""força"":4,""vontade"":7,""destreza"":5,""espírito"":9,""influência"":6,""inteligência"":7},""temas"":[{""nome"":""Biocinese"",""poder"":[{""texto"":""Biomassa Dourada""},{""texto"":""Biomassa Negra""}],""fraqueza"":[]},{""nome"":""Cura ou Morte"",""poder"":[{""texto"":""Potencial Nível Ômega não totalmente desbloqueado""}],""fraqueza"":[{""texto"":""Poder de Matar com Toque""}]},{""nome"":""3"",""poder"":[{""texto"":""Pele Dourada quando Ativo""},{""texto"":""Tática e Estratégia""},{""texto"":""Treinamento de Combate""}],""fraqueza"":[{""texto"":""Trauma do Uso Destrutivo""},{""texto"":""Limitações Humanas""}]},{""nome"":""4"",""poder"":[{""texto"":""Instinto de Sobrevivência""},{""texto"":""Resiliência Física e Mental""},{""texto"":""Perícia em Campo""}],""fraqueza"":[{""texto"":""Fama que Atrapalha""},{""texto"":""Responsabilidade que Pesa""}]}],""descricao"":""A dualidade dourado/negro (ambos grau 5) é devastadora: cura milagres ou mata por dentro. AUR 9 e ESP 9 refletem profundidade moral — ele sente o peso de cada uso destrutivo. A culpa (-3) é profunda: usou o poder negro para salvar alguém e nunca se perdoou. Ex-membro dos Revers (anti-mutante).\n---"",""iniciativa"":0}",true,,2026-04-09 01:20:42.164471+00,2026-07-13 16:50:57.438563+00,https://static.wikia.nocookie.net/marveldatabase/images/4/40/New_Mutants_Vol_2_12_Textless.jpg/revision/latest/scale-to-width-down/600?cb=20070909125632